Component#1,Component#2,Smiles#1,Smiles#2,X#1 (molar fraction),"Tmelt, K"
tetramethylazanium;chloride,octadecanoic acid,C[N+](C)(C)C.[Cl-],CCCCCCCCCCCCCCCCCC(=O)O,0.899,574.55
tetramethylazanium;chloride,tetradecanoic acid,C[N+](C)(C)C.[Cl-],CCCCCCCCCCCCCC(=O)O,0.903,573.65
tetramethylazanium;chloride,dodecanoic acid,C[N+](C)(C)C.[Cl-],CCCCCCCCCCCC(=O)O,0.9,573.45
tetramethylazanium;chloride,decanoic acid,C[N+](C)(C)C.[Cl-],CCCCCCCCCC(=O)O,0.9,573.35
tetramethylazanium;chloride,hexadecanoic acid,C[N+](C)(C)C.[Cl-],CCCCCCCCCCCCCCCC(=O)O,0.897,573.25
2-hydroxyethyl(trimethyl)azanium;chloride,pentanedioic acid,C[N+](C)(C)CCO.[Cl-],O=C(O)CCCC(=O)O,0.949,571.62
2-hydroxyethyl(trimethyl)azanium;chloride,2-hydroxybutanedioic acid,C[N+](C)(C)CCO.[Cl-],O=C(O)CC(O)C(=O)O,0.95,570.35
2-hydroxyethyl(trimethyl)azanium;chloride,"ethane-1,2-diol",C[N+](C)(C)CCO.[Cl-],OCCO,0.949,568.722
2-hydroxyethyl(trimethyl)azanium;chloride,2-hydroxypropanoic acid,C[N+](C)(C)CCO.[Cl-],CC(O)C(=O)O,0.95,565.55
2-hydroxyethyl(trimethyl)azanium;chloride,2-hydroxyacetic acid,C[N+](C)(C)CCO.[Cl-],O=C(O)CO,0.946,563.15
2-hydroxyethyl(trimethyl)azanium;chloride,tetradecanoic acid,C[N+](C)(C)CCO.[Cl-],CCCCCCCCCCCCCC(=O)O,0.946,562.6
2-hydroxyethyl(trimethyl)azanium;chloride,"2,3-dihydroxybutanedioic acid",C[N+](C)(C)CCO.[Cl-],O=C(O)C(O)C(O)C(=O)O,0.947,557.95
2-hydroxyethyl(trimethyl)azanium;chloride,"2-hydroxypropane-1,2,3-tricarboxylic acid",C[N+](C)(C)CCO.[Cl-],O=C(O)CC(O)(CC(=O)O)C(=O)O,0.948,557.85
tetramethylazanium;chloride,hexadecan-1-ol,C[N+](C)(C)C.[Cl-],CCCCCCCCCCCCCCCCO,0.9,557.5
2-hydroxyethyl(trimethyl)azanium;chloride,2-acetyloxybenzoic acid,C[N+](C)(C)CCO.[Cl-],CC(=O)Oc1ccccc1C(=O)O,0.893,555.58
2-hydroxyethyl(trimethyl)azanium;chloride,2-hydroxybenzoic acid,C[N+](C)(C)CCO.[Cl-],O=C(O)c1ccccc1O,0.896,550.7
2-(trimethylazaniumyl)acetate,"(1R,4R)-1,7,7-trimethylbicyclo[2.2.1]heptan-2-one",C[N+](C)(C)CC(=O)[O-],CC1(C)[C@@H]2CC[C@@]1(C)C(=O)C2,0.898,549.5
2-hydroxyethyl(trimethyl)azanium;chloride,"propane-1,2,3-triol",C[N+](C)(C)CCO.[Cl-],OCC(O)CO,0.956,549.054
2-hydroxyethyl(trimethyl)azanium;chloride,dodecanoic acid,C[N+](C)(C)CCO.[Cl-],CCCCCCCCCCCC(=O)O,0.953,548.53
2-(trimethylazaniumyl)acetate,5-methyl-2-propan-2-ylphenol,C[N+](C)(C)CC(=O)[O-],Cc1ccc(C(C)C)c(O)c1,0.896,547.9
2-hydroxyethyl(trimethyl)azanium;chloride,"(3S,4S,5S,6R)-6-(hydroxymethyl)oxane-2,3,4,5-tetrol",C[N+](C)(C)CCO.[Cl-],OC[C@H]1OC(O)[C@@H](O)[C@@H](O)[C@@H]1O,0.9,547.75
2-hydroxyethyl(trimethyl)azanium;chloride,2-[4-(2-methylpropyl)phenyl]propanoic acid,C[N+](C)(C)CCO.[Cl-],CC(C)Cc1ccc(C(C)C(=O)O)cc1,0.895,547.62
tetramethylazanium;chloride,tetradecan-1-ol,C[N+](C)(C)C.[Cl-],CCCCCCCCCCCCCCO,0.9,547.5
2-hydroxyethyl(trimethyl)azanium;chloride,"(2S,3R)-butane-1,2,3,4-tetrol",C[N+](C)(C)CCO.[Cl-],OC[C@@H](O)[C@@H](O)CO,0.904,544.843
tetramethylazanium;chloride,decanoic acid,C[N+](C)(C)C.[Cl-],CCCCCCCCCC(=O)O,0.811,544.65
2-hydroxyethyl(trimethyl)azanium;chloride,decanoic acid,C[N+](C)(C)CCO.[Cl-],CCCCCCCCCC(=O)O,0.938,543.95
2-hydroxyethyl(trimethyl)azanium;chloride,octadecanoic acid,C[N+](C)(C)CCO.[Cl-],CCCCCCCCCCCCCCCCCC(=O)O,0.896,543.68
2-hydroxyethyl(trimethyl)azanium;chloride,2-(3-benzoylphenyl)propanoic acid,C[N+](C)(C)CCO.[Cl-],CC(C(=O)O)c1cccc(C(=O)c2ccccc2)c1,0.881,541.85
2-hydroxyethyl(trimethyl)azanium;chloride,octadecan-1-ol,C[N+](C)(C)CCO.[Cl-],CCCCCCCCCCCCCCCCCCO,0.939,541.55
2-(trimethylazaniumyl)acetate,"(1R,2S,5R)-5-methyl-2-propan-2-ylcyclohexan-1-ol",C[N+](C)(C)CC(=O)[O-],CC(C)[C@@H]1CC[C@@H](C)C[C@H]1O,0.897,541.5
2-hydroxyethyl(trimethyl)azanium;chloride,"(3R,4S,5R)-oxane-2,3,4,5-tetrol",C[N+](C)(C)CCO.[Cl-],OC1OC[C@@H](O)[C@H](O)[C@H]1O,0.896,540.15
2-hydroxyethyl(trimethyl)azanium;chloride,"(3R,4S,5S)-oxane-2,3,4,5-tetrol",C[N+](C)(C)CCO.[Cl-],OC1OC[C@H](O)[C@H](O)[C@H]1O,0.9,539.75
2-hydroxyethyl(trimethyl)azanium;chloride,pentanedioic acid,C[N+](C)(C)CCO.[Cl-],O=C(O)CCCC(=O)O,0.898,539.75
2-hydroxyethyl(trimethyl)azanium;chloride,hexadecanoic acid,C[N+](C)(C)CCO.[Cl-],CCCCCCCCCCCCCCCC(=O)O,0.895,539.52
2-hydroxyethyl(trimethyl)azanium;chloride,2-hydroxybutanedioic acid,C[N+](C)(C)CCO.[Cl-],O=C(O)CC(O)C(=O)O,0.9,538.38
tetramethylazanium;chloride,tetradecanoic acid,C[N+](C)(C)C.[Cl-],CCCCCCCCCCCCCC(=O)O,0.801,537.55
2-hydroxyethyl(trimethyl)azanium;chloride,N-(4-hydroxyphenyl)acetamide,C[N+](C)(C)CCO.[Cl-],CC(=O)Nc1ccc(O)cc1,0.893,537.55
2-hydroxyethyl(trimethyl)azanium;chloride,2-hydroxypropanoic acid,C[N+](C)(C)CCO.[Cl-],CC(O)C(=O)O,0.896,537.15
2-hydroxyethyl(trimethyl)azanium;chloride,tetradecanoic acid,C[N+](C)(C)CCO.[Cl-],CCCCCCCCCCCCCC(=O)O,0.9,536.7
2-hydroxyethyl(trimethyl)azanium;chloride,hexadecan-1-ol,C[N+](C)(C)CCO.[Cl-],CCCCCCCCCCCCCCCCO,0.944,536.25
2-(trimethylazaniumyl)acetate,2-hydroxybenzoic acid,C[N+](C)(C)CC(=O)[O-],O=C(O)c1ccccc1O,0.897,534.8
2-(trimethylazaniumyl)acetate,"(2R,3R,4R,5S)-hexane-1,2,3,4,5,6-hexol",C[N+](C)(C)CC(=O)[O-],OC[C@@H](O)[C@@H](O)[C@H](O)[C@@H](O)CO,0.899,534.7
2-hydroxyethyl(trimethyl)azanium;chloride,"ethane-1,2-diol",C[N+](C)(C)CCO.[Cl-],OCCO,0.901,533.04
2-hydroxyethyl(trimethyl)azanium;chloride,2-hydroxyacetic acid,C[N+](C)(C)CCO.[Cl-],O=C(O)CO,0.899,532.58
2-hydroxyethyl(trimethyl)azanium;chloride,"(2R,3R,4R,5S)-hexane-1,2,3,4,5,6-hexol",C[N+](C)(C)CCO.[Cl-],OC[C@@H](O)[C@@H](O)[C@H](O)[C@@H](O)CO,0.896,531.356
2-(trimethylazaniumyl)acetate,octadecan-1-ol,C[N+](C)(C)CC(=O)[O-],CCCCCCCCCCCCCCCCCCO,0.899,529.6
2-hydroxyethyl(trimethyl)azanium;chloride,"(1R,2S,5R)-5-methyl-2-propan-2-ylcyclohexan-1-ol",C[N+](C)(C)CCO.[Cl-],CC(C)[C@@H]1CC[C@@H](C)C[C@H]1O,0.9,529.3
2-(trimethylazaniumyl)acetate,"(2S,4R)-pentane-1,2,3,4,5-pentol",C[N+](C)(C)CC(=O)[O-],OC[C@@H](O)C(O)[C@@H](O)CO,0.75,528.63
2-hydroxyethyl(trimethyl)azanium;chloride,2-acetyloxybenzoic acid,C[N+](C)(C)CCO.[Cl-],CC(=O)Oc1ccccc1C(=O)O,0.8,527.48
tetramethylazanium;chloride,hexadecanoic acid,C[N+](C)(C)C.[Cl-],CCCCCCCCCCCCCCCC(=O)O,0.806,525.25
2-hydroxyethyl(trimethyl)azanium;chloride,"propane-1,2,3-triol",C[N+](C)(C)CCO.[Cl-],OCC(O)CO,0.906,522.703
2-(trimethylazaniumyl)acetate,urea,C[N+](C)(C)CC(=O)[O-],NC(N)=O,0.901,522.2
2-hydroxyethyl(trimethyl)azanium;chloride,decanoic acid,C[N+](C)(C)CCO.[Cl-],CCCCCCCCCC(=O)O,0.896,520.95
2-hydroxyethyl(trimethyl)azanium;chloride,tetradecan-1-ol,C[N+](C)(C)CCO.[Cl-],CCCCCCCCCCCCCCO,0.893,520.08
tetramethylazanium;chloride,dodecanoic acid,C[N+](C)(C)C.[Cl-],CCCCCCCCCCCC(=O)O,0.798,518.85
2-(trimethylazaniumyl)acetate,5-methyl-2-propan-2-ylphenol,C[N+](C)(C)CC(=O)[O-],Cc1ccc(C(C)C)c(O)c1,0.795,518.8
2-hydroxyethyl(trimethyl)azanium;chloride,5-methyl-2-propan-2-ylphenol,C[N+](C)(C)CCO.[Cl-],Cc1ccc(C(C)C)c(O)c1,0.9,518
2-hydroxyethyl(trimethyl)azanium;chloride,hexadecanoic acid,C[N+](C)(C)CCO.[Cl-],CCCCCCCCCCCCCCCC(=O)O,0.85,517.95
2-hydroxyethyl(trimethyl)azanium;chloride,"(1R,4R)-1,7,7-trimethylbicyclo[2.2.1]heptan-2-one",C[N+](C)(C)CCO.[Cl-],CC1(C)[C@@H]2CC[C@@]1(C)C(=O)C2,0.898,516.9
2-hydroxyethyl(trimethyl)azanium;chloride,"2,3-dihydroxybutanedioic acid",C[N+](C)(C)CCO.[Cl-],O=C(O)C(O)C(O)C(=O)O,0.9,514.45
2-hydroxyethyl(trimethyl)azanium;chloride,dodecanoic acid,C[N+](C)(C)CCO.[Cl-],CCCCCCCCCCCC(=O)O,0.877,513.35
2-hydroxyethyl(trimethyl)azanium;chloride,hexadecan-1-ol,C[N+](C)(C)CCO.[Cl-],CCCCCCCCCCCCCCCCO,0.898,513.25
2-hydroxyethyl(trimethyl)azanium;chloride,"2-hydroxypropane-1,2,3-tricarboxylic acid",C[N+](C)(C)CCO.[Cl-],O=C(O)CC(O)(CC(=O)O)C(=O)O,0.899,512.35
2-(trimethylazaniumyl)acetate,"(1R,4R)-1,7,7-trimethylbicyclo[2.2.1]heptan-2-one",C[N+](C)(C)CC(=O)[O-],CC1(C)[C@@H]2CC[C@@]1(C)C(=O)C2,0.799,512.2
2-hydroxyethyl(trimethyl)azanium;chloride,octadecan-1-ol,C[N+](C)(C)CCO.[Cl-],CCCCCCCCCCCCCCCCCCO,0.901,510.18
2-hydroxyethyl(trimethyl)azanium;chloride,octadecan-1-ol,C[N+](C)(C)CCO.[Cl-],CCCCCCCCCCCCCCCCCCO,0.888,508.55
2-(trimethylazaniumyl)acetate,"(2R,3R,4R,5S)-hexane-1,2,3,4,5,6-hexol",C[N+](C)(C)CC(=O)[O-],OC[C@@H](O)[C@@H](O)[C@H](O)[C@@H](O)CO,0.799,507.4
tetramethylazanium;chloride,tetradecan-1-ol,C[N+](C)(C)C.[Cl-],CCCCCCCCCCCCCCO,0.8,506.6
2-hydroxyethyl(trimethyl)azanium;chloride,dodecanoic acid,C[N+](C)(C)CCO.[Cl-],CCCCCCCCCCCC(=O)O,0.84,505.7
2-hydroxyethyl(trimethyl)azanium;chloride,2-hydroxybenzoic acid,C[N+](C)(C)CCO.[Cl-],O=C(O)c1ccccc1O,0.794,505.7
2-hydroxyethyl(trimethyl)azanium;chloride,2-hydroxybutanedioic acid,C[N+](C)(C)CCO.[Cl-],O=C(O)CC(O)C(=O)O,0.849,505.68
2-hydroxyethyl(trimethyl)azanium;chloride,2-hydroxyacetic acid,C[N+](C)(C)CCO.[Cl-],O=C(O)CO,0.848,504.58
2-hydroxyethyl(trimethyl)azanium;chloride,pentanedioic acid,C[N+](C)(C)CCO.[Cl-],O=C(O)CCCC(=O)O,0.85,504.28
2-hydroxyethyl(trimethyl)azanium;chloride,tetradecanoic acid,C[N+](C)(C)CCO.[Cl-],CCCCCCCCCCCCCC(=O)O,0.844,504.25
tetramethylazanium;chloride,tetradecanoic acid,C[N+](C)(C)C.[Cl-],CCCCCCCCCCCCCC(=O)O,0.696,503.85
ChCl,[N2222]Cl,C[N+](C)(C)CCO.[Cl-],CC[N+](CC)(CC)CC.[Cl-],0.498984122,503.03
2-hydroxyethyl(trimethyl)azanium;chloride,hexadecanoic acid,C[N+](C)(C)CCO.[Cl-],CCCCCCCCCCCCCCCC(=O)O,0.803,502.18
2-hydroxyethyl(trimethyl)azanium;chloride,2-hydroxypropanoic acid,C[N+](C)(C)CCO.[Cl-],CC(O)C(=O)O,0.847,501.55
2-hydroxyethyl(trimethyl)azanium;chloride,2-(3-benzoylphenyl)propanoic acid,C[N+](C)(C)CCO.[Cl-],CC(C(=O)O)c1cccc(C(=O)c2ccccc2)c1,0.789,500.92
2-hydroxyethyl(trimethyl)azanium;chloride,decanoic acid,C[N+](C)(C)CCO.[Cl-],CCCCCCCCCC(=O)O,0.85,499.8
[N1111]Cl,[NH4]Cl,C[N+](C)(C)C.[Cl-],[NH4+].[Cl-],0.39404567,499.46
2-hydroxyethyl(trimethyl)azanium;chloride,"propane-1,2,3-triol",C[N+](C)(C)CCO.[Cl-],OCC(O)CO,0.852,498.378
tetramethylazanium;chloride,decanoic acid,C[N+](C)(C)C.[Cl-],CCCCCCCCCC(=O)O,0.692,497.45
2-(trimethylazaniumyl)acetate,octadecan-1-ol,C[N+](C)(C)CC(=O)[O-],CCCCCCCCCCCCCCCCCCO,0.798,497.3
2-(trimethylazaniumyl)acetate,"(1R,2S,5R)-5-methyl-2-propan-2-ylcyclohexan-1-ol",C[N+](C)(C)CC(=O)[O-],CC(C)[C@@H]1CC[C@@H](C)C[C@H]1O,0.797,497.3
2-(trimethylazaniumyl)acetate,"(1R,2S,5R)-5-methyl-2-propan-2-ylcyclohexan-1-ol",C[N+](C)(C)CC(=O)[O-],CC(C)[C@@H]1CC[C@@H](C)C[C@H]1O,0.784,497.203
2-hydroxyethyl(trimethyl)azanium;chloride,"(3S,4S,5S,6R)-6-(hydroxymethyl)oxane-2,3,4,5-tetrol",C[N+](C)(C)CCO.[Cl-],OC[C@H]1OC(O)[C@@H](O)[C@@H](O)[C@@H]1O,0.798,496.65
2-hydroxyethyl(trimethyl)azanium;chloride,2-[4-(2-methylpropyl)phenyl]propanoic acid,C[N+](C)(C)CCO.[Cl-],CC(C)Cc1ccc(C(C)C(=O)O)cc1,0.797,495.92
2-hydroxyethyl(trimethyl)azanium;chloride,2-acetyloxybenzoic acid,C[N+](C)(C)CCO.[Cl-],CC(=O)Oc1ccccc1C(=O)O,0.696,495.55
2-hydroxyethyl(trimethyl)azanium;chloride,"ethane-1,2-diol",C[N+](C)(C)CCO.[Cl-],OCCO,0.849,495.374
tetraethylazanium;chloride,decanoic acid,CC[N+](CC)(CC)CC.[Cl-],CCCCCCCCCC(=O)O,0.902,495.25
2-hydroxyethyl(trimethyl)azanium;chloride,tetradecan-1-ol,C[N+](C)(C)CCO.[Cl-],CCCCCCCCCCCCCCO,0.835,494.78
2-hydroxyethyl(trimethyl)azanium;chloride,"(2S,3R)-butane-1,2,3,4-tetrol",C[N+](C)(C)CCO.[Cl-],OC[C@@H](O)[C@@H](O)CO,0.798,494.619
2-(trimethylazaniumyl)acetate,"(1R,4R)-1,7,7-trimethylbicyclo[2.2.1]heptan-2-one",C[N+](C)(C)CC(=O)[O-],CC1(C)[C@@H]2CC[C@@]1(C)C(=O)C2,0.698,494.3
2-hydroxyethyl(trimethyl)azanium;chloride,"(2R,3R,4R,5S)-hexane-1,2,3,4,5,6-hexol",C[N+](C)(C)CCO.[Cl-],OC[C@@H](O)[C@@H](O)[C@H](O)[C@@H](O)CO,0.813,494.28
2-hydroxyethyl(trimethyl)azanium;chloride,octadecanoic acid,C[N+](C)(C)CCO.[Cl-],CCCCCCCCCCCCCCCCCC(=O)O,0.787,493.68
tetraethylazanium;chloride,octadecanoic acid,CC[N+](CC)(CC)CC.[Cl-],CCCCCCCCCCCCCCCCCC(=O)O,0.911,493.55
tetraethylazanium;chloride,dodecanoic acid,CC[N+](CC)(CC)CC.[Cl-],CCCCCCCCCCCC(=O)O,0.893,493.45
2-hydroxyethyl(trimethyl)azanium;chloride,"(2S,4R)-pentane-1,2,3,4,5-pentol",C[N+](C)(C)CCO.[Cl-],OC[C@@H](O)C(O)[C@@H](O)CO,0.8,492.92
2-hydroxyethyl(trimethyl)azanium;chloride,"(3R,4S,5S)-oxane-2,3,4,5-tetrol",C[N+](C)(C)CCO.[Cl-],OC1OC[C@H](O)[C@H](O)[C@H]1O,0.801,492.65
2-(trimethylazaniumyl)acetate,urea,C[N+](C)(C)CC(=O)[O-],NC(N)=O,0.793,490.4
2-(trimethylazaniumyl)acetate,5-methyl-2-propan-2-ylphenol,C[N+](C)(C)CC(=O)[O-],Cc1ccc(C(C)C)c(O)c1,0.696,489.7
2-(trimethylazaniumyl)acetate,2-hydroxybenzoic acid,C[N+](C)(C)CC(=O)[O-],O=C(O)c1ccccc1O,0.796,488.8
tetraethylazanium;chloride,tetradecanoic acid,CC[N+](CC)(CC)CC.[Cl-],CCCCCCCCCCCCCC(=O)O,0.9,488.45
2-hydroxyethyl(trimethyl)azanium;chloride,hexadecan-1-ol,C[N+](C)(C)CCO.[Cl-],CCCCCCCCCCCCCCCCO,0.86,488.25
2-hydroxyethyl(trimethyl)azanium;chloride,"(3R,4S,5R)-oxane-2,3,4,5-tetrol",C[N+](C)(C)CCO.[Cl-],OC1OC[C@@H](O)[C@H](O)[C@H]1O,0.799,487.45
2-hydroxyethyl(trimethyl)azanium;chloride,"(2R,3R,4R,5S)-hexane-1,2,3,4,5,6-hexol",C[N+](C)(C)CCO.[Cl-],OC[C@@H](O)[C@@H](O)[C@H](O)[C@@H](O)CO,0.798,486.864
2-(trimethylazaniumyl)acetate,"(2R,3R,4R,5S)-hexane-1,2,3,4,5,6-hexol",C[N+](C)(C)CC(=O)[O-],OC[C@@H](O)[C@@H](O)[C@H](O)[C@@H](O)CO,0.698,484.6
2-hydroxyethyl(trimethyl)azanium;chloride,octadecanoic acid,C[N+](C)(C)CCO.[Cl-],CCCCCCCCCCCCCCCCCC(=O)O,0.746,483.82
2-hydroxyethyl(trimethyl)azanium;chloride,dodecanoic acid,C[N+](C)(C)CCO.[Cl-],CCCCCCCCCCCC(=O)O,0.792,483.78
tetraethylazanium;chloride,hexadecanoic acid,CC[N+](CC)(CC)CC.[Cl-],CCCCCCCCCCCCCCCC(=O)O,0.907,483.65
2-hydroxyethyl(trimethyl)azanium;chloride,tetradecan-1-ol,C[N+](C)(C)CCO.[Cl-],CCCCCCCCCCCCCCO,0.796,483.52
tetrapropylazanium;chloride,decanoic acid,CCC[N+](CCC)(CCC)CCC.[Cl-],CCCCCCCCCC(=O)O,0.9,483.45
2-(trimethylazaniumyl)acetate;hydrate,acetic acid,C[N+](C)(C)CC(=O)[O-].O,CC(=O)O,0.752,483.15
2-(trimethylazaniumyl)acetate;hydrate,propanoic acid,C[N+](C)(C)CC(=O)[O-].O,CCC(=O)O,0.751,482.249
2-(trimethylazaniumyl)acetate,"(2S,4R)-pentane-1,2,3,4,5-pentol",C[N+](C)(C)CC(=O)[O-],OC[C@@H](O)C(O)[C@@H](O)CO,0.65,482.18
2-hydroxyethyl(trimethyl)azanium;chloride,5-methyl-2-propan-2-ylphenol,C[N+](C)(C)CCO.[Cl-],Cc1ccc(C(C)C)c(O)c1,0.801,482
tetrapropylazanium;chloride,dodecanoic acid,CCC[N+](CCC)(CCC)CCC.[Cl-],CCCCCCCCCCCC(=O)O,0.908,481.25
2-hydroxyethyl(trimethyl)azanium;chloride,octadecan-1-ol,C[N+](C)(C)CCO.[Cl-],CCCCCCCCCCCCCCCCCCO,0.841,480.75
2-hydroxyethyl(trimethyl)azanium;chloride,"2-hydroxypropane-1,2,3-tricarboxylic acid",C[N+](C)(C)CCO.[Cl-],O=C(O)CC(O)(CC(=O)O)C(=O)O,0.849,478.98
ChCl,[N3333]Cl,C[N+](C)(C)CCO.[Cl-],CCC[N+](CCC)(CCC)CCC.[Cl-],0.530578149,478.57
tetramethylazanium;chloride,dodecanoic acid,C[N+](C)(C)C.[Cl-],CCCCCCCCCCCC(=O)O,0.701,478.45
2-hydroxyethyl(trimethyl)azanium;chloride,2-hydroxyacetic acid,C[N+](C)(C)CCO.[Cl-],O=C(O)CO,0.796,477.55
2-hydroxyethyl(trimethyl)azanium;chloride,"(2S,3R)-butane-1,2,3,4-tetrol",C[N+](C)(C)CCO.[Cl-],OC[C@@H](O)[C@@H](O)CO,0.748,477.354
2-hydroxyethyl(trimethyl)azanium;chloride,octadecan-1-ol,C[N+](C)(C)CCO.[Cl-],CCCCCCCCCCCCCCCCCCO,0.85,477.25
ChCl,"[NBz,1,1,1]Cl",C[N+](C)(C)CCO.[Cl-],C[N+](C)(C)CC1=CC=CC=C1.[Cl-],0.509831373,476.39
2-hydroxyethyl(trimethyl)azanium;chloride,tetradecanoic acid,C[N+](C)(C)CCO.[Cl-],CCCCCCCCCCCCCC(=O)O,0.792,475.83
2-hydroxyethyl(trimethyl)azanium;chloride,pentanedioic acid,C[N+](C)(C)CCO.[Cl-],O=C(O)CCCC(=O)O,0.799,475.42
2-hydroxyethyl(trimethyl)azanium;chloride,2-hydroxybutanedioic acid,C[N+](C)(C)CCO.[Cl-],O=C(O)CC(O)C(=O)O,0.799,474.48
tetramethylazanium;chloride,hexadecanoic acid,C[N+](C)(C)C.[Cl-],CCCCCCCCCCCCCCCC(=O)O,0.684,473.75
2-hydroxyethyl(trimethyl)azanium;chloride,hexadecanoic acid,C[N+](C)(C)CCO.[Cl-],CCCCCCCCCCCCCCCC(=O)O,0.75,473.58
2-hydroxyethyl(trimethyl)azanium;chloride,decanoic acid,C[N+](C)(C)CCO.[Cl-],CCCCCCCCCC(=O)O,0.786,473.55
2-hydroxyethyl(trimethyl)azanium;chloride,dodecanoic acid,C[N+](C)(C)CCO.[Cl-],CCCCCCCCCCCC(=O)O,0.748,473.4
tetrapropylazanium;chloride,tetradecanoic acid,CCC[N+](CCC)(CCC)CCC.[Cl-],CCCCCCCCCCCCCC(=O)O,0.9,473.35
sodium;dodecanoate,decanoic acid,CCCCCCCCCCCC(=O)[O-].[Na+],CCCCCCCCCC(=O)O,0.852,473.15
ChCl,[N1111]Cl,C[N+](C)(C)CCO.[Cl-],C[N+](C)(C)C.[Cl-],0.490443379,472.45
2-hydroxyethyl(trimethyl)azanium;chloride,"2,3-dihydroxybutanedioic acid",C[N+](C)(C)CCO.[Cl-],O=C(O)C(O)C(O)C(=O)O,0.849,471.75
ChCl,[NH4]Cl,C[N+](C)(C)CCO.[Cl-],[NH4+].[Cl-],0.502522637,471.65
2-(trimethylazaniumyl)acetate,"(1R,4R)-1,7,7-trimethylbicyclo[2.2.1]heptan-2-one",C[N+](C)(C)CC(=O)[O-],CC1(C)[C@@H]2CC[C@@]1(C)C(=O)C2,0.598,468.4
2-hydroxyethyl(trimethyl)azanium;chloride,"(1R,4R)-1,7,7-trimethylbicyclo[2.2.1]heptan-2-one",C[N+](C)(C)CCO.[Cl-],CC1(C)[C@@H]2CC[C@@]1(C)C(=O)C2,0.802,468.3
tetraethylazanium;chloride,dodecanoic acid,CC[N+](CC)(CC)CC.[Cl-],CCCCCCCCCCCC(=O)O,0.798,467.35
tetraethylazanium;chloride,dodecanoic acid,CC[N+](CC)(CC)CC.[Cl-],CCCCCCCCCCCC(=O)O,0.7988,467.2153
2-hydroxyethyl(trimethyl)azanium;chloride,2-hydroxypropanoic acid,C[N+](C)(C)CCO.[Cl-],CC(O)C(=O)O,0.799,466.85
2-hydroxyethyl(trimethyl)azanium;chloride,2-(3-benzoylphenyl)propanoic acid,C[N+](C)(C)CCO.[Cl-],CC(C(=O)O)c1cccc(C(=O)c2ccccc2)c1,0.695,465.85
tetraethylazanium;chloride,decanoic acid,CC[N+](CC)(CC)CC.[Cl-],CCCCCCCCCC(=O)O,0.808,465.25
2-hydroxyethyl(trimethyl)azanium;chloride,"ethane-1,2-diol",C[N+](C)(C)CCO.[Cl-],OCCO,0.803,463.656
tetraethylazanium;chloride,tetradecanoic acid,CC[N+](CC)(CC)CC.[Cl-],CCCCCCCCCCCCCC(=O)O,0.802,463.65
2-hydroxyethyl(trimethyl)azanium;chloride,"(1R,2S,5R)-5-methyl-2-propan-2-ylcyclohexan-1-ol",C[N+](C)(C)CCO.[Cl-],CC(C)[C@@H]1CC[C@@H](C)C[C@H]1O,0.8,463.4
tetramethylazanium;chloride,decanoic acid,C[N+](C)(C)C.[Cl-],CCCCCCCCCC(=O)O,0.601,463.25
[N1111]Cl,"[NBz,1,1,1]Cl",C[N+](C)(C)C.[Cl-],C[N+](C)(C)CC1=CC=CC=C1.[Cl-],0.292738012,461.9
2-hydroxyethyl(trimethyl)azanium;chloride,N-(4-hydroxyphenyl)acetamide,C[N+](C)(C)CCO.[Cl-],CC(=O)Nc1ccc(O)cc1,0.794,461.02
2-hydroxyethyl(trimethyl)azanium;chloride,octadecan-1-ol,C[N+](C)(C)CCO.[Cl-],CCCCCCCCCCCCCCCCCCO,0.798,460.15
2-(trimethylazaniumyl)acetate,octadecan-1-ol,C[N+](C)(C)CC(=O)[O-],CCCCCCCCCCCCCCCCCCO,0.698,459.7
tetramethylazanium;chloride,tetradecanoic acid,C[N+](C)(C)C.[Cl-],CCCCCCCCCCCCCC(=O)O,0.603,459.25
tetrapropylazanium;chloride,octadecanoic acid,CCC[N+](CCC)(CCC)CCC.[Cl-],CCCCCCCCCCCCCCCCCC(=O)O,0.778,458.55
2-(trimethylazaniumyl)acetate,urea,C[N+](C)(C)CC(=O)[O-],NC(N)=O,0.688,458.2
2-hydroxyethyl(trimethyl)azanium;chloride,"propane-1,2,3-triol",C[N+](C)(C)CCO.[Cl-],OCC(O)CO,0.794,457.838
2-hydroxyethyl(trimethyl)azanium;chloride,octadecan-1-ol,C[N+](C)(C)CCO.[Cl-],CCCCCCCCCCCCCCCCCCO,0.8,456.75
2-hydroxyethyl(trimethyl)azanium;chloride,tetradecan-1-ol,C[N+](C)(C)CCO.[Cl-],CCCCCCCCCCCCCCO,0.742,456.58
2-hydroxyethyl(trimethyl)azanium;chloride,"(2S,3R)-butane-1,2,3,4-tetrol",C[N+](C)(C)CCO.[Cl-],OC[C@@H](O)[C@@H](O)CO,0.7,453.812
tetramethylazanium;chloride,hexadecan-1-ol,C[N+](C)(C)C.[Cl-],CCCCCCCCCCCCCCCCO,0.8,453.8
2-hydroxyethyl(trimethyl)azanium;chloride,decanoic acid,C[N+](C)(C)CCO.[Cl-],CCCCCCCCCC(=O)O,0.761,453.7
sodium;dodecanoate,decanoic acid,CCCCCCCCCCCC(=O)[O-].[Na+],CCCCCCCCCC(=O)O,0.701,453.33
2-(trimethylazaniumyl)acetate,"(2R,3R,4R,5S)-hexane-1,2,3,4,5,6-hexol",C[N+](C)(C)CC(=O)[O-],OC[C@@H](O)[C@@H](O)[C@H](O)[C@@H](O)CO,0.597,453.3
dulcitol,inositol,C([C@H]([C@@H]([C@@H]([C@H](CO)O)O)O)O)O,C1(C(C(C(C(C1O)O)O)O)O)O,0.702288613,452.69
2-hydroxyethyl(trimethyl)azanium;chloride,hexadecan-1-ol,C[N+](C)(C)CCO.[Cl-],CCCCCCCCCCCCCCCCO,0.808,451.65
2-hydroxyethyl(trimethyl)azanium;chloride,tetradecanoic acid,C[N+](C)(C)CCO.[Cl-],CCCCCCCCCCCCCC(=O)O,0.745,451.33
tetramethylazanium;chloride,tetradecan-1-ol,C[N+](C)(C)C.[Cl-],CCCCCCCCCCCCCCO,0.686,450.9
2-hydroxyethyl(trimethyl)azanium;chloride,2-acetyloxybenzoic acid,C[N+](C)(C)CCO.[Cl-],CC(=O)Oc1ccccc1C(=O)O,0.595,450.78
2-hydroxyethyl(trimethyl)azanium;chloride,2-hydroxyacetic acid,C[N+](C)(C)CCO.[Cl-],O=C(O)CO,0.75,450.18
2-(trimethylazaniumyl)acetate,"(1R,4R)-1,7,7-trimethylbicyclo[2.2.1]heptan-2-one",C[N+](C)(C)CC(=O)[O-],CC1(C)[C@@H]2CC[C@@]1(C)C(=O)C2,0.499,448.6
dichlorotin,2-hydroxyethyl(trimethyl)azanium;chloride,[Cl-].[Sn+2].[Cl-],C[N+](C)(C)CCO.[Cl-],0.5091,448.5682
ChCl,[C3C1pip]Cl,C[N+](C)(C)CCO.[Cl-],CCC[N+]1(CCCCC1)C.[Cl-],0.490201653,447.63
2-(trimethylazaniumyl)acetate,"(1R,2S,5R)-5-methyl-2-propan-2-ylcyclohexan-1-ol",C[N+](C)(C)CC(=O)[O-],CC(C)[C@@H]1CC[C@@H](C)C[C@H]1O,0.698,447.5
tetraethylazanium;chloride,octadecanoic acid,CC[N+](CC)(CC)CC.[Cl-],CCCCCCCCCCCCCCCCCC(=O)O,0.794,447.45
2-(trimethylazaniumyl)acetate,2-hydroxybenzoic acid,C[N+](C)(C)CC(=O)[O-],O=C(O)c1ccccc1O,0.698,444.6
2-hydroxyethyl(trimethyl)azanium;chloride,pentanedioic acid,C[N+](C)(C)CCO.[Cl-],O=C(O)CCCC(=O)O,0.75,444.45
tetrapropylazanium;chloride,decanoic acid,CCC[N+](CCC)(CCC)CCC.[Cl-],CCCCCCCCCC(=O)O,0.799,444.45
2-hydroxyethyl(trimethyl)azanium;chloride,dodecanoic acid,C[N+](C)(C)CCO.[Cl-],CCCCCCCCCCCC(=O)O,0.691,444.35
tetrapropylazanium;chloride,hexadecanoic acid,CCC[N+](CCC)(CCC)CCC.[Cl-],CCCCCCCCCCCCCCCC(=O)O,0.9,444.22
2-hydroxyethyl(trimethyl)azanium;chloride,octadecanoic acid,C[N+](C)(C)CCO.[Cl-],CCCCCCCCCCCCCCCCCC(=O)O,0.65,443.85
2-hydroxyethyl(trimethyl)azanium;chloride,tetradecan-1-ol,C[N+](C)(C)CCO.[Cl-],CCCCCCCCCCCCCCO,0.711,443.85
tetrapentylazanium;bromide,butanedioic acid,CCCCC[N+](CCCCC)(CCCCC)CCCCC.[Br-],O=C(O)CCC(=O)O,0.166,443.602
2-hydroxyethyl(trimethyl)azanium;chloride,hexadecanoic acid,C[N+](C)(C)CCO.[Cl-],CCCCCCCCCCCCCCCC(=O)O,0.673,443.48
tetrapropylazanium;chloride,dodecanoic acid,CCC[N+](CCC)(CCC)CCC.[Cl-],CCCCCCCCCCCC(=O)O,0.795,443.25
2-hydroxyethyl(trimethyl)azanium;chloride,2-[4-(2-methylpropyl)phenyl]propanoic acid,C[N+](C)(C)CCO.[Cl-],CC(C)Cc1ccc(C(C)C(=O)O)cc1,0.695,443.15
tetraethylazanium;chloride,hexadecanoic acid,CC[N+](CC)(CC)CC.[Cl-],CCCCCCCCCCCCCCCC(=O)O,0.905,443.053
2-(trimethylazaniumyl)acetate,octadecanoic acid,C[N+](C)(C)CC(=O)[O-],CCCCCCCCCCCCCCCCCC(=O)O,0.6,443
tetrapropylazanium;chloride,dodecanoic acid,CCC[N+](CCC)(CCC)CCC.[Cl-],CCCCCCCCCCCC(=O)O,0.7953,442.9953
2-hydroxyethyl(trimethyl)azanium;chloride,"(2S,3R)-butane-1,2,3,4-tetrol",C[N+](C)(C)CCO.[Cl-],OC[C@@H](O)[C@@H](O)CO,0.688,442.825
2-hydroxyethyl(trimethyl)azanium;chloride,2-hydroxybutanedioic acid,C[N+](C)(C)CCO.[Cl-],O=C(O)CC(O)C(=O)O,0.749,441.62
[N1111]Cl,[N2222]Cl,C[N+](C)(C)C.[Cl-],CC[N+](CC)(CC)CC.[Cl-],0.375150107,440.82
2-(trimethylazaniumyl)acetate;hydrate,propanoic acid,C[N+](C)(C)CC(=O)[O-].O,CCC(=O)O,0.504,439.846
tetrapropylazanium;chloride,tetradecanoic acid,CCC[N+](CCC)(CCC)CCC.[Cl-],CCCCCCCCCCCCCC(=O)O,0.8,439.35
2-hydroxyethyl(trimethyl)azanium;chloride,"(3R,4S,5R)-oxane-2,3,4,5-tetrol",C[N+](C)(C)CCO.[Cl-],OC1OC[C@@H](O)[C@H](O)[C@H]1O,0.699,439.22
2-hydroxyethyl(trimethyl)azanium;chloride,"(3S,4S,5S,6R)-6-(hydroxymethyl)oxane-2,3,4,5-tetrol",C[N+](C)(C)CCO.[Cl-],OC[C@H]1OC(O)[C@@H](O)[C@@H](O)[C@@H]1O,0.7,438.88
2-hydroxyethyl(trimethyl)azanium;chloride,2-hydroxybenzoic acid,C[N+](C)(C)CCO.[Cl-],O=C(O)c1ccccc1O,0.697,438.7
2-(trimethylazaniumyl)acetate;hydrate,"propane-1,2-diol",C[N+](C)(C)CC(=O)[O-].O,CC(O)CO,0.899,438.545
2-hydroxyethyl(trimethyl)azanium;chloride,hexadecanoic acid,C[N+](C)(C)CCO.[Cl-],CCCCCCCCCCCCCCCC(=O)O,0.652,438.48
ChCl,ChBr,C[N+](C)(C)CCO.[Cl-],C[N+](C)(C)CCO.[Br-],0.493428636,438.01
2-(trimethylazaniumyl)acetate;hydrate,"propane-1,2-diol",C[N+](C)(C)CC(=O)[O-].O,CC(O)CO,0.401,437.455
2-(trimethylazaniumyl)acetate;hydrate,"propane-1,2-diol",C[N+](C)(C)CC(=O)[O-].O,CC(O)CO,0.5,437.455
tetraethylazanium;chloride,dodecanoic acid,CC[N+](CC)(CC)CC.[Cl-],CCCCCCCCCCCC(=O)O,0.7023,436.3261
tetraethylazanium;chloride,dodecanoic acid,CC[N+](CC)(CC)CC.[Cl-],CCCCCCCCCCCC(=O)O,0.702,436.25
tetraethylazanium;chloride,decanoic acid,CC[N+](CC)(CC)CC.[Cl-],CCCCCCCCCC(=O)O,0.717,435.85
2-hydroxyethyl(trimethyl)azanium;chloride,"2,3-dihydroxybutanedioic acid",C[N+](C)(C)CCO.[Cl-],O=C(O)C(O)C(O)C(=O)O,0.801,435.52
2-(trimethylazaniumyl)acetate,urea,C[N+](C)(C)CC(=O)[O-],NC(N)=O,0.615,435.5
tetramethylazanium;chloride,octadecan-1-ol,C[N+](C)(C)C.[Cl-],CCCCCCCCCCCCCCCCCCO,0.702,435.4
2-(trimethylazaniumyl)acetate;hydrate,"propane-1,2-diol",C[N+](C)(C)CC(=O)[O-].O,CC(O)CO,0.799,435.273
mannitol,inositol,C([C@H]([C@H]([C@@H]([C@@H](CO)O)O)O)O)O,C1(C(C(C(C(C1O)O)O)O)O)O,0.810088794,434.91
2-hydroxyethyl(trimethyl)azanium;chloride,2-hydroxypropanoic acid,C[N+](C)(C)CCO.[Cl-],CC(O)C(=O)O,0.749,434.82
2-(trimethylazaniumyl)acetate;hydrate,"propane-1,2-diol",C[N+](C)(C)CC(=O)[O-].O,CC(O)CO,0.702,434.182
2-(trimethylazaniumyl)acetate;hydrate,acetic acid,C[N+](C)(C)CC(=O)[O-].O,CC(=O)O,0.5,434.012
2-hydroxyethyl(trimethyl)azanium;chloride,"ethane-1,2-diol",C[N+](C)(C)CCO.[Cl-],OCCO,0.747,433.921
2-(trimethylazaniumyl)acetate,"(2S,4R)-pentane-1,2,3,4,5-pentol",C[N+](C)(C)CC(=O)[O-],OC[C@@H](O)C(O)[C@@H](O)CO,0.55,433.79
2-hydroxyethyl(trimethyl)azanium;chloride,octadecanoic acid,C[N+](C)(C)CCO.[Cl-],CCCCCCCCCCCCCCCCCC(=O)O,0.596,433.78
tetraethylazanium;chloride,tetradecanoic acid,CC[N+](CC)(CC)CC.[Cl-],CCCCCCCCCCCCCC(=O)O,0.684,433.45
tetramethylazanium;chloride,dodecanoic acid,C[N+](C)(C)C.[Cl-],CCCCCCCCCCCC(=O)O,0.598,433.35
ChCl,[N1122OH2]Cl,C[N+](C)(C)CCO.[Cl-],C[N+](C)(CCO)CCO.[Cl-],0.517230321,432.57
2-(trimethylazaniumyl)acetate;hydrate,"propane-1,2-diol",C[N+](C)(C)CC(=O)[O-].O,CC(O)CO,0.6,432.545
2-(trimethylazaniumyl)acetate;hydrate,"propane-1,2,3-triol",C[N+](C)(C)CC(=O)[O-].O,OCC(O)CO,0.9,432.51
[N1111]Cl,paracetamol,C[N+](C)(C)C.[Cl-],CC(=O)NC1=CC=C(C=C1)O,0.179701596,431.82
2-hydroxyethyl(trimethyl)azanium;chloride,"2-hydroxypropane-1,2,3-tricarboxylic acid",C[N+](C)(C)CCO.[Cl-],O=C(O)CC(O)(CC(=O)O)C(=O)O,0.8,431.68
tetraethylazanium;chloride,decanoic acid,CC[N+](CC)(CC)CC.[Cl-],CCCCCCCCCC(=O)O,0.699,431
2-(trimethylazaniumyl)acetate,"(2R,3R,4R,5S)-hexane-1,2,3,4,5,6-hexol",C[N+](C)(C)CC(=O)[O-],OC[C@@H](O)[C@@H](O)[C@H](O)[C@@H](O)CO,0.498,430.1
2-hydroxyethyl(trimethyl)azanium;chloride,"(1R,4R)-1,7,7-trimethylbicyclo[2.2.1]heptan-2-one",C[N+](C)(C)CCO.[Cl-],CC1(C)[C@@H]2CC[C@@]1(C)C(=O)C2,0.1,429.6
2-hydroxyethyl(trimethyl)azanium;chloride,tetradecanoic acid,C[N+](C)(C)CCO.[Cl-],CCCCCCCCCCCCCC(=O)O,0.706,429.53
tetramethylazanium;chloride,hexadecanoic acid,C[N+](C)(C)C.[Cl-],CCCCCCCCCCCCCCCC(=O)O,0.592,429.25
dulcitol,mannitol,C([C@H]([C@@H]([C@@H]([C@H](CO)O)O)O)O)O,C([C@H]([C@H]([C@@H]([C@@H](CO)O)O)O)O)O,0.296063752,429.12
2-hydroxyethyl(trimethyl)azanium;chloride,"(3R,4S,5S)-oxane-2,3,4,5-tetrol",C[N+](C)(C)CCO.[Cl-],OC1OC[C@H](O)[C@H](O)[C@H]1O,0.699,428.72
2-(trimethylazaniumyl)acetate;hydrate,"propane-1,2,3-triol",C[N+](C)(C)CC(=O)[O-].O,OCC(O)CO,0.8,428.27
2-hydroxyethyl(trimethyl)azanium;chloride,decanoic acid,C[N+](C)(C)CCO.[Cl-],CCCCCCCCCC(=O)O,0.675,427.85
2-(trimethylazaniumyl)acetate;hydrate,"propane-1,2,3-triol",C[N+](C)(C)CC(=O)[O-].O,OCC(O)CO,0.7,427.54
2-hydroxyethyl(trimethyl)azanium;chloride,"propane-1,2,3-triol",C[N+](C)(C)CCO.[Cl-],OCC(O)CO,0.752,427.432
2-(trimethylazaniumyl)acetate,5-methyl-2-propan-2-ylphenol,C[N+](C)(C)CC(=O)[O-],Cc1ccc(C(C)C)c(O)c1,0.598,426.4
2-(trimethylazaniumyl)acetate;hydrate,"propane-1,2-diol",C[N+](C)(C)CC(=O)[O-].O,CC(O)CO,0.331,426
2-hydroxyethyl(trimethyl)azanium;chloride,N-(4-hydroxyphenyl)acetamide,C[N+](C)(C)CCO.[Cl-],CC(=O)Nc1ccc(O)cc1,0.101,425.82
tetrapropylazanium;chloride,octadecanoic acid,CCC[N+](CCC)(CCC)CCC.[Cl-],CCCCCCCCCCCCCCCCCC(=O)O,0.701,424.75
benzyl(triphenyl)phosphanium;chloride,"ethane-1,2-diol",[Cl-].c1ccc(C[P+](c2ccccc2)(c2ccccc2)c2ccccc2)cc1,OCCO,0.666667,424.32
tetramethylazanium;chloride,decanoic acid,C[N+](C)(C)C.[Cl-],CCCCCCCCCC(=O)O,0.499,423.75
2-hydroxyethyl(trimethyl)azanium;chloride,dodecanoic acid,C[N+](C)(C)CCO.[Cl-],CCCCCCCCCCCC(=O)O,0.658,423.45
lithium;hexafluorophosphate,N-methylacetamide,F[P-](F)(F)(F)(F)F.[Li+],CNC(C)=O,0.585,423.309
2-hydroxyethyl(trimethyl)azanium;chloride,"2-hydroxypropane-1,2,3-tricarboxylic acid",C[N+](C)(C)CCO.[Cl-],O=C(O)CC(O)(CC(=O)O)C(=O)O,0.062,423.15
2-hydroxyethyl(trimethyl)azanium;chloride,"1,1-dimethylurea",C[N+](C)(C)CCO.[Cl-],CN(C)C(N)=O,0.3333,422.15
Choline chloride,"1,1-Dimethyl urea",C[N+](C)(C)CCO.[Cl-],CN(C)C(=O)N,0.333333333,422.15
lithium;nitrate,N-methylacetamide,O=[N+]([O-])[O-].[Li+],CNC(C)=O,0.778,421.799
2-hydroxyethyl(trimethyl)azanium;chloride,2-hydroxyacetic acid,C[N+](C)(C)CCO.[Cl-],O=C(O)CO,0.699,420.15
tetrapropylazanium;chloride,dodecanoic acid,CCC[N+](CCC)(CCC)CCC.[Cl-],CCCCCCCCCCCC(=O)O,0.7128,419.8284
tetrapentylazanium;bromide,butanedioic acid,CCCCC[N+](CCCCC)(CCCCC)CCCCC.[Br-],O=C(O)CCC(=O)O,0.308,419.752
tetrapropylazanium;chloride,dodecanoic acid,CCC[N+](CCC)(CCC)CCC.[Cl-],CCCCCCCCCCCC(=O)O,0.713,419.55
ChCl,[C4MPyr]Cl,C[N+](C)(C)CCO.[Cl-],CCCC[N+]1(CCCC1)C.[Cl-],0.637477315,419.29
2-hydroxyethyl(trimethyl)azanium;chloride,"(2S,3R)-butane-1,2,3,4-tetrol",C[N+](C)(C)CCO.[Cl-],OC[C@@H](O)[C@@H](O)CO,0.666,419.283
2-hydroxyethyl(trimethyl)azanium;chloride,hexadecanoic acid,C[N+](C)(C)CCO.[Cl-],CCCCCCCCCCCCCCCC(=O)O,0.603,418.85
2-hydroxyethyl(trimethyl)azanium;chloride,pentanedioic acid,C[N+](C)(C)CCO.[Cl-],O=C(O)CCCC(=O)O,0.699,418.72
2-hydroxyethyl(trimethyl)azanium;chloride,2-(3-benzoylphenyl)propanoic acid,C[N+](C)(C)CCO.[Cl-],CC(C(=O)O)c1cccc(C(=O)c2ccccc2)c1,0.603,418.68
2-hydroxyethyl(trimethyl)azanium;chloride,octadecan-1-ol,C[N+](C)(C)CCO.[Cl-],CCCCCCCCCCCCCCCCCCO,0.748,418.65
2-hydroxyethyl(trimethyl)azanium;chloride,"(2R,3R,4R,5S)-hexane-1,2,3,4,5,6-hexol",C[N+](C)(C)CCO.[Cl-],OC[C@@H](O)[C@@H](O)[C@H](O)[C@@H](O)CO,0.698,418.644
2-hydroxyethyl(trimethyl)azanium;chloride,"(1R,2S,5R)-5-methyl-2-propan-2-ylcyclohexan-1-ol",C[N+](C)(C)CCO.[Cl-],CC(C)[C@@H]1CC[C@@H](C)C[C@H]1O,0.7,418.5
2-hydroxyethyl(trimethyl)azanium;chloride,"2-hydroxypropane-1,2,3-tricarboxylic acid",C[N+](C)(C)CCO.[Cl-],O=C(O)CC(O)(CC(=O)O)C(=O)O,0.102,418.28
2-hydroxyethyl(trimethyl)azanium;chloride,2-acetyloxybenzoic acid,C[N+](C)(C)CCO.[Cl-],CC(=O)Oc1ccccc1C(=O)O,0.499,418.25
"(3S,4R,5R)-2-(hydroxymethyl)oxane-2,3,4,5-tetrol","(3R,4S,5S,6R)-6-(hydroxymethyl)oxane-2,3,4,5-tetrol",OCC1(O)OC[C@@H](O)[C@@H](O)[C@@H]1O,OC[C@H]1OC(O)[C@H](O)[C@@H](O)[C@@H]1O,0.1035,418.1973
2-hydroxyethyl(trimethyl)azanium;chloride,"(2S,4R)-pentane-1,2,3,4,5-pentol",C[N+](C)(C)CCO.[Cl-],OC[C@@H](O)C(O)[C@@H](O)CO,0.7,417.92
2-hydroxyethyl(trimethyl)azanium;chloride,2-hydroxybutanedioic acid,C[N+](C)(C)CCO.[Cl-],O=C(O)CC(O)C(=O)O,0.7,417.18
2-hydroxyethyl(trimethyl)azanium;chloride,urea,C[N+](C)(C)CCO.[Cl-],NC(N)=O,0.633,417.061
2-hydroxyethyl(trimethyl)azanium;chloride,"(1R,4R)-1,7,7-trimethylbicyclo[2.2.1]heptan-2-one",C[N+](C)(C)CCO.[Cl-],CC1(C)[C@@H]2CC[C@@]1(C)C(=O)C2,0.699,416.7
2-hydroxyethyl(trimethyl)azanium;chloride,"ethane-1,2-diol",C[N+](C)(C)CCO.[Cl-],OCCO,0.694,416.079
tetramethylazanium;chloride,octadecanoic acid,C[N+](C)(C)C.[Cl-],CCCCCCCCCCCCCCCCCC(=O)O,0.577,415.95
2-(trimethylazaniumyl)acetate,"(1R,4R)-1,7,7-trimethylbicyclo[2.2.1]heptan-2-one",C[N+](C)(C)CC(=O)[O-],CC1(C)[C@@H]2CC[C@@]1(C)C(=O)C2,0.099,415.9
2-hydroxyethyl(trimethyl)azanium;chloride,hexadecan-1-ol,C[N+](C)(C)CCO.[Cl-],CCCCCCCCCCCCCCCCO,0.75,415.78
tetramethylazanium;chloride,tetradecanoic acid,C[N+](C)(C)C.[Cl-],CCCCCCCCCCCCCC(=O)O,0.504,415.05
2-(trimethylazaniumyl)acetate,octadecan-1-ol,C[N+](C)(C)CC(=O)[O-],CCCCCCCCCCCCCCCCCCO,0.598,415
tetramethylazanium;chloride,tetradecan-1-ol,C[N+](C)(C)C.[Cl-],CCCCCCCCCCCCCCO,0.596,414.5
2-hydroxyethyl(trimethyl)azanium;chloride,5-methyl-2-propan-2-ylphenol,C[N+](C)(C)CCO.[Cl-],Cc1ccc(C(C)C)c(O)c1,0.7,414.2
2-hydroxyethyl(trimethyl)azanium;chloride,tetradecan-1-ol,C[N+](C)(C)CCO.[Cl-],CCCCCCCCCCCCCCO,0.643,414.08
"(3S,4R,5R)-2-(hydroxymethyl)oxane-2,3,4,5-tetrol","(3R,4S,5S,6R)-6-(hydroxymethyl)oxane-2,3,4,5-tetrol",OCC1(O)OC[C@@H](O)[C@@H](O)[C@@H]1O,OC[C@H]1OC(O)[C@H](O)[C@@H](O)[C@@H]1O,0.2032,414.0698
2-hydroxyethyl(trimethyl)azanium;chloride,octadecan-1-ol,C[N+](C)(C)CCO.[Cl-],CCCCCCCCCCCCCCCCCCO,0.75,413.78
2-hydroxyethyl(trimethyl)azanium;chloride,decanoic acid,C[N+](C)(C)CCO.[Cl-],CCCCCCCCCC(=O)O,0.642,413.7
sodium;dodecanoate,decanoic acid,CCCCCCCCCCCC(=O)[O-].[Na+],CCCCCCCCCC(=O)O,0.602,413.691
2-hydroxyethyl(trimethyl)azanium;chloride,tetradecanoic acid,C[N+](C)(C)CCO.[Cl-],CCCCCCCCCCCCCC(=O)O,0.667,413.52
2-hydroxyethyl(trimethyl)azanium;chloride,octadecan-1-ol,C[N+](C)(C)CCO.[Cl-],CCCCCCCCCCCCCCCCCCO,0.751,413.48
2-(trimethylazaniumyl)acetate,"(1R,4R)-1,7,7-trimethylbicyclo[2.2.1]heptan-2-one",C[N+](C)(C)CC(=O)[O-],CC1(C)[C@@H]2CC[C@@]1(C)C(=O)C2,0.397,413.4
2-(trimethylazaniumyl)acetate;hydrate,"propane-1,2,3-triol",C[N+](C)(C)CC(=O)[O-].O,OCC(O)CO,0.6,412.61
2-(trimethylazaniumyl)acetate,"(2R,3R,4R,5S)-hexane-1,2,3,4,5,6-hexol",C[N+](C)(C)CC(=O)[O-],OC[C@@H](O)[C@@H](O)[C@H](O)[C@@H](O)CO,0.399,412.4
2-(trimethylazaniumyl)acetate,2-hydroxybenzoic acid,C[N+](C)(C)CC(=O)[O-],O=C(O)c1ccccc1O,0.597,411.8
tetraethylazanium;chloride,octadecanoic acid,CC[N+](CC)(CC)CC.[Cl-],CCCCCCCCCCCCCCCCCC(=O)O,0.701,411.75
2-hydroxyethyl(trimethyl)azanium;chloride,"2,3-dihydroxybutanedioic acid",C[N+](C)(C)CCO.[Cl-],O=C(O)C(O)C(O)C(=O)O,0.201,411.58
dichlorotin,2-hydroxyethyl(trimethyl)azanium;chloride,[Cl-].[Sn+2].[Cl-],C[N+](C)(C)CCO.[Cl-],0.801,411.4773
2-hydroxyethyl(trimethyl)azanium;chloride,"2-hydroxypropane-1,2,3-tricarboxylic acid",C[N+](C)(C)CCO.[Cl-],O=C(O)CC(O)(CC(=O)O)C(=O)O,0.15,411.35
2-(trimethylazaniumyl)acetate;hydrate,"propane-1,2-diol",C[N+](C)(C)CC(=O)[O-].O,CC(O)CO,0.201,411.273
2-hydroxyethyl(trimethyl)azanium;chloride,"propane-1,2,3-triol",C[N+](C)(C)CCO.[Cl-],OCC(O)CO,0.697,411.216
2-(trimethylazaniumyl)acetate,octadecanoic acid,C[N+](C)(C)CC(=O)[O-],CCCCCCCCCCCCCCCCCC(=O)O,0.5,410
ChCl,[MeCh]Cl,C[N+](C)(C)CCO.[Cl-],C[N+](C)(C)CCOC.[Cl-],0.478459564,409.27
2-hydroxyethyl(trimethyl)azanium;chloride,octadecanoic acid,C[N+](C)(C)CCO.[Cl-],CCCCCCCCCCCCCCCCCC(=O)O,0.554,408.6
2-(trimethylazaniumyl)acetate,"(1R,2S,5R)-5-methyl-2-propan-2-ylcyclohexan-1-ol",C[N+](C)(C)CC(=O)[O-],CC(C)[C@@H]1CC[C@@H](C)C[C@H]1O,0.598,408.6
2-(trimethylazaniumyl)acetate,urea,C[N+](C)(C)CC(=O)[O-],NC(N)=O,0.497,408.1
2-hydroxyethyl(trimethyl)azanium;chloride,N-(4-hydroxyphenyl)acetamide,C[N+](C)(C)CCO.[Cl-],CC(=O)Nc1ccc(O)cc1,0.695,407.92
tetraethylazanium;chloride,hexadecanoic acid,CC[N+](CC)(CC)CC.[Cl-],CCCCCCCCCCCCCCCC(=O)O,0.782,407.664
tetraethylazanium;chloride,hexadecanoic acid,CC[N+](CC)(CC)CC.[Cl-],CCCCCCCCCCCCCCCC(=O)O,0.699,407.25
benzyl(triphenyl)phosphanium;chloride,"2,2,2-trifluoroacetamide",[Cl-].c1ccc(C[P+](c2ccccc2)(c2ccccc2)c2ccccc2)cc1,NC(=O)C(F)(F)F,0.333333,406.92
2-hydroxyethyl(trimethyl)azanium;chloride,2-hydroxybenzoic acid,C[N+](C)(C)CCO.[Cl-],O=C(O)c1ccccc1O,0.113,406.9
2-hydroxyethyl(trimethyl)azanium;chloride,2-hydroxypropanoic acid,C[N+](C)(C)CCO.[Cl-],CC(O)C(=O)O,0.697,406.45
"(3S,4R,5R)-2-(hydroxymethyl)oxane-2,3,4,5-tetrol","(3R,4S,5S,6R)-6-(hydroxymethyl)oxane-2,3,4,5-tetrol",OCC1(O)OC[C@@H](O)[C@@H](O)[C@@H]1O,OC[C@H]1OC(O)[C@H](O)[C@@H](O)[C@@H]1O,0.3003,405.8149
2-hydroxyethyl(trimethyl)azanium;chloride,"(3R,4S,5R)-oxane-2,3,4,5-tetrol",C[N+](C)(C)CCO.[Cl-],OC1OC[C@@H](O)[C@H](O)[C@H]1O,0.102,405.78
sulfamethazine,urea,CC1=CC(=NC(=N1)NS(=O)(=O)C2=CC=C(C=C2)N)C,C(=O)(N)N,0.196326952,405.3
2-(trimethylazaniumyl)acetate;hydrate,"propane-1,2-diol",C[N+](C)(C)CC(=O)[O-].O,CC(O)CO,0.252,405.273
2-hydroxyethyl(trimethyl)azanium;chloride,"2-hydroxypropane-1,2,3-tricarboxylic acid",C[N+](C)(C)CCO.[Cl-],O=C(O)CC(O)(CC(=O)O)C(=O)O,0.2,404.48
tetrapropylazanium;chloride,decanoic acid,CCC[N+](CCC)(CCC)CCC.[Cl-],CCCCCCCCCC(=O)O,0.7,404.05
"(3S,4R,5R)-2-(hydroxymethyl)oxane-2,3,4,5-tetrol","(3R,4S,5S,6R)-6-(hydroxymethyl)oxane-2,3,4,5-tetrol",OCC1(O)OC[C@@H](O)[C@@H](O)[C@@H]1O,OC[C@H]1OC(O)[C@H](O)[C@@H](O)[C@@H]1O,0.3973,403.8725
tetraethylazanium;chloride,decanoic acid,CC[N+](CC)(CC)CC.[Cl-],CCCCCCCCCC(=O)O,0.65,403.28
benzyl(triphenyl)phosphanium;chloride,"2,2,2-trifluoroacetamide",[Cl-].c1ccc(C[P+](c2ccccc2)(c2ccccc2)c2ccccc2)cc1,NC(=O)C(F)(F)F,0.166667,403.05
2-hydroxyethyl(trimethyl)azanium;chloride,"(3R,4S,5S)-oxane-2,3,4,5-tetrol",C[N+](C)(C)CCO.[Cl-],OC1OC[C@H](O)[C@H](O)[C@H]1O,0.1,402.78
tetramethylazanium;chloride,hexadecan-1-ol,C[N+](C)(C)C.[Cl-],CCCCCCCCCCCCCCCCO,0.699,402.2
2-hydroxyethyl(trimethyl)azanium;chloride,butanedioic acid,C[N+](C)(C)CCO.[Cl-],O=C(O)CCC(=O)O,0.7,402
2-hydroxyethyl(trimethyl)azanium;chloride,butanedioic acid,C[N+](C)(C)CCO.[Cl-],O=C(O)CCC(=O)O,0.35,400
sulfamethizole,urea,CC1=NN=C(S1)NS(=O)(=O)C2=CC=C(C=C2)N,C(=O)(N)N,0.303723954,399.71
2-(trimethylazaniumyl)acetate,"(2R,3R,4R,5S)-hexane-1,2,3,4,5,6-hexol",C[N+](C)(C)CC(=O)[O-],OC[C@@H](O)[C@@H](O)[C@H](O)[C@@H](O)CO,0.299,399.3
tetrapropylazanium;chloride,hexadecanoic acid,CCC[N+](CCC)(CCC)CCC.[Cl-],CCCCCCCCCCCCCCCC(=O)O,0.8,398.65
"benzene-1,4-diol","(1R,2S,5R)-5-methyl-2-propan-2-ylcyclohexan-1-ol",Oc1ccc(O)cc1,CC(C)[C@@H]1CC[C@@H](C)C[C@H]1O,0.2,398.5
tetrapropylazanium;chloride,tetradecanoic acid,CCC[N+](CCC)(CCC)CCC.[Cl-],CCCCCCCCCCCCCC(=O)O,0.7,398.05
2-hydroxyethyl(trimethyl)azanium;chloride,"2-hydroxypropane-1,2,3-tricarboxylic acid",C[N+](C)(C)CCO.[Cl-],O=C(O)CC(O)(CC(=O)O)C(=O)O,0.252,397.98
dichlorotin,2-hydroxyethyl(trimethyl)azanium;chloride,[Cl-].[Sn+2].[Cl-],C[N+](C)(C)CCO.[Cl-],0.6081,397.2955
2-hydroxyethyl(trimethyl)azanium;chloride,pentanedioic acid,C[N+](C)(C)CCO.[Cl-],O=C(O)CCCC(=O)O,0.649,396.78
ChCl,"1,1-dimethylurea",C[N+](C)(C)CCO.[Cl-],CN(C)C(=O)N,0.36437714,396.65
2-(trimethylazaniumyl)acetate;hydrate,acetic acid,C[N+](C)(C)CC(=O)[O-].O,CC(=O)O,0.252,396.253
2-hydroxyethyl(trimethyl)azanium;chloride,oxalic acid,C[N+](C)(C)CCO.[Cl-],O=C(O)C(=O)O,0.7,396
2-hydroxyethyl(trimethyl)azanium;chloride,2-[4-(2-methylpropyl)phenyl]propanoic acid,C[N+](C)(C)CCO.[Cl-],CC(C)Cc1ccc(C(C)C(=O)O)cc1,0.613,395.82
2-hydroxyethyl(trimethyl)azanium;chloride,decanoic acid,C[N+](C)(C)CCO.[Cl-],CCCCCCCCCC(=O)O,0.592,395.55
2-(trimethylazaniumyl)acetate,2-hydroxybenzoic acid,C[N+](C)(C)CC(=O)[O-],O=C(O)c1ccccc1O,0.099,395.4
2-hydroxyethyl(trimethyl)azanium;chloride,2-hydroxybutanedioic acid,C[N+](C)(C)CCO.[Cl-],O=C(O)CC(O)C(=O)O,0.056,395.18
tetramethylazanium;chloride,octadecan-1-ol,C[N+](C)(C)C.[Cl-],CCCCCCCCCCCCCCCCCCO,0.597,394.3
tetraethylazanium;chloride,dodecanoic acid,CC[N+](CC)(CC)CC.[Cl-],CCCCCCCCCCCC(=O)O,0.586,394.2044
2-hydroxyethyl(trimethyl)azanium;chloride,"(1R,4R)-1,7,7-trimethylbicyclo[2.2.1]heptan-2-one",C[N+](C)(C)CCO.[Cl-],CC1(C)[C@@H]2CC[C@@]1(C)C(=O)C2,0.2,394.2
2-hydroxyethyl(trimethyl)azanium;chloride,hexadecanoic acid,C[N+](C)(C)CCO.[Cl-],CCCCCCCCCCCCCCCC(=O)O,0.554,393.88
2-(trimethylazaniumyl)acetate,"(1R,4R)-1,7,7-trimethylbicyclo[2.2.1]heptan-2-one",C[N+](C)(C)CC(=O)[O-],CC1(C)[C@@H]2CC[C@@]1(C)C(=O)C2,0.198,393.8
2-hydroxyethyl(trimethyl)azanium;chloride,"2,3-dihydroxybutanedioic acid",C[N+](C)(C)CCO.[Cl-],O=C(O)C(O)C(O)C(=O)O,0.3,393.65
2-hydroxyethyl(trimethyl)azanium;chloride,hexadecanoic acid,C[N+](C)(C)CCO.[Cl-],CCCCCCCCCCCCCCCC(=O)O,0.555,393.63
2-hydroxyethyl(trimethyl)azanium;chloride,2-hydroxybenzoic acid,C[N+](C)(C)CCO.[Cl-],O=C(O)c1ccccc1O,0.592,393.6
2-hydroxyethyl(trimethyl)azanium;chloride,"2-hydroxypropane-1,2,3-tricarboxylic acid",C[N+](C)(C)CCO.[Cl-],O=C(O)CC(O)(CC(=O)O)C(=O)O,0.3,393.48
tetraethylazanium;chloride,dodecanoic acid,CC[N+](CC)(CC)CC.[Cl-],CCCCCCCCCCCC(=O)O,0.584,393.45
2-(trimethylazaniumyl)acetate;hydrate,acetic acid,C[N+](C)(C)CC(=O)[O-].O,CC(=O)O,0.332,393.15
tetrapentylazanium;bromide,"(2S,3R)-butane-1,2,3,4-tetrol",CCCCC[N+](CCCCC)(CCCCC)CCCCC.[Br-],OC[C@@H](O)[C@@H](O)CO,0.088,393.1
"1,10-phenanthroline","2,6-ditert-butyl-4-methylphenol",c1cnc2c(c1)ccc1cccnc12,Cc1cc(C(C)(C)C)c(O)c(C(C)(C)C)c1,0.508,393.0992
tetraethylazanium;chloride,tetradecanoic acid,CC[N+](CC)(CC)CC.[Cl-],CCCCCCCCCCCCCC(=O)O,0.593,392.65
tetrapentylazanium;bromide,butanedioic acid,CCCCC[N+](CCCCC)(CCCCC)CCCCC.[Br-],O=C(O)CCC(=O)O,0.393,392.174
2-hydroxyethyl(trimethyl)azanium;chloride,"1,1-dimethylurea",C[N+](C)(C)CCO.[Cl-],CN(C)C(N)=O,0.38,392.15
2-(trimethylazaniumyl)acetate;hydrate,"propane-1,2,3-triol",C[N+](C)(C)CC(=O)[O-].O,OCC(O)CO,0.5,392
sulfacetamide,urea,CC(=O)NS(=O)(=O)C1=CC=C(C=C1)N,C(=O)(N)N,0.397990642,391.92
mannitol,erythritol,C([C@H]([C@H]([C@@H]([C@@H](CO)O)O)O)O)O,C([C@H]([C@H](CO)O)O)O,0.15009081,391.79
2-hydroxyethyl(trimethyl)azanium;chloride,"(3S,4S,5S,6R)-6-(hydroxymethyl)oxane-2,3,4,5-tetrol",C[N+](C)(C)CCO.[Cl-],OC[C@H]1OC(O)[C@@H](O)[C@@H](O)[C@@H]1O,0.101,391.75
2-hydroxyethyl(trimethyl)azanium;chloride,2-hydroxybutanedioic acid,C[N+](C)(C)CCO.[Cl-],O=C(O)CC(O)C(=O)O,0.101,391.75
"4-amino-N-(1,3-thiazol-2-yl)benzenesulfonamide",urea,Nc1ccc(S(=O)(=O)Nc2nccs2)cc1,NC(N)=O,0.2,391.15
"(3S,4R,5R)-2-(hydroxymethyl)oxane-2,3,4,5-tetrol","(3R,4S,5S,6R)-6-(hydroxymethyl)oxane-2,3,4,5-tetrol",OCC1(O)OC[C@@H](O)[C@@H](O)[C@@H]1O,OC[C@H]1OC(O)[C@H](O)[C@@H](O)[C@@H]1O,0.497,391.0046
tetramethylazanium;chloride,decanoic acid,C[N+](C)(C)C.[Cl-],CCCCCCCCCC(=O)O,0.402,390.85
2-(trimethylazaniumyl)acetate,urea,C[N+](C)(C)CC(=O)[O-],NC(N)=O,0.1,390.7
2-(trimethylazaniumyl)acetate;hydrate,"propane-1,2,3-triol",C[N+](C)(C)CC(=O)[O-].O,OCC(O)CO,0.4,390.57
2-hydroxyethyl(trimethyl)azanium;chloride,2-(3-benzoylphenyl)propanoic acid,C[N+](C)(C)CCO.[Cl-],CC(C(=O)O)c1cccc(C(=O)c2ccccc2)c1,0.505,390.52
2-hydroxyethyl(trimethyl)azanium;chloride,tetradecan-1-ol,C[N+](C)(C)CCO.[Cl-],CCCCCCCCCCCCCCO,0.6,390.25
"1,10-phenanthroline","2,6-ditert-butyl-4-methylphenol",c1cnc2c(c1)ccc1cccnc12,Cc1cc(C(C)(C)C)c(O)c(C(C)(C)C)c1,0.6077,390.2066
"1,10-phenanthroline","2,6-ditert-butyl-4-methylphenol",c1cnc2c(c1)ccc1cccnc12,Cc1cc(C(C)(C)C)c(O)c(C(C)(C)C)c1,0.418,390.2066
2-hydroxyethyl(trimethyl)azanium;chloride,"(2S,3R)-butane-1,2,3,4-tetrol",C[N+](C)(C)CCO.[Cl-],OC[C@@H](O)[C@@H](O)CO,0.099,389.462
"1,10-phenanthroline","2,6-ditert-butyl-4-methylphenol",c1cnc2c(c1)ccc1cccnc12,Cc1cc(C(C)(C)C)c(O)c(C(C)(C)C)c1,0.6881,389.0496
2-(trimethylazaniumyl)acetate,octadecan-1-ol,C[N+](C)(C)CC(=O)[O-],CCCCCCCCCCCCCCCCCCO,0.498,389
2-hydroxyethyl(trimethyl)azanium;chloride,octadecanoic acid,C[N+](C)(C)CCO.[Cl-],CCCCCCCCCCCCCCCCCC(=O)O,0.505,388.62
2-(trimethylazaniumyl)acetate,2-hydroxybenzoic acid,C[N+](C)(C)CC(=O)[O-],O=C(O)c1ccccc1O,0.497,388.5
2-hydroxyethyl(trimethyl)azanium;chloride,2-hydroxyacetic acid,C[N+](C)(C)CCO.[Cl-],O=C(O)CO,0.649,387.98
tetramethylazanium;chloride,hexadecanoic acid,C[N+](C)(C)C.[Cl-],CCCCCCCCCCCCCCCC(=O)O,0.49,387.95
2-hydroxyethyl(trimethyl)azanium;chloride,2-hydroxybutanedioic acid,C[N+](C)(C)CCO.[Cl-],O=C(O)CC(O)C(=O)O,0.15,387.88
2-hydroxyethyl(trimethyl)azanium;chloride,N-(4-hydroxyphenyl)acetamide,C[N+](C)(C)CCO.[Cl-],CC(=O)Nc1ccc(O)cc1,0.207,387.82
benzyl(triphenyl)phosphanium;chloride,"2,2,2-trifluoroacetamide",[Cl-].c1ccc(C[P+](c2ccccc2)(c2ccccc2)c2ccccc2)cc1,NC(=O)C(F)(F)F,0.5,387.58
2-hydroxyethyl(trimethyl)azanium;chloride,"2-hydroxypropane-1,2,3-tricarboxylic acid",C[N+](C)(C)CCO.[Cl-],O=C(O)CC(O)(CC(=O)O)C(=O)O,0.75,387.12
2-hydroxyethyl(trimethyl)azanium;chloride,"2,3-dihydroxybutanedioic acid",C[N+](C)(C)CCO.[Cl-],O=C(O)C(O)C(O)C(=O)O,0.749,386.68
2-hydroxyethyl(trimethyl)azanium;chloride,2-hydroxypropanoic acid,C[N+](C)(C)CCO.[Cl-],CC(O)C(=O)O,0.653,386.65
2-(trimethylazaniumyl)acetate,urea,C[N+](C)(C)CC(=O)[O-],NC(N)=O,0.38,386.3
Tetraethylammonium bromide,Urea,CC[N+](CC)(CC)CC.[Br-],C(=O)(N)N,0.333333333,386.15
tetraethylazanium;bromide,urea,CC[N+](CC)(CC)CC.[Br-],NC(N)=O,0.67,386.15
2-hydroxyethyl(trimethyl)azanium;chloride,"2,3-dihydroxybutanedioic acid",C[N+](C)(C)CCO.[Cl-],O=C(O)C(O)C(O)C(=O)O,0.348,385.82
2-hydroxyethyl(trimethyl)azanium;chloride,2-hydroxybenzoic acid,C[N+](C)(C)CCO.[Cl-],O=C(O)c1ccccc1O,0.211,385.4
2-hydroxyethyl(trimethyl)azanium;chloride,"(2R,3R,4R,5R)-hexane-1,2,3,4,5,6-hexol",C[N+](C)(C)CCO.[Cl-],OC[C@@H](O)[C@@H](O)[C@H](O)[C@H](O)CO,0.5,385.15
"1,10-phenanthroline","2,6-ditert-butyl-4-methylphenol",c1cnc2c(c1)ccc1cccnc12,Cc1cc(C(C)(C)C)c(O)c(C(C)(C)C)c1,0.2958,385
2-(trimethylazaniumyl)acetate,octadecanoic acid,C[N+](C)(C)CC(=O)[O-],CCCCCCCCCCCCCCCCCC(=O)O,0.4,385
2-hydroxyethyl(trimethyl)azanium;chloride,"ethane-1,2-diol",C[N+](C)(C)CCO.[Cl-],OCCO,0.638,384.361
2-(trimethylazaniumyl)acetate;hydrate,"propane-1,2,3-triol",C[N+](C)(C)CC(=O)[O-].O,OCC(O)CO,0.251,384.17
"1H-Imidazolium, 3-[2-[(1R,5S)-6,6-dimethylbicyclo[3.1.1]hept-2-en-2-yl]ethyl]-1-methyl-, methanesulfonate (1:1) (ACI)",4-oxopentanoic acid,CS(=O)(=O)[O-].Cn1cc[n+](CCC2=CC[C@H]3C[C@@H]2C3(C)C)c1,CC(=O)CCC(=O)O,0.901,384.058
2-hydroxyethyl(trimethyl)azanium;chloride,"2-hydroxypropane-1,2,3-tricarboxylic acid",C[N+](C)(C)CCO.[Cl-],O=C(O)CC(O)(CC(=O)O)C(=O)O,0.35,384.02
2-(trimethylazaniumyl)acetate,"(1R,4R)-1,7,7-trimethylbicyclo[2.2.1]heptan-2-one",C[N+](C)(C)CC(=O)[O-],CC1(C)[C@@H]2CC[C@@]1(C)C(=O)C2,0.297,384
2-hydroxyethyl(trimethyl)azanium;chloride,octadecan-1-ol,C[N+](C)(C)CCO.[Cl-],CCCCCCCCCCCCCCCCCCO,0.685,383.65
2-hydroxyethyl(trimethyl)azanium;chloride,2-hydroxybutanedioic acid,C[N+](C)(C)CCO.[Cl-],O=C(O)CC(O)C(=O)O,0.2,383.62
tetramethylazanium;chloride,tetradecan-1-ol,C[N+](C)(C)C.[Cl-],CCCCCCCCCCCCCCO,0.506,382.6
2-hydroxyethyl(trimethyl)azanium;chloride,2-acetyloxybenzoic acid,C[N+](C)(C)CCO.[Cl-],CC(=O)Oc1ccccc1C(=O)O,0.414,382.48
tetramethylazanium;chloride,dodecanoic acid,C[N+](C)(C)C.[Cl-],CCCCCCCCCCCC(=O)O,0.502,381.95
"(3S,4R,5R)-2-(hydroxymethyl)oxane-2,3,4,5-tetrol","(3R,4S,5S,6R)-6-(hydroxymethyl)oxane-2,3,4,5-tetrol",OCC1(O)OC[C@@H](O)[C@@H](O)[C@@H]1O,OC[C@H]1OC(O)[C@H](O)[C@@H](O)[C@@H]1O,0.6022,381.7785
2-hydroxyethyl(trimethyl)azanium;chloride,"(3R,4S,5R)-oxane-2,3,4,5-tetrol",C[N+](C)(C)CCO.[Cl-],OC1OC[C@@H](O)[C@H](O)[C@H]1O,0.201,381.62
2-hydroxyethyl(trimethyl)azanium;chloride,"(2S,3R)-butane-1,2,3,4-tetrol",C[N+](C)(C)CCO.[Cl-],OC[C@@H](O)[C@@H](O)CO,0.199,381.614
2-hydroxyethyl(trimethyl)azanium;chloride,"(3R,4S,5S)-oxane-2,3,4,5-tetrol",C[N+](C)(C)CCO.[Cl-],OC1OC[C@H](O)[C@H](O)[C@H]1O,0.201,381.58
2-hydroxyethyl(trimethyl)azanium;chloride,2-acetyloxybenzoic acid,C[N+](C)(C)CCO.[Cl-],CC(=O)Oc1ccccc1C(=O)O,0.101,381.52
Choline chloride,Mannitol,C[N+](C)(C)CCO.[Cl-],C([C@H]([C@H]([C@@H]([C@@H](CO)O)O)O)O)O,0.5,381.15
2-(trimethylazaniumyl)acetate,"(2R,3R,4R,5S)-hexane-1,2,3,4,5,6-hexol",C[N+](C)(C)CC(=O)[O-],OC[C@@H](O)[C@@H](O)[C@H](O)[C@@H](O)CO,0.198,381
2-hydroxyethyl(trimethyl)azanium;chloride,oxalic acid,C[N+](C)(C)CCO.[Cl-],O=C(O)C(=O)O,0.65,381
"1H-Imidazolium, 3-[2-[(1R,5S)-6,6-dimethylbicyclo[3.1.1]hept-2-en-2-yl]ethyl]-1-methyl-, methanesulfonate (1:1) (ACI)",urea,CS(=O)(=O)[O-].Cn1cc[n+](CCC2=CC[C@H]3C[C@@H]2C3(C)C)c1,NC(N)=O,0.9,380.882
tetrapropylazanium;chloride,dodecanoic acid,CCC[N+](CCC)(CCC)CCC.[Cl-],CCCCCCCCCCCC(=O)O,0.6047,380.8658
tetrapropylazanium;chloride,dodecanoic acid,CCC[N+](CCC)(CCC)CCC.[Cl-],CCCCCCCCCCCC(=O)O,0.604,380.75
sulfanilamide,urea,C1=CC(=CC=C1N)S(=O)(=O)N,C(=O)(N)N,0.368821082,380.32
tetrapentylazanium;bromide,"(2S,3R)-butane-1,2,3,4-tetrol",CCCCC[N+](CCCCC)(CCCCC)CCCCC.[Br-],OC[C@@H](O)[C@@H](O)CO,0.233,380.2
2-hydroxyethyl(trimethyl)azanium;chloride,"2-hydroxypropane-1,2,3-tricarboxylic acid",C[N+](C)(C)CCO.[Cl-],O=C(O)CC(O)(CC(=O)O)C(=O)O,0.4,379.48
2-hydroxyethyl(trimethyl)azanium;chloride,"(3R,4S,5R)-oxane-2,3,4,5-tetrol",C[N+](C)(C)CCO.[Cl-],OC1OC[C@@H](O)[C@H](O)[C@H]1O,0.599,379.45
betaine,camphor,C[N+](C)(C)CC(=O)[O-],CC1(C2CCC1(C(=O)C2)C)C,0.263857211,379.1
tetrapentylazanium;bromide,"(2S,3R)-butane-1,2,3,4-tetrol",CCCCC[N+](CCCCC)(CCCCC)CCCCC.[Br-],OC[C@@H](O)[C@@H](O)CO,0.286,379
2-hydroxyethyl(trimethyl)azanium;chloride,butanedioic acid,C[N+](C)(C)CCO.[Cl-],O=C(O)CCC(=O)O,0.4,379
2-(trimethylazaniumyl)acetate;hydrate,"propane-1,2,3-triol",C[N+](C)(C)CC(=O)[O-].O,OCC(O)CO,0.332,378.59
mannitol,adonitol,C([C@H]([C@H]([C@@H]([C@@H](CO)O)O)O)O)O,C([C@H](C([C@H](CO)O)O)O)O,0.080594135,378.22
tetramethylazanium;chloride,octadecanoic acid,C[N+](C)(C)C.[Cl-],CCCCCCCCCCCCCCCCCC(=O)O,0.486,378.15
"1,10-phenanthroline",5-methyl-2-propan-2-ylphenol,c1cnc2c(c1)ccc1cccnc12,Cc1ccc(C(C)C)c(O)c1,0.9003,378.0579
2-hydroxyethyl(trimethyl)azanium;chloride,"(3S,4S,5S,6R)-6-(hydroxymethyl)oxane-2,3,4,5-tetrol",C[N+](C)(C)CCO.[Cl-],OC[C@H]1OC(O)[C@@H](O)[C@@H](O)[C@@H]1O,0.2,377.85
"(3S,4R,5R)-2-(hydroxymethyl)oxane-2,3,4,5-tetrol","(3R,4S,5S,6R)-6-(hydroxymethyl)oxane-2,3,4,5-tetrol",OCC1(O)OC[C@@H](O)[C@@H](O)[C@@H]1O,OC[C@H]1OC(O)[C@H](O)[C@@H](O)[C@@H]1O,0.904,377.651
2-hydroxyethyl(trimethyl)azanium;chloride,hexadecanoic acid,C[N+](C)(C)CCO.[Cl-],CCCCCCCCCCCCCCCC(=O)O,0.53,377.63
2-hydroxyethyl(trimethyl)azanium;chloride,"(3S,4S,5S,6R)-6-(hydroxymethyl)oxane-2,3,4,5-tetrol",C[N+](C)(C)CCO.[Cl-],OC[C@H]1OC(O)[C@@H](O)[C@@H](O)[C@@H]1O,0.6,377.52
dulcitol,arabitol,C([C@H]([C@@H]([C@@H]([C@H](CO)O)O)O)O)O,C([C@@H](C([C@H](CO)O)O)O)O,0.009492756,377.5
2-hydroxyethyl(trimethyl)azanium;chloride,5-methyl-2-propan-2-ylphenol,C[N+](C)(C)CCO.[Cl-],Cc1ccc(C(C)C)c(O)c1,0.601,377.2
"(3S,4R,5R)-2-(hydroxymethyl)oxane-2,3,4,5-tetrol","(3R,4S,5S,6R)-6-(hydroxymethyl)oxane-2,3,4,5-tetrol",OCC1(O)OC[C@@H](O)[C@@H](O)[C@@H]1O,OC[C@H]1OC(O)[C@H](O)[C@@H](O)[C@@H]1O,0.7989,376.9226
2-hydroxyethyl(trimethyl)azanium;chloride,"(1R,2S,5R)-5-methyl-2-propan-2-ylcyclohexan-1-ol",C[N+](C)(C)CCO.[Cl-],CC(C)[C@@H]1CC[C@@H](C)C[C@H]1O,0.6,376.8
trichloroiron,2-hydroxyethyl(trimethyl)azanium;chloride,[Cl-].[Fe+3].[Cl-].[Cl-],C[N+](C)(C)CCO.[Cl-],0.8036,376.5682
2-hydroxyethyl(trimethyl)azanium;chloride,2-hydroxybutanedioic acid,C[N+](C)(C)CCO.[Cl-],O=C(O)CC(O)C(=O)O,0.249,376.42
2-(trimethylazaniumyl)acetate;hydrate,propanoic acid,C[N+](C)(C)CC(=O)[O-].O,CCC(=O)O,0.25,376.242
tetrapentylazanium;bromide,heptanedioic acid,CCCCC[N+](CCCCC)(CCCCC)CCCCC.[Br-],O=C(O)CCCCCC(=O)O,0.091,375.862
tetrapropylazanium;chloride,decanoic acid,CCC[N+](CCC)(CCC)CCC.[Cl-],CCCCCCCCCC(=O)O,0.6,375.55
"1H-Imidazolium, 3-[2-[(1R,5S)-6,6-dimethylbicyclo[3.1.1]hept-2-en-2-yl]ethyl]-1-methyl-, methanesulfonate (1:1) (ACI)",4-oxopentanoic acid,CS(=O)(=O)[O-].Cn1cc[n+](CCC2=CC[C@H]3C[C@@H]2C3(C)C)c1,CC(=O)CCC(=O)O,0.788,375.362
2-hydroxyethyl(trimethyl)azanium;chloride,"(2S,3R)-butane-1,2,3,4-tetrol",C[N+](C)(C)CCO.[Cl-],OC[C@@H](O)[C@@H](O)CO,0.252,375.336
benzyl(triphenyl)phosphanium;chloride,"2,2,2-trifluoroacetamide",[Cl-].c1ccc(C[P+](c2ccccc2)(c2ccccc2)c2ccccc2)cc1,NC(=O)C(F)(F)F,0.666667,374.69
2-hydroxyethyl(trimethyl)azanium;chloride,"2,3-dihydroxybutanedioic acid",C[N+](C)(C)CCO.[Cl-],O=C(O)C(O)C(O)C(=O)O,0.407,374.55
2-hydroxyethyl(trimethyl)azanium;chloride,tetradecanoic acid,C[N+](C)(C)CCO.[Cl-],CCCCCCCCCCCCCC(=O)O,0.597,374.53
[N1111]Cl,[N3333]Cl,C[N+](C)(C)C.[Cl-],CCC[N+](CCC)(CCC)CCC.[Cl-],0.374610692,374.48
dulcitol,adonitol,C([C@H]([C@@H]([C@@H]([C@H](CO)O)O)O)O)O,C([C@H](C([C@H](CO)O)O)O)O,0.014838005,373.98
2-hydroxyethyl(trimethyl)azanium;chloride,octadecan-1-ol,C[N+](C)(C)CCO.[Cl-],CCCCCCCCCCCCCCCCCCO,0.65,373.95
2-hydroxyethyl(trimethyl)azanium;chloride,dodecanoic acid,C[N+](C)(C)CCO.[Cl-],CCCCCCCCCCCC(=O)O,0.561,373.75
2-hydroxyethyl(trimethyl)azanium;chloride,tetradecanoic acid,C[N+](C)(C)CCO.[Cl-],CCCCCCCCCCCCCC(=O)O,0.579,373.62
2-hydroxyethyl(trimethyl)azanium;chloride,decanoic acid,C[N+](C)(C)CCO.[Cl-],CCCCCCCCCC(=O)O,0.54,373.6
lithium;hexafluorophosphate,N-methylacetamide,F[P-](F)(F)(F)(F)F.[Li+],CNC(C)=O,0.386,373.453
lithium;nitrate,N-methylacetamide,O=[N+]([O-])[O-].[Li+],CNC(C)=O,0.693,373.453
tetraethylazanium;chloride,decanoic acid,CC[N+](CC)(CC)CC.[Cl-],CCCCCCCCCC(=O)O,0.59,373.45
dulcitol,xylitol,C([C@H]([C@@H]([C@@H]([C@H](CO)O)O)O)O)O,C([C@H](C([C@H](CO)O)O)O)O,0.017586216,373.27
Choline chloride,Glucosamine,C[N+](C)(C)CCO.[Cl-],C([C@@H]1[C@H]([C@@H]([C@H](C(O1)O)N)O)O)O,0.920315042,373.15
sodium;dodecanoate,decanoic acid,CCCCCCCCCCCC(=O)[O-].[Na+],CCCCCCCCCC(=O)O,0.5,373.15
2-hydroxyethyl(trimethyl)azanium;chloride,thiourea,C[N+](C)(C)CCO.[Cl-],NC(N)=S,0.42,373.15
benzyl(triphenyl)phosphanium;chloride,"2,2,2-trifluoroacetamide",[Cl-].c1ccc(C[P+](c2ccccc2)(c2ccccc2)c2ccccc2)cc1,NC(=O)C(F)(F)F,0.75,372.87
"1,10-phenanthroline","2,6-ditert-butyl-4-methylphenol",c1cnc2c(c1)ccc1cccnc12,Cc1cc(C(C)(C)C)c(O)c(C(C)(C)C)c1,0.8939,372.8512
"1,10-phenanthroline","2,6-ditert-butyl-4-methylphenol",c1cnc2c(c1)ccc1cccnc12,Cc1cc(C(C)(C)C)c(O)c(C(C)(C)C)c1,0.2122,372.8512
mannitol,arabitol,C([C@H]([C@H]([C@@H]([C@@H](CO)O)O)O)O)O,C([C@@H](C([C@H](CO)O)O)O)O,0.067652905,372.78
2-hydroxyethyl(trimethyl)azanium;chloride,pentanedioic acid,C[N+](C)(C)CCO.[Cl-],O=C(O)CCCC(=O)O,0.598,372.65
fructose,glucose,C1[C@H]([C@H]([C@@H](C(O1)(CO)O)O)O)O,C([C@H]([C@H]([C@@H]([C@H](C=O)O)O)O)O)O,0.722269554,372.32
2-hydroxyethyl(trimethyl)azanium;chloride,"(1R,4R)-1,7,7-trimethylbicyclo[2.2.1]heptan-2-one",C[N+](C)(C)CCO.[Cl-],CC1(C)[C@@H]2CC[C@@]1(C)C(=O)C2,0.599,372.3
"1H-Imidazolium, 3-[2-[(1R,5S)-6,6-dimethylbicyclo[3.1.1]hept-2-en-2-yl]ethyl]-1-methyl-, methanesulfonate (1:1) (ACI)",urea,CS(=O)(=O)[O-].Cn1cc[n+](CCC2=CC[C@H]3C[C@@H]2C3(C)C)c1,NC(N)=O,0.1,372.059
2-(trimethylazaniumyl)acetate,"(1R,2S,5R)-5-methyl-2-propan-2-ylcyclohexan-1-ol",C[N+](C)(C)CC(=O)[O-],CC(C)[C@@H]1CC[C@@H](C)C[C@H]1O,0.498,371.7
2-hydroxyethyl(trimethyl)azanium;chloride,N-(4-hydroxyphenyl)acetamide,C[N+](C)(C)CCO.[Cl-],CC(=O)Nc1ccc(O)cc1,0.302,371.52
2-hydroxyethyl(trimethyl)azanium;chloride,hexadecan-1-ol,C[N+](C)(C)CCO.[Cl-],CCCCCCCCCCCCCCCCO,0.681,371.45
2-hydroxyethyl(trimethyl)azanium;chloride,2-hydroxybutanedioic acid,C[N+](C)(C)CCO.[Cl-],O=C(O)CC(O)C(=O)O,0.301,371.42
tetrapentylazanium;bromide,butanedioic acid,CCCCC[N+](CCCCC)(CCCCC)CCCCC.[Br-],O=C(O)CCC(=O)O,0.946,371.304
2-hydroxyethyl(trimethyl)azanium;chloride,"2-hydroxypropane-1,2,3-tricarboxylic acid",C[N+](C)(C)CCO.[Cl-],O=C(O)CC(O)(CC(=O)O)C(=O)O,0.448,370.98
tetrapentylazanium;bromide,heptanedioic acid,CCCCC[N+](CCCCC)(CCCCC)CCCCC.[Br-],O=C(O)CCCCCC(=O)O,0.89,370.69
tetrapentylazanium;bromide,heptanedioic acid,CCCCC[N+](CCCCC)(CCCCC)CCCCC.[Br-],O=C(O)CCCCCC(=O)O,0.173,370.69
"(3S,4R,5R)-2-(hydroxymethyl)oxane-2,3,4,5-tetrol","(3R,4S,5S,6R)-6-(hydroxymethyl)oxane-2,3,4,5-tetrol",OCC1(O)OC[C@@H](O)[C@@H](O)[C@@H]1O,OC[C@H]1OC(O)[C@H](O)[C@@H](O)[C@@H]1O,0.7046,370.61
"1H-Imidazolium, 3-[2-[(1R,5S)-6,6-dimethylbicyclo[3.1.1]hept-2-en-2-yl]ethyl]-1-methyl-, methanesulfonate (1:1) (ACI)",urea,CS(=O)(=O)[O-].Cn1cc[n+](CCC2=CC[C@H]3C[C@@H]2C3(C)C)c1,NC(N)=O,0.819,370.588
2-hydroxyethyl(trimethyl)azanium;chloride,"ethane-1,2-diol",C[N+](C)(C)CCO.[Cl-],OCCO,0.602,370.485
tetrapentylazanium;bromide,"(2S,3R)-butane-1,2,3,4-tetrol",CCCCC[N+](CCCCC)(CCCCC)CCCCC.[Br-],OC[C@@H](O)[C@@H](O)CO,0.904,370.3
Choline chloride,4-Hydroxybenzoic acid,C[N+](C)(C)CCO.[Cl-],C1=CC(=CC=C1C(=O)O)O,0.333333333,370.15
dichlorotin,2-hydroxyethyl(trimethyl)azanium;chloride,[Cl-].[Sn+2].[Cl-],C[N+](C)(C)CCO.[Cl-],0.7807,370.0227
2-(trimethylazaniumyl)acetate,urea,C[N+](C)(C)CC(=O)[O-],NC(N)=O,0.299,369.5
2-hydroxyethyl(trimethyl)azanium;chloride,"(1R,4R)-1,7,7-trimethylbicyclo[2.2.1]heptan-2-one",C[N+](C)(C)CCO.[Cl-],CC1(C)[C@@H]2CC[C@@]1(C)C(=O)C2,0.3,368.9
tetrapentylazanium;bromide,"(2S,3R)-butane-1,2,3,4-tetrol",CCCCC[N+](CCCCC)(CCCCC)CCCCC.[Br-],OC[C@@H](O)[C@@H](O)CO,0.4,368.8
"1,10-phenanthroline",5-methyl-2-propan-2-ylphenol,c1cnc2c(c1)ccc1cccnc12,Cc1ccc(C(C)C)c(O)c1,0.8039,368.2231
Choline chloride,Benzoic acid,C[N+](C)(C)CCO.[Cl-],C1=CC=C(C=C1)C(=O)O,0.5,368.15
2-hydroxyethyl(trimethyl)azanium;chloride,benzoic acid,C[N+](C)(C)CCO.[Cl-],O=C(O)c1ccccc1,0.5,368.15
2-hydroxyethyl(trimethyl)azanium;chloride,"(3R,4S,5S)-oxane-2,3,4,5-tetrol",C[N+](C)(C)CCO.[Cl-],OC1OC[C@H](O)[C@H](O)[C@H]1O,0.598,367.68
mannitol,xylitol,C([C@H]([C@H]([C@@H]([C@@H](CO)O)O)O)O)O,C([C@H](C([C@H](CO)O)O)O)O,0.046678148,367.35
2-hydroxyethyl(trimethyl)azanium;chloride,1H-imidazole,C[N+](C)(C)CCO.[Cl-],c1c[nH]cn1,0.6,367.3331
mannitol,sorbitol,C([C@H]([C@H]([C@@H]([C@@H](CO)O)O)O)O)O,C([C@H]([C@H]([C@@H]([C@H](CO)O)O)O)O)O,0.033872193,366.94
2-hydroxyethyl(trimethyl)azanium;chloride,2-hydroxybenzoic acid,C[N+](C)(C)CCO.[Cl-],O=C(O)c1ccccc1O,0.295,366.8
[N2222]I,glutaric acid,CC[N+](CC)(CC)CC.[I-],C(CC(=O)O)CC(=O)O,0.160221156,366.73
2-hydroxyethyl(trimethyl)azanium;chloride,"propane-1,2,3-triol",C[N+](C)(C)CCO.[Cl-],OCC(O)CO,0.652,366.622
2-hydroxyethyl(trimethyl)azanium;chloride,2-(3-benzoylphenyl)propanoic acid,C[N+](C)(C)CCO.[Cl-],CC(C(=O)O)c1cccc(C(=O)c2ccccc2)c1,0.398,366.25
Choline chloride,Cinnamic acid,C[N+](C)(C)CCO.[Cl-],C1=CC=C(C=C1)/C=C/C(=O)O,0.5,366.15
Choline chloride,Suberic acid,C[N+](C)(C)CCO.[Cl-],C(CCCC(=O)O)CCC(=O)O,0.5,366.15
2-hydroxyethyl(trimethyl)azanium;chloride,octanedioic acid,C[N+](C)(C)CCO.[Cl-],O=C(O)CCCCCCC(=O)O,0.5,366.15
2-hydroxyethyl(trimethyl)azanium;chloride,(E)-3-phenylprop-2-enoic acid,C[N+](C)(C)CCO.[Cl-],O=C(O)/C=C/c1ccccc1,0.5,366.15
pyridine-3-carboxamide,2-hydroxyacetic acid,NC(=O)c1cccnc1,O=C(O)CO,0.8067,366.0099
2-hydroxyethyl(trimethyl)azanium;chloride,butanedioic acid,C[N+](C)(C)CCO.[Cl-],O=C(O)CCC(=O)O,0.65,366
2-hydroxyethyl(trimethyl)azanium;chloride,"(2S,4R)-pentane-1,2,3,4,5-pentol",C[N+](C)(C)CCO.[Cl-],OC[C@@H](O)C(O)[C@@H](O)CO,0.6,365.59
2-hydroxyethyl(trimethyl)azanium;chloride,benzamide,C[N+](C)(C)CCO.[Cl-],NC(=O)c1ccccc1,0.3333,365.15
Choline chloride,Benzamide,C[N+](C)(C)CCO.[Cl-],C1=CC=C(C=C1)C(=O)N,0.333333333,365.15
2-hydroxyethyl(trimethyl)azanium;chloride,2-hydroxybutanedioic acid,C[N+](C)(C)CCO.[Cl-],O=C(O)CC(O)C(=O)O,0.351,364.75
tetrapentylazanium;bromide,butanedioic acid,CCCCC[N+](CCCCC)(CCCCC)CCCCC.[Br-],O=C(O)CCC(=O)O,0.822,364.596
trichloroiron,2-hydroxyethyl(trimethyl)azanium;chloride,[Cl-].[Fe+3].[Cl-].[Cl-],C[N+](C)(C)CCO.[Cl-],0.4102,364.5682
2-hydroxyethyl(trimethyl)azanium;chloride,"(3S,4S,5S,6R)-6-(hydroxymethyl)oxane-2,3,4,5-tetrol",C[N+](C)(C)CCO.[Cl-],OC[C@H]1OC(O)[C@@H](O)[C@@H](O)[C@@H]1O,0.3,364.48
2-hydroxyethyl(trimethyl)azanium;chloride,"2,3-dihydroxybutanedioic acid",C[N+](C)(C)CCO.[Cl-],O=C(O)C(O)C(O)C(=O)O,0.448,364.32
2-hydroxyethyl(trimethyl)azanium;chloride,pentanedioic acid,C[N+](C)(C)CCO.[Cl-],O=C(O)CCCC(=O)O,0.05,364.25
Tetraphenylphosphonium chloride,"2,2,2-trifluoroacetamide",C1=CC=C(C=C1)[P+](C2=CC=CC=C2)(C3=CC=CC=C3)C4=CC=CC=C4.[Cl-],C(=O)(C(F)(F)F)N,0.333333333,364.15
zinc;dichloride,tetraethylazanium;chloride,[Cl-].[Cl-].[Zn+2],CC[N+](CC)(CC)CC.[Cl-],0.666667,364.15
2-hydroxyethyl(trimethyl)azanium;chloride,2-hydroxyacetic acid,C[N+](C)(C)CCO.[Cl-],O=C(O)CO,0.598,364.15
maltitol,xylitol,C([C@@H]1[C@H]([C@@H]([C@H]([C@H](O1)O[C@H]([C@@H](CO)O)[C@@H]([C@H](CO)O)O)O)O)O)O,C([C@H](C([C@H](CO)O)O)O)O,0.10179761,364.14
2-hydroxyethyl(trimethyl)azanium;chloride,"2-hydroxypropane-1,2,3-tricarboxylic acid",C[N+](C)(C)CCO.[Cl-],O=C(O)CC(O)(CC(=O)O)C(=O)O,0.501,364.05
2-hydroxyethyl(trimethyl)azanium;chloride,butanedioic acid,C[N+](C)(C)CCO.[Cl-],O=C(O)CCC(=O)O,0.45,364
betaine,sorbitol,C[N+](C)(C)CC(=O)[O-],C([C@H]([C@H]([C@@H]([C@H](CO)O)O)O)O)O,0.157081814,363.9
2-(trimethylazaniumyl)acetate,"(2R,3R,4R,5S)-hexane-1,2,3,4,5,6-hexol",C[N+](C)(C)CC(=O)[O-],OC[C@@H](O)[C@@H](O)[C@H](O)[C@@H](O)CO,0.1,363.9
tetraethylazanium;chloride,hexadecanoic acid,CC[N+](CC)(CC)CC.[Cl-],CCCCCCCCCCCCCCCC(=O)O,0.624,363.801
2-hydroxyethyl(trimethyl)azanium;chloride,"(2R,3R,4R,5S)-hexane-1,2,3,4,5,6-hexol",C[N+](C)(C)CCO.[Cl-],OC[C@@H](O)[C@@H](O)[C@H](O)[C@@H](O)CO,0.595,363.771
methyl(triphenyl)phosphanium;bromide,"2,2,2-trifluoroacetamide",C[P+](c1ccccc1)(c1ccccc1)c1ccccc1.[Br-],NC(=O)C(F)(F)F,0.666667,363.73
"1,10-phenanthroline",4-chloro-5-methyl-2-propan-2-ylphenol,c1cnc2c(c1)ccc1cccnc12,Cc1cc(O)c(C(C)C)cc1Cl,0.9003,363.595
ChCl,[C4Py]Cl,C[N+](C)(C)CCO.[Cl-],CCCC[N+]1=CC=CC=C1.[Cl-],0.404541951,363.5
2-hydroxyethyl(trimethyl)azanium;chloride,octadecan-1-ol,C[N+](C)(C)CCO.[Cl-],CCCCCCCCCCCCCCCCCCO,0.632,363.25
Choline chloride,Isomaltose,C[N+](C)(C)CCO.[Cl-],C([C@@H]1[C@H]([C@@H]([C@H]([C@H](O1)OC[C@@H]2[C@H]([C@@H]([C@H](C(O2)O)O)O)O)O)O)O)O,0.786209748,363.15
Dimethylurea,Isomaltose,CNC(=O)NC,C([C@@H]1[C@H]([C@@H]([C@H]([C@H](O1)OC[C@@H]2[C@H]([C@@H]([C@H](C(O2)O)O)O)O)O)O)O)O,0.85353082,363.15
Choline chloride,Tricarballyic acid,C[N+](C)(C)CCO.[Cl-],C(C(CC(=O)O)C(=O)O)C(=O)O,0.5,363.15
2-hydroxyethyl(trimethyl)azanium;chloride,"propane-1,2,3-tricarboxylic acid",C[N+](C)(C)CCO.[Cl-],O=C(O)CC(CC(=O)O)C(=O)O,0.7,363.15
tetrapentylazanium;bromide,"(2S,3R)-butane-1,2,3,4-tetrol",CCCCC[N+](CCCCC)(CCCCC)CCCCC.[Br-],OC[C@@H](O)[C@@H](O)CO,0.788,363.1
tetrapropylazanium;chloride,hexadecanoic acid,CCC[N+](CCC)(CCC)CCC.[Cl-],CCCCCCCCCCCCCCCC(=O)O,0.7,363.05
2-hydroxyethyl(trimethyl)azanium;chloride,butanedioic acid,C[N+](C)(C)CCO.[Cl-],O=C(O)CCC(=O)O,0.6,363
tetraethylazanium;chloride,hexadecanoic acid,CC[N+](CC)(CC)CC.[Cl-],CCCCCCCCCCCCCCCC(=O)O,0.587,362.95
maltitol,sorbitol,C([C@@H]1[C@H]([C@@H]([C@H]([C@H](O1)O[C@H]([C@@H](CO)O)[C@@H]([C@H](CO)O)O)O)O)O)O,C([C@H]([C@H]([C@@H]([C@H](CO)O)O)O)O)O,0.123182212,362.51
trichloroiron,2-hydroxyethyl(trimethyl)azanium;chloride,[Cl-].[Fe+3].[Cl-].[Cl-],C[N+](C)(C)CCO.[Cl-],0.6056,362.3864
2-hydroxyethyl(trimethyl)azanium;chloride,benzamide,C[N+](C)(C)CCO.[Cl-],NC(=O)c1ccccc1,0.42,362.15
tetraethylazanium;chloride,tetradecanoic acid,CC[N+](CC)(CC)CC.[Cl-],CCCCCCCCCCCCCC(=O)O,0.511,361.95
2-hydroxyethyl(trimethyl)azanium;chloride,2-(3-benzoylphenyl)propanoic acid,C[N+](C)(C)CCO.[Cl-],CC(C(=O)O)c1cccc(C(=O)c2ccccc2)c1,0.103,361.62
2-hydroxyethyl(trimethyl)azanium;chloride,1H-imidazole,C[N+](C)(C)CCO.[Cl-],c1c[nH]cn1,0.5,361.2913
2-hydroxyethyl(trimethyl)azanium;chloride,"(2S,3R)-butane-1,2,3,4-tetrol",C[N+](C)(C)CCO.[Cl-],OC[C@@H](O)[C@@H](O)CO,0.303,361.211
2-hydroxyethyl(trimethyl)azanium;chloride,2-phenylacetic acid,C[N+](C)(C)CCO.[Cl-],O=C(O)Cc1ccccc1,0.552,361.15
2-hydroxyethyl(trimethyl)azanium;chloride,oxalic acid,C[N+](C)(C)CCO.[Cl-],O=C(O)C(=O)O,0.3,361
2-(trimethylazaniumyl)acetate;hydrate,propanoic acid,C[N+](C)(C)CC(=O)[O-].O,CCC(=O)O,0.335,360.871
tetrapentylazanium;bromide,butanedioic acid,CCCCC[N+](CCCCC)(CCCCC)CCCCC.[Br-],O=C(O)CCC(=O)O,0.706,360.87
2-(trimethylazaniumyl)acetate,2-hydroxybenzoic acid,C[N+](C)(C)CC(=O)[O-],O=C(O)c1ccccc1O,0.398,360.8
"1H-Imidazolium, 3-[2-[(1R,5S)-6,6-dimethylbicyclo[3.1.1]hept-2-en-2-yl]ethyl]-1-methyl-, methanesulfonate (1:1) (ACI)",urea,CS(=O)(=O)[O-].Cn1cc[n+](CCC2=CC[C@H]3C[C@@H]2C3(C)C)c1,NC(N)=O,0.71,360.294
tetramethylazanium;chloride,tetradecanoic acid,C[N+](C)(C)C.[Cl-],CCCCCCCCCCCCCC(=O)O,0.398,360.25
Choline chloride,4-Hydroxybenzoic acid,C[N+](C)(C)CCO.[Cl-],C1=CC(=CC=C1C(=O)O)O,0.666666667,360.15
Choline chloride,Resorcinol,C[N+](C)(C)CCO.[Cl-],C1=CC(=CC(=C1)O)O,0.2,360.15
2-hydroxyethyl(trimethyl)azanium;chloride,4-hydroxybenzoic acid,C[N+](C)(C)CCO.[Cl-],O=C(O)c1ccc(O)cc1,0.67,360.15
2-hydroxyethyl(trimethyl)azanium;chloride,4-hydroxybenzoic acid,C[N+](C)(C)CCO.[Cl-],O=C(O)c1ccc(O)cc1,0.6667,360.15
2-hydroxyethyl(trimethyl)azanium;chloride,"(3R,4S,5R)-oxane-2,3,4,5-tetrol",C[N+](C)(C)CCO.[Cl-],OC1OC[C@@H](O)[C@H](O)[C@H]1O,0.293,359.82
2-hydroxyethyl(trimethyl)azanium;chloride,"(3R,4S,5S)-oxane-2,3,4,5-tetrol",C[N+](C)(C)CCO.[Cl-],OC1OC[C@H](O)[C@H](O)[C@H]1O,0.3,359.72
2-(trimethylazaniumyl)acetate,2-hydroxybenzoic acid,C[N+](C)(C)CC(=O)[O-],O=C(O)c1ccccc1O,0.199,359.7
2-hydroxyethyl(trimethyl)azanium;chloride,"(2S,3R)-butane-1,2,3,4-tetrol",C[N+](C)(C)CCO.[Cl-],OC[C@@H](O)[C@@H](O)CO,0.59,359.641
2-hydroxyethyl(trimethyl)azanium;chloride,"(2R,3R,4R,5S)-hexane-1,2,3,4,5,6-hexol",C[N+](C)(C)CCO.[Cl-],OC[C@@H](O)[C@@H](O)[C@H](O)[C@@H](O)CO,0.122,359.322
2-(trimethylazaniumyl)acetate,urea,C[N+](C)(C)CC(=O)[O-],NC(N)=O,0.192,359.3
2-(trimethylazaniumyl)acetate,5-methyl-2-propan-2-ylphenol,C[N+](C)(C)CC(=O)[O-],Cc1ccc(C(C)C)c(O)c1,0.499,359.2
tetrapentylazanium;bromide,heptanedioic acid,CCCCC[N+](CCCCC)(CCCCC)CCCCC.[Br-],O=C(O)CCCCCC(=O)O,0.28,359.195
Choline chloride,Resorcinol,C[N+](C)(C)CCO.[Cl-],C1=CC(=CC(=C1)O)O,0.222222222,359.15
trichloroiron,2-hydroxyethyl(trimethyl)azanium;chloride,[Cl-].[Fe+3].[Cl-].[Cl-],C[N+](C)(C)CCO.[Cl-],0.7553,359.1136
2-hydroxyethyl(trimethyl)azanium;chloride,oxalic acid,C[N+](C)(C)CCO.[Cl-],O=C(O)C(=O)O,0.6,359
2-hydroxyethyl(trimethyl)azanium;chloride,pentanedioic acid,C[N+](C)(C)CCO.[Cl-],O=C(O)CCCC(=O)O,0.101,358.68
2-hydroxyethyl(trimethyl)azanium;chloride,2-hydroxybutanedioic acid,C[N+](C)(C)CCO.[Cl-],O=C(O)CC(O)C(=O)O,0.399,358.68
2-hydroxyethyl(trimethyl)azanium;chloride,2-hydroxybutanedioic acid,C[N+](C)(C)CCO.[Cl-],O=C(O)CC(O)C(=O)O,0.6,358.52
tetrapentylazanium;bromide,"(2S,3R)-butane-1,2,3,4-tetrol",CCCCC[N+](CCCCC)(CCCCC)CCCCC.[Br-],OC[C@@H](O)[C@@H](O)CO,0.747,358.3
Choline chloride,Adipic acid,C[N+](C)(C)CCO.[Cl-],C(CCC(=O)O)CC(=O)O,0.5,358.15
2-hydroxyethyl(trimethyl)azanium;chloride,hexanedioic acid,C[N+](C)(C)CCO.[Cl-],O=C(O)CCCCC(=O)O,0.5,358.15
"1H-Imidazolium, 3-[2-[(1R,5S)-6,6-dimethylbicyclo[3.1.1]hept-2-en-2-yl]ethyl]-1-methyl-, methanesulfonate (1:1) (ACI)",4-oxopentanoic acid,CS(=O)(=O)[O-].Cn1cc[n+](CCC2=CC[C@H]3C[C@@H]2C3(C)C)c1,CC(=O)CCC(=O)O,0.705,357.971
tetrapentylazanium;bromide,butanedioic acid,CCCCC[N+](CCCCC)(CCCCC)CCCCC.[Br-],O=C(O)CCC(=O)O,0.593,357.888
tetrabutylazanium;bromide,1H-imidazole,CCCC[N+](CCCC)(CCCC)CCCC.[Br-],c1c[nH]cn1,0.1,357.7936
2-hydroxyethyl(trimethyl)azanium;chloride,"2,3-dihydroxybutanedioic acid",C[N+](C)(C)CCO.[Cl-],O=C(O)C(O)C(O)C(=O)O,0.705,357.62
[N3333]Br,adipic acid,CCC[N+](CCC)(CCC)CCC.[Br-],C(CCC(=O)O)CC(=O)O,0.617507595,357.32
2-hydroxyethyl(trimethyl)azanium;chloride,urea,C[N+](C)(C)CCO.[Cl-],NC(N)=O,0.56,357.283
2-hydroxyethyl(trimethyl)azanium;chloride,"2-hydroxypropane-1,2,3-tricarboxylic acid",C[N+](C)(C)CCO.[Cl-],O=C(O)CC(O)(CC(=O)O)C(=O)O,0.549,356.75
"1,10-phenanthroline",5-methyl-2-propan-2-ylphenol,c1cnc2c(c1)ccc1cccnc12,Cc1ccc(C(C)C)c(O)c1,0.717,356.6529
[N2222]Br,adipic acid,CC[N+](CC)(CC)CC.[Br-],C(CCC(=O)O)CC(=O)O,0.50773174,356.52
2-hydroxyethyl(trimethyl)azanium;chloride,1H-imidazole,C[N+](C)(C)CCO.[Cl-],c1c[nH]cn1,0.4,355.979
2-hydroxyethyl(trimethyl)azanium;chloride,"benzene-1,3-diol",C[N+](C)(C)CCO.[Cl-],Oc1cccc(O)c1,0.905,355.902
tetrapentylazanium;bromide,"(2S,3R)-butane-1,2,3,4-tetrol",CCCCC[N+](CCCCC)(CCCCC)CCCCC.[Br-],OC[C@@H](O)[C@@H](O)CO,0.502,355.9
tetrabutylazanium;bromide,1H-imidazole,CCCC[N+](CCCC)(CCCC)CCCC.[Br-],c1c[nH]cn1,0.6,355.6607
[N5555]Br,succinic acid,CCCCC[N+](CCCCC)(CCCCC)CCCCC.[Br-],C(CC(=O)O)C(=O)O,0.597722054,355.65
betaine,urea,C[N+](C)(C)CC(=O)[O-],C(=O)(N)N,0.203728159,355.3
tetrapentylazanium;bromide,heptanedioic acid,CCCCC[N+](CCCCC)(CCCCC)CCCCC.[Br-],O=C(O)CCCCCC(=O)O,0.78,355.172
2-hydroxyethyl(trimethyl)azanium;chloride,urea,C[N+](C)(C)CCO.[Cl-],NC(N)=O,0.197,355.069
[N4444]Br,succinic acid,CCCC[N+](CCCC)(CCCC)CCCC.[Br-],C(CC(=O)O)C(=O)O,0.816589691,354.99
2-hydroxyethyl(trimethyl)azanium;chloride,2-acetyloxybenzoic acid,C[N+](C)(C)CCO.[Cl-],CC(=O)Oc1ccccc1C(=O)O,0.206,354.85
2-hydroxyethyl(trimethyl)azanium;chloride,2-(3-benzoylphenyl)propanoic acid,C[N+](C)(C)CCO.[Cl-],CC(C(=O)O)c1cccc(C(=O)c2ccccc2)c1,0.213,354.72
2-(trimethylazaniumyl)acetate,benzoic acid,C[N+](C)(C)CC(=O)[O-],O=C(O)c1ccccc1,0.3,353.8
tetrapropylazanium;chloride,tetradecanoic acid,CCC[N+](CCC)(CCC)CCC.[Cl-],CCCCCCCCCCCCCC(=O)O,0.6,353.75
dulcitol,sorbitol,C([C@H]([C@@H]([C@@H]([C@H](CO)O)O)O)O)O,C([C@H]([C@H]([C@@H]([C@H](CO)O)O)O)O)O,0.097109452,353.68
methyl(triphenyl)phosphanium;bromide,"propane-1,2,3-triol",C[P+](c1ccccc1)(c1ccccc1)c1ccccc1.[Br-],OCC(O)CO,0.666667,353.58
2-hydroxyethyl(trimethyl)azanium;chloride,"(3S,4S,5S,6R)-6-(hydroxymethyl)oxane-2,3,4,5-tetrol",C[N+](C)(C)CCO.[Cl-],OC[C@H]1OC(O)[C@@H](O)[C@@H](O)[C@@H]1O,0.401,353.58
2-hydroxyethyl(trimethyl)azanium;chloride,"(2S,3R)-butane-1,2,3,4-tetrol",C[N+](C)(C)CCO.[Cl-],OC[C@@H](O)[C@@H](O)CO,0.35,353.363
2-hydroxyethyl(trimethyl)azanium;chloride,tetradecan-1-ol,C[N+](C)(C)CCO.[Cl-],CCCCCCCCCCCCCCO,0.551,353.18
Imidazole,Sorbitol,C1=CN=CN1,C([C@H]([C@H]([C@@H]([C@H](CO)O)O)O)O)O,0.861946831,353.15
Dimethylurea,Glucose,CNC(=O)NC,C([C@@H]1[C@H]([C@@H]([C@H](C(O1)O)O)O)O)O,0.826719984,353.15
Pyrazole,Glucose,C1=CNN=C1,C([C@@H]1[C@H]([C@@H]([C@H](C(O1)O)O)O)O)O,0.725749275,353.15
Dimethylurea,Mannose,CNC(=O)NC,C([C@@H]1[C@H]([C@@H]([C@@H](C(O1)O)O)O)O)O,0.754123064,353.15
2-hydroxyethyl(trimethyl)azanium;chloride,2-hydroxybenzoic acid,C[N+](C)(C)CCO.[Cl-],O=C(O)c1ccccc1O,0.403,352.7
2-hydroxyethyl(trimethyl)azanium;chloride,pentanedioic acid,C[N+](C)(C)CCO.[Cl-],O=C(O)CCCC(=O)O,0.151,352.58
2-hydroxyethyl(trimethyl)azanium;chloride,"2,3-dihydroxybutanedioic acid",C[N+](C)(C)CCO.[Cl-],O=C(O)C(O)C(O)C(=O)O,0.498,352.35
2-hydroxyethyl(trimethyl)azanium;chloride,N-(4-hydroxyphenyl)acetamide,C[N+](C)(C)CCO.[Cl-],CC(=O)Nc1ccc(O)cc1,0.407,352.08
methyl(triphenyl)phosphanium;bromide,"ethane-1,2-diol",C[P+](c1ccccc1)(c1ccccc1)c1ccccc1.[Br-],OCCO,0.5,352.08
2-hydroxyethyl(trimethyl)azanium;chloride,"(2S,3R)-butane-1,2,3,4-tetrol",C[N+](C)(C)CCO.[Cl-],OC[C@@H](O)[C@@H](O)CO,0.539,351.794
2-hydroxyethyl(trimethyl)azanium;chloride,2-hydroxypropanoic acid,C[N+](C)(C)CCO.[Cl-],CC(O)C(=O)O,0.599,351.42
2-hydroxyethyl(trimethyl)azanium;chloride,2-[4-(2-methylpropyl)phenyl]propanoic acid,C[N+](C)(C)CCO.[Cl-],CC(C)Cc1ccc(C(C)C(=O)O)cc1,0.513,351.25
2-hydroxyethyl(trimethyl)azanium;chloride,benzoic acid,C[N+](C)(C)CCO.[Cl-],O=C(O)c1ccccc1,0.28,351.15
2-hydroxyethyl(trimethyl)azanium;chloride,oxalic acid,C[N+](C)(C)CCO.[Cl-],O=C(O)C(=O)O,0.35,351
2-hydroxyethyl(trimethyl)azanium;chloride,"(2S,4R)-pentane-1,2,3,4,5-pentol",C[N+](C)(C)CCO.[Cl-],OC[C@@H](O)C(O)[C@@H](O)CO,0.603,350.973
2-hydroxyethyl(trimethyl)azanium;chloride,"benzene-1,3-diol",C[N+](C)(C)CCO.[Cl-],Oc1cccc(O)c1,0.803,350.927
"1,10-phenanthroline","2,6-ditert-butyl-4-methylphenol",c1cnc2c(c1)ccc1cccnc12,Cc1cc(C(C)(C)C)c(O)c(C(C)(C)C)c1,0.1093,350.2893
methyl(triphenyl)phosphanium;bromide,"2,2,2-trifluoroacetamide",C[P+](c1ccccc1)(c1ccccc1)c1ccccc1.[Br-],NC(=O)C(F)(F)F,0.727273,350.19
Dimethylurea,Sorbitol,CNC(=O)NC,C([C@H]([C@H]([C@@H]([C@H](CO)O)O)O)O)O,0.756174505,350.15
Choline chloride,Gallic acid,C[N+](C)(C)CCO.[Cl-],C1=C(C=C(C(=C1O)O)O)C(=O)O,0.666666667,350.15
2-hydroxyethyl(trimethyl)azanium;chloride,"3,4,5-trihydroxybenzoic acid",C[N+](C)(C)CCO.[Cl-],O=C(O)c1cc(O)c(O)c(O)c1,0.67,350.15
2-hydroxyethyl(trimethyl)azanium;chloride,"(2R,3R,4R,5S)-hexane-1,2,3,4,5,6-hexol",C[N+](C)(C)CCO.[Cl-],OC[C@@H](O)[C@@H](O)[C@H](O)[C@@H](O)CO,0.135,350
2-hydroxyethyl(trimethyl)azanium;chloride,"(2S,4R)-pentane-1,2,3,4,5-pentol",C[N+](C)(C)CCO.[Cl-],OC[C@@H](O)C(O)[C@@H](O)CO,0.2,349.89
2-hydroxyethyl(trimethyl)azanium;chloride,2-(3-benzoylphenyl)propanoic acid,C[N+](C)(C)CCO.[Cl-],CC(C(=O)O)c1cccc(C(=O)c2ccccc2)c1,0.31,349.75
Tetrabutylammonium bromide,Triethanol amine,CCCC[N+](CCCC)(CCCC)CCCC.[Br-],C(CO)N(CCO)CCO,0.25,349.73
tetraethylazanium;bromide,butanedioic acid,CC[N+](CC)(CC)CC.[Br-],O=C(O)CCC(=O)O,0.5,349.3
dichlorotin,2-hydroxyethyl(trimethyl)azanium;chloride,[Cl-].[Sn+2].[Cl-],C[N+](C)(C)CCO.[Cl-],0.7553,349.2955
[N1111]Cl,ibuprofen,C[N+](C)(C)C.[Cl-],CC(C)CC1=CC=C(C=C1)C(C)C(=O)O,0.023303427,349.1
2-hydroxyethyl(trimethyl)azanium;chloride,oxalic acid,C[N+](C)(C)CCO.[Cl-],O=C(O)C(=O)O,0.55,349
2-hydroxyethyl(trimethyl)azanium;chloride,"2-hydroxypropane-1,2,3-tricarboxylic acid",C[N+](C)(C)CCO.[Cl-],O=C(O)CC(O)(CC(=O)O)C(=O)O,0.6,348.98
tetraethylazanium;chloride,dodecanoic acid,CC[N+](CC)(CC)CC.[Cl-],CCCCCCCCCCCC(=O)O,0.4907,348.9236
tetraethylazanium;chloride,dodecanoic acid,CC[N+](CC)(CC)CC.[Cl-],CCCCCCCCCCCC(=O)O,0.489,348.85
methyl(triphenyl)phosphanium;bromide,"propane-1,2,3-triol",C[P+](c1ccccc1)(c1ccccc1)c1ccccc1.[Br-],OCC(O)CO,0.5,348.75
2-hydroxyethyl(trimethyl)azanium;chloride,"ethane-1,2-diol",C[N+](C)(C)CCO.[Cl-],OCCO,0.549,348.678
ChCl,ketoprofen,C[N+](C)(C)CCO.[Cl-],CC(C1=CC(=CC=C1)C(=O)C2=CC=CC=C2)C(=O)O,0.3099465,348.64
2-hydroxyethyl(trimethyl)azanium;chloride,5-methyl-2-propan-2-ylphenol,C[N+](C)(C)CCO.[Cl-],Cc1ccc(C(C)C)c(O)c1,0.5,348.6
"1H-Imidazolium, 3-[2-[(1R,5S)-6,6-dimethylbicyclo[3.1.1]hept-2-en-2-yl]ethyl]-1-methyl-, methanesulfonate (1:1) (ACI)",urea,CS(=O)(=O)[O-].Cn1cc[n+](CCC2=CC[C@H]3C[C@@H]2C3(C)C)c1,NC(N)=O,0.148,348.529
[N5555]Br,erythritol,CCCCC[N+](CCCCC)(CCCCC)CCCCC.[Br-],C([C@H]([C@H](CO)O)O)O,0.589232686,348.38
2-hydroxyethyl(trimethyl)azanium;chloride,2-methylphenol,C[N+](C)(C)CCO.[Cl-],Cc1ccccc1O,0.454,348.3
Dimethylurea,Mannose,CNC(=O)NC,C([C@@H]1[C@H]([C@@H]([C@@H](C(O1)O)O)O)O)O,0.826719984,348.15
2-(trimethylazaniumyl)acetate,benzoic acid,C[N+](C)(C)CC(=O)[O-],O=C(O)c1ccccc1,0.333,347.98
2-hydroxyethyl(trimethyl)azanium;chloride,"(2S,4R)-pentane-1,2,3,4,5-pentol",C[N+](C)(C)CCO.[Cl-],OC[C@@H](O)C(O)[C@@H](O)CO,0.103,347.86
tetraethylazanium;bromide,hexanedioic acid,CC[N+](CC)(CC)CC.[Br-],O=C(O)CCCCC(=O)O,0.49,347.86
2-(trimethylazaniumyl)acetate,2-hydroxybenzoic acid,C[N+](C)(C)CC(=O)[O-],O=C(O)c1ccccc1O,0.298,347.8
tetramethylazanium;chloride,decanoic acid,C[N+](C)(C)C.[Cl-],CCCCCCCCCC(=O)O,0.31,347.75
tetrapentylazanium;bromide,heptanedioic acid,CCCCC[N+](CCCCC)(CCCCC)CCCCC.[Br-],O=C(O)CCCCCC(=O)O,0.71,347.701
2-hydroxyethyl(trimethyl)azanium;chloride,"(2R,3R,4R,5S)-hexane-1,2,3,4,5,6-hexol",C[N+](C)(C)CCO.[Cl-],OC[C@@H](O)[C@@H](O)[C@H](O)[C@@H](O)CO,0.577,347.458
L-carnitine,Urea,C[N+](C)(C)C[C@@H](CC(=O)[O-])O,C(=O)(N)N,0.198955793,347.15
pyridine-3-carboxamide,2-hydroxyacetic acid,NC(=O)c1cccnc1,O=C(O)CO,0.701,346.798
tetrapropylazanium;chloride,decanoic acid,CCC[N+](CCC)(CCC)CCC.[Cl-],CCCCCCCCCC(=O)O,0.5,346.25
tetraethylazanium;chloride,decanoic acid,CC[N+](CC)(CC)CC.[Cl-],CCCCCCCCCC(=O)O,0.5,346.25
"1,10-phenanthroline",5-methyl-2-propan-2-ylphenol,c1cnc2c(c1)ccc1cccnc12,Cc1ccc(C(C)C)c(O)c1,0.6334,346.2397
betaine,salicylic acid,C[N+](C)(C)CC(=O)[O-],C1=CC=C(C(=C1)C(=O)O)O,0.289363361,345.92
2-hydroxyethyl(trimethyl)azanium;chloride,2-hydroxybutanedioic acid,C[N+](C)(C)CCO.[Cl-],O=C(O)CC(O)C(=O)O,0.451,345.92
"1H-Imidazolium, 3-[2-[(1R,5S)-6,6-dimethylbicyclo[3.1.1]hept-2-en-2-yl]ethyl]-1-methyl-, methanesulfonate (1:1) (ACI)",urea,CS(=O)(=O)[O-].Cn1cc[n+](CCC2=CC[C@H]3C[C@@H]2C3(C)C)c1,NC(N)=O,0.6,345.588
2-hydroxyethyl(trimethyl)azanium;chloride,2-hydroxyacetic acid,C[N+](C)(C)CCO.[Cl-],O=C(O)CO,0.05,345.42
2-hydroxyethyl(trimethyl)azanium;chloride,pentanedioic acid,C[N+](C)(C)CCO.[Cl-],O=C(O)CCCC(=O)O,0.201,345.38
"1,10-phenanthroline","2,6-ditert-butyl-4-methylphenol",c1cnc2c(c1)ccc1cccnc12,Cc1cc(C(C)(C)C)c(O)c(C(C)(C)C)c1,0.7974,345.0826
2-hydroxyethyl(trimethyl)azanium;chloride,butanedioic acid,C[N+](C)(C)CCO.[Cl-],O=C(O)CCC(=O)O,0.55,345
trichloroiron,2-hydroxyethyl(trimethyl)azanium;chloride,[Cl-].[Fe+3].[Cl-].[Cl-],C[N+](C)(C)CCO.[Cl-],0.7147,344.9318
"1H-Imidazolium, 3-[2-[(1R,5S)-6,6-dimethylbicyclo[3.1.1]hept-2-en-2-yl]ethyl]-1-methyl-, methanesulfonate (1:1) (ACI)",4-oxopentanoic acid,CS(=O)(=O)[O-].Cn1cc[n+](CCC2=CC[C@H]3C[C@@H]2C3(C)C)c1,CC(=O)CCC(=O)O,0.596,344.928
2-hydroxyethyl(trimethyl)azanium;chloride,octadecan-1-ol,C[N+](C)(C)CCO.[Cl-],CCCCCCCCCCCCCCCCCCO,0.587,344.82
2-(trimethylazaniumyl)acetate,"(2S,4R)-pentane-1,2,3,4,5-pentol",C[N+](C)(C)CC(=O)[O-],OC[C@@H](O)C(O)[C@@H](O)CO,0.25,344.76
2-hydroxyethyl(trimethyl)azanium;chloride,2-[4-(2-methylpropyl)phenyl]propanoic acid,C[N+](C)(C)CCO.[Cl-],CC(C)Cc1ccc(C(C)C(=O)O)cc1,0.111,344.52
tetrapentylazanium;bromide,"(2S,3R)-butane-1,2,3,4-tetrol",CCCCC[N+](CCCCC)(CCCCC)CCCCC.[Br-],OC[C@@H](O)[C@@H](O)CO,0.588,344.5
tetraethylazanium;chloride,decanoic acid,CC[N+](CC)(CC)CC.[Cl-],CCCCCCCCCC(=O)O,0.508,344.22
2-(trimethylazaniumyl)acetate,octadecan-1-ol,C[N+](C)(C)CC(=O)[O-],CCCCCCCCCCCCCCCCCCO,0.399,344.2
Dimethylurea,Fructose,CNC(=O)NC,C1[C@H]([C@H]([C@@H](C(O1)(CO)O)O)O)O,0.467038237,344.15
Choline chloride,Succinic acid,C[N+](C)(C)CCO.[Cl-],C(CC(=O)O)C(=O)O,0.5,344.15
lithium;bis(trifluoromethylsulfonyl)azanide,N-methylacetamide,O=S(=O)([N-]S(=O)(=O)C(F)(F)F)C(F)(F)F.[Li+],CNC(C)=O,0.4,343.973
2-[4-(2-methylpropyl)phenyl]propanoic acid,hexadecanoic acid,CC(C)Cc1ccc(C(C)C(=O)O)cc1,CCCCCCCCCCCCCCCC(=O)O,0.9029,343.91
2-hydroxyethyl(trimethyl)azanium;chloride,dodecanoic acid,C[N+](C)(C)CCO.[Cl-],CCCCCCCCCCCC(=O)O,0.497,343.85
2-hydroxyethyl(trimethyl)azanium;chloride,"(2R,3R,4R,5S)-hexane-1,2,3,4,5,6-hexol",C[N+](C)(C)CCO.[Cl-],OC[C@@H](O)[C@@H](O)[C@H](O)[C@@H](O)CO,0.192,343.75
[N3333]Br,erythritol,CCC[N+](CCC)(CCC)CCC.[Br-],C([C@H]([C@H](CO)O)O)O,0.455889315,343.74
2-hydroxyethyl(trimethyl)azanium;chloride,"2-hydroxypropane-1,2,3-tricarboxylic acid",C[N+](C)(C)CCO.[Cl-],O=C(O)CC(O)(CC(=O)O)C(=O)O,0.686,343.55
2-hydroxyethyl(trimethyl)azanium;chloride,decanoic acid,C[N+](C)(C)CCO.[Cl-],CCCCCCCCCC(=O)O,0.485,343.3
tetramethylazanium;chloride,octadecanoic acid,C[N+](C)(C)C.[Cl-],CCCCCCCCCCCCCCCCCC(=O)O,0.102,343.25
Choline chloride,"1,3-Dimethyl urea",C[N+](C)(C)CCO.[Cl-],CNC(=O)NC,0.333333333,343.15
dichlorotin,2-chloroethyl(trimethyl)azanium;chloride,[Cl-].[Sn+2].[Cl-],C[N+](C)(C)CCCl.[Cl-],0.666667,343.15
Pyrazole,Isomaltose,C1=CNN=C1,C([C@@H]1[C@H]([C@@H]([C@H]([C@H](O1)OC[C@@H]2[C@H]([C@@H]([C@H](C(O2)O)O)O)O)O)O)O)O,0.834104976,343.15
4-Methylimidazole,Isomaltose,CC1=CN=CN1,C([C@@H]1[C@H]([C@@H]([C@H]([C@H](O1)OC[C@@H]2[C@H]([C@@H]([C@H](C(O2)O)O)O)O)O)O)O)O,0.906789282,343.15
4-Methylimidazole,Sucrose,CC1=CN=CN1,C([C@@H]1[C@H]([C@@H]([C@H]([C@H](O1)O[C@]2([C@H]([C@@H]([C@H](O2)CO)O)O)CO)O)O)O)O,0.862144236,343.15
2-(trimethylazaniumyl)acetate,octadecanoic acid,C[N+](C)(C)CC(=O)[O-],CCCCCCCCCCCCCCCCCC(=O)O,0.1,343
2-hydroxyethyl(trimethyl)azanium;chloride,butanedioic acid,C[N+](C)(C)CCO.[Cl-],O=C(O)CCC(=O)O,0.5,343
2-hydroxyethyl(trimethyl)azanium;chloride,pentanedioic acid,C[N+](C)(C)CCO.[Cl-],O=C(O)CCCC(=O)O,0.552,342.85
trichloroiron,2-hydroxyethyl(trimethyl)azanium;chloride,[Cl-].[Fe+3].[Cl-].[Cl-],C[N+](C)(C)CCO.[Cl-],0.1792,342.75
tetramethylazanium;chloride,octadecanoic acid,C[N+](C)(C)C.[Cl-],CCCCCCCCCCCCCCCCCC(=O)O,0.195,342.65
2-hydroxyethyl(trimethyl)azanium;chloride,"benzene-1,3-diol",C[N+](C)(C)CCO.[Cl-],Oc1cccc(O)c1,0.753,342.637
tetraethylazanium;chloride,octadecanoic acid,CC[N+](CC)(CC)CC.[Cl-],CCCCCCCCCCCCCCCCCC(=O)O,0.103,342.52
2-hydroxyethyl(trimethyl)azanium;chloride,3-phenylpropanoic acid,C[N+](C)(C)CCO.[Cl-],O=C(O)CCc1ccccc1,0.45,342.483
2-hydroxyethyl(trimethyl)azanium;chloride,octadecanoic acid,C[N+](C)(C)CCO.[Cl-],CCCCCCCCCCCCCCCCCC(=O)O,0.108,342.45
tetrapropylazanium;chloride,octadecanoic acid,CCC[N+](CCC)(CCC)CCC.[Cl-],CCCCCCCCCCCCCCCCCC(=O)O,0.11,342.43
2-hydroxyethyl(trimethyl)azanium;chloride,"(2S,3R)-butane-1,2,3,4-tetrol",C[N+](C)(C)CCO.[Cl-],OC[C@@H](O)[C@@H](O)CO,0.394,342.377
tetraethylazanium;chloride,octadecanoic acid,CC[N+](CC)(CC)CC.[Cl-],CCCCCCCCCCCCCCCCCC(=O)O,0.117,342.25
ethanamine;hydrochloride,urea,[Cl-].CC[NH3+],NC(N)=O,0.249,342.193
2-hydroxyethyl(trimethyl)azanium;chloride,"(2R,3R,4R,5S)-hexane-1,2,3,4,5,6-hexol",C[N+](C)(C)CCO.[Cl-],OC[C@@H](O)[C@@H](O)[C@H](O)[C@@H](O)CO,0.315,342.188
Choline chloride,Thiourea,C[N+](C)(C)CCO.[Cl-],C(=S)(N)N,0.333333333,342.15
2-hydroxyethyl(trimethyl)azanium;chloride,thiourea,C[N+](C)(C)CCO.[Cl-],NC(N)=S,0.3333,342.15
Choline chloride,Citric acid,C[N+](C)(C)CCO.[Cl-],C(C(=O)O)C(CC(=O)O)(C(=O)O)O,0.5,342.15
2-hydroxyethyl(trimethyl)azanium;chloride,1H-imidazole,C[N+](C)(C)CCO.[Cl-],c1c[nH]cn1,0.1,341.9881
2-hydroxyethyl(trimethyl)azanium;chloride,urea,C[N+](C)(C)CCO.[Cl-],NC(N)=O,0.227,341.785
2-hydroxyethyl(trimethyl)azanium;chloride,octadecanoic acid,C[N+](C)(C)CCO.[Cl-],CCCCCCCCCCCCCCCCCC(=O)O,0.189,341.72
2-hydroxyethyl(trimethyl)azanium;chloride,"(3R,4S,5R)-oxane-2,3,4,5-tetrol",C[N+](C)(C)CCO.[Cl-],OC1OC[C@@H](O)[C@H](O)[C@H]1O,0.399,341.72
2-hydroxyethyl(trimethyl)azanium;chloride,"(2S,4R)-pentane-1,2,3,4,5-pentol",C[N+](C)(C)CCO.[Cl-],OC[C@@H](O)C(O)[C@@H](O)CO,0.182,341.634
2-hydroxyethyl(trimethyl)azanium;chloride,"2,3-dihydroxybutanedioic acid",C[N+](C)(C)CCO.[Cl-],O=C(O)C(O)C(O)C(=O)O,0.55,341.62
octadecanoic acid,hexadecanoic acid,CCCCCCCCCCCCCCCCCC(=O)O,CCCCCCCCCCCCCCCC(=O)O,0.8996,341.61
2-hydroxyethyl(trimethyl)azanium;chloride,"(3R,4S,5S)-oxane-2,3,4,5-tetrol",C[N+](C)(C)CCO.[Cl-],OC1OC[C@H](O)[C@H](O)[C@H]1O,0.394,341.52
octadecanoic acid,dodecanoic acid,CCCCCCCCCCCCCCCCCC(=O)O,CCCCCCCCCCCC(=O)O,0.8997,341.47
tetraethylazanium;chloride,tetradecanoic acid,CC[N+](CC)(CC)CC.[Cl-],CCCCCCCCCCCCCC(=O)O,0.464,341.4
2-hydroxyethyl(trimethyl)azanium;chloride,octadecan-1-ol,C[N+](C)(C)CCO.[Cl-],CCCCCCCCCCCCCCCCCCO,0.599,341.25
2-hydroxyethyl(trimethyl)azanium;chloride,2-hydroxybenzoic acid,C[N+](C)(C)CCO.[Cl-],O=C(O)c1ccccc1O,0.5,341.15
5-methyl-2-propan-2-ylphenol,octadecanoic acid,Cc1ccc(C(C)C)c(O)c1,CCCCCCCCCCCCCCCCCC(=O)O,0.1,341.05
2-hydroxyethyl(trimethyl)azanium;chloride,pentanedioic acid,C[N+](C)(C)CCO.[Cl-],O=C(O)CCCC(=O)O,0.25,341.02
2-hydroxyethyl(trimethyl)azanium;chloride,"benzene-1,3-diol",C[N+](C)(C)CCO.[Cl-],Oc1cccc(O)c1,0.102,340.979
"(1R,2S,5R)-5-methyl-2-propan-2-ylcyclohexan-1-ol",octadecanoic acid,CC(C)[C@@H]1CC[C@@H](C)C[C@H]1O,CCCCCCCCCCCCCCCCCC(=O)O,0.1,340.88
tetramethylazanium;chloride,octadecan-1-ol,C[N+](C)(C)C.[Cl-],CCCCCCCCCCCCCCCCCCO,0.507,340.7
tetrapropylazanium;bromide,"(2S,3R)-butane-1,2,3,4-tetrol",CCC[N+](CCC)(CCC)CCC.[Br-],OC[C@@H](O)[C@@H](O)CO,0.6,340.6914
2-hydroxyethyl(trimethyl)azanium;chloride,octadecanoic acid,C[N+](C)(C)CCO.[Cl-],CCCCCCCCCCCCCCCCCC(=O)O,0.297,340.68
octadecanoic acid,decanoic acid,CCCCCCCCCCCCCCCCCC(=O)O,CCCCCCCCCC(=O)O,0.8987,340.66
2-hydroxyethyl(trimethyl)azanium;chloride,2-acetyloxybenzoic acid,C[N+](C)(C)CCO.[Cl-],CC(=O)Oc1ccccc1C(=O)O,0.286,340.65
2-[4-(2-methylpropyl)phenyl]propanoic acid,hexadecanoic acid,CC(C)Cc1ccc(C(C)C(=O)O)cc1,CCCCCCCCCCCCCCCC(=O)O,0.8065,340.64
2-hydroxyethyl(trimethyl)azanium;chloride,2-hydroxybenzoic acid,C[N+](C)(C)CCO.[Cl-],O=C(O)c1ccccc1O,0.496,340.6
[N2222]Br,succinic acid,CC[N+](CC)(CC)CC.[Br-],C(CC(=O)O)C(=O)O,0.500172891,340.42
betaine,octadecanoic acid,C[N+](C)(C)CC(=O)[O-],CCCCCCCCCCCCCCCCCC(=O)O,0.18011772,340.4
2-hydroxyethyl(trimethyl)azanium;chloride,"(1R,4R)-1,7,7-trimethylbicyclo[2.2.1]heptan-2-one",C[N+](C)(C)CCO.[Cl-],CC1(C)[C@@H]2CC[C@@]1(C)C(=O)C2,0.395,340.4
tetrapropylazanium;chloride,octadecanoic acid,CCC[N+](CCC)(CCC)CCC.[Cl-],CCCCCCCCCCCCCCCCCC(=O)O,0.1,340.25
2-hydroxyethyl(trimethyl)azanium;chloride,5-methyl-2-propan-2-ylphenol,C[N+](C)(C)CCO.[Cl-],Cc1ccc(C(C)C)c(O)c1,0.333333,340.15
2-hydroxyethyl(trimethyl)azanium;chloride,"(E)-3-(3,4-dihydroxyphenyl)prop-2-enoic acid",C[N+](C)(C)CCO.[Cl-],O=C(O)/C=C/c1ccc(O)c(O)c1,0.6667,340.15
Choline tetrafluoroborate,Urea,[B-](F)(F)(F)F.C[N+](C)(C)CCO,C(=O)(N)N,0.333333333,340.15
Choline chloride,P-Coumaric acid,C[N+](C)(C)CCO.[Cl-],C1=CC(=CC=C1/C=C/C(=O)O)O,0.666666667,340.15
Choline chloride,Caffeic acid,C[N+](C)(C)CCO.[Cl-],C1=CC(=C(C=C1/C=C/C(=O)O)O)O,0.666666667,340.15
2-hydroxyethyl(trimethyl)azanium;chloride,(E)-3-(4-hydroxyphenyl)prop-2-enoic acid,C[N+](C)(C)CCO.[Cl-],O=C(O)/C=C/c1ccc(O)cc1,0.67,340.15
2-hydroxyethyl(trimethyl)azanium;chloride,2-phenylacetic acid,C[N+](C)(C)CCO.[Cl-],O=C(O)Cc1ccccc1,0.199,340.15
2-hydroxyethyl(trimethyl)azanium;chloride,"(E)-3-(3,4-dihydroxyphenyl)prop-2-enoic acid",C[N+](C)(C)CCO.[Cl-],O=C(O)/C=C/c1ccc(O)c(O)c1,0.67,340.15
"5-[(2-chlorophenyl)methyl]-6,7-dihydro-4H-thieno[3,2-c]pyridine;hydrochloride","propane-1,2,3-triol",[Cl-].Clc1ccccc1C[NH+]1CCc2sccc2C1,OCC(O)CO,0.33,340.15
pyridine-3-carboxamide,2-hydroxyacetic acid,NC(=O)c1cccnc1,O=C(O)CO,0.6057,340.1478
tetrabutylazanium;chloride,octadecanoic acid,CCCC[N+](CCCC)(CCCC)CCCC.[Cl-],CCCCCCCCCCCCCCCCCC(=O)O,0.099,339.9
tetrapropylazanium;chloride,octadecanoic acid,CCC[N+](CCC)(CCC)CCC.[Cl-],CCCCCCCCCCCCCCCCCC(=O)O,0.202,339.86
chromium(3+);trichloride;hexahydrate,urea,O.O.O.O.O.O.[Cl-].[Cl-].[Cl-].[Cr+3],NC(N)=O,0.199,339.833
2-hydroxyethyl(trimethyl)azanium;chloride,"2,3-dimethylphenol",C[N+](C)(C)CCO.[Cl-],Cc1cccc(O)c1C,0.1,339.8
octadecanoic acid,hexadecanoic acid,CCCCCCCCCCCCCCCCCC(=O)O,CCCCCCCCCCCCCCCC(=O)O,0.8,339.79
2-hydroxyethyl(trimethyl)azanium;chloride,N-(4-hydroxyphenyl)acetamide,C[N+](C)(C)CCO.[Cl-],CC(=O)Nc1ccc(O)cc1,0.597,339.62
ChCl,octadecanoic acid,C[N+](C)(C)CCO.[Cl-],CCCCCCCCCCCCCCCCCC(=O)O,0.3890023,339.6
2-hydroxyethyl(trimethyl)azanium;chloride,octadecanoic acid,C[N+](C)(C)CCO.[Cl-],CCCCCCCCCCCCCCCCCC(=O)O,0.386,339.55
coumarin,paracetamol,C1=CC=C2C(=C1)C=CC(=O)O2,CC(=O)NC1=CC=C(C=C1)O,0.900763847,339.52
2-hydroxyethyl(trimethyl)azanium;chloride,octadecan-1-ol,C[N+](C)(C)CCO.[Cl-],CCCCCCCCCCCCCCCCCCO,0.6,339.48
ChCl,citric acid,C[N+](C)(C)CCO.[Cl-],C(C(=O)O)C(CC(=O)O)(C(=O)O)O,0.685441947,339.48
tetraethylazanium;chloride,octadecanoic acid,CC[N+](CC)(CC)CC.[Cl-],CCCCCCCCCCCCCCCCCC(=O)O,0.189,339.45
tetramethylazanium;chloride,octadecanoic acid,C[N+](C)(C)C.[Cl-],CCCCCCCCCCCCCCCCCC(=O)O,0.314,339.45
2-hydroxyethyl(trimethyl)azanium;chloride,"(2S,4R)-pentane-1,2,3,4,5-pentol",C[N+](C)(C)CCO.[Cl-],OC[C@@H](O)C(O)[C@@H](O)CO,0.3,339.43
octadecanoic acid,dodecanoic acid,CCCCCCCCCCCCCCCCCC(=O)O,CCCCCCCCCCCC(=O)O,0.8006,339.38
5-methyl-2-propan-2-ylphenol,octadecanoic acid,Cc1ccc(C(C)C)c(O)c1,CCCCCCCCCCCCCCCCCC(=O)O,0.2,339.37
[N1111]Cl,octadecanol,C[N+](C)(C)C.[Cl-],CCCCCCCCCCCCCCCCCCO,0.504929274,339.27
tetrabutylazanium;bromide,1H-imidazole,CCCC[N+](CCCC)(CCCC)CCCC.[Br-],c1c[nH]cn1,0.5,339.1637
tetrapropylazanium;chloride,octadecanoic acid,CCC[N+](CCC)(CCC)CCC.[Cl-],CCCCCCCCCCCCCCCCCC(=O)O,0.201,339.05
zinc;dichloride,ethyl(triphenyl)phosphanium;bromide,[Cl-].[Cl-].[Zn+2],CC[P+](c1ccccc1)(c1ccccc1)c1ccccc1.[Br-],0.75,338.98
[N4444]Cl,paracetamol,CCCC[N+](CCCC)(CCCC)CCCC.[Cl-],CC(=O)NC1=CC=C(C=C1)O,0.905242445,338.9
2-hydroxyethyl(trimethyl)azanium;chloride,hexadecanoic acid,C[N+](C)(C)CCO.[Cl-],CCCCCCCCCCCCCCCC(=O)O,0.449,338.85
"(1R,2S,5R)-5-methyl-2-propan-2-ylcyclohexan-1-ol",octadecanoic acid,CC(C)[C@@H]1CC[C@@H](C)C[C@H]1O,CCCCCCCCCCCCCCCCCC(=O)O,0.2,338.68
2-[4-(2-methylpropyl)phenyl]propanoic acid,dodecanoic acid,CC(C)Cc1ccc(C(C)C(=O)O)cc1,CCCCCCCCCCCC(=O)O,0.8994,338.64
octadecanoic acid,decanoic acid,CCCCCCCCCCCCCCCCCC(=O)O,CCCCCCCCCC(=O)O,0.8011,338.62
2-hydroxyethyl(trimethyl)azanium;chloride,2-[4-(2-methylpropyl)phenyl]propanoic acid,C[N+](C)(C)CCO.[Cl-],CC(C)Cc1ccc(C(C)C(=O)O)cc1,0.229,338.62
2-hydroxyethyl(trimethyl)azanium;chloride,1H-imidazole,C[N+](C)(C)CCO.[Cl-],c1c[nH]cn1,0.2,338.546
tetrapentylazanium;bromide,heptanedioic acid,CCCCC[N+](CCCCC)(CCCCC)CCCCC.[Br-],O=C(O)CCCCCC(=O)O,0.388,338.506
2-hydroxyethyl(trimethyl)azanium;chloride,2-hydroxybutanedioic acid,C[N+](C)(C)CCO.[Cl-],O=C(O)CC(O)C(=O)O,0.5,338.42
trichloroiron,2-hydroxyethyl(trimethyl)azanium;chloride,[Cl-].[Fe+3].[Cl-].[Cl-],C[N+](C)(C)CCO.[Cl-],0.6716,338.3864
Urea,Fructose,C(=O)(N)N,C1[C@H]([C@H]([C@@H](C(O1)(CO)O)O)O)O,0.666656799,338.15
trichloroiron,2-hydroxyethyl(trimethyl)azanium;chloride,[Cl-].[Fe+3].[Cl-].[Cl-],C[N+](C)(C)CCO.[Cl-],0.6667,338.15
[N2222]Br,pimelic acid,CC[N+](CC)(CC)CC.[Br-],C(CCC(=O)O)CCC(=O)O,0.453123682,338.05
2-hydroxyethyl(trimethyl)azanium;chloride,5-methyl-2-propan-2-ylphenol,C[N+](C)(C)CCO.[Cl-],Cc1ccc(C(C)C)c(O)c1,0.4,337.9
ChCl,mannose,C[N+](C)(C)CCO.[Cl-],C([C@@H]1[C@H]([C@@H]([C@@H](C(O1)O)O)O)O)O,0.517059928,337.84
zinc;dichloride,urea,[Cl-].[Cl-].[Zn+2],NC(N)=O,0.1641,337.8167
2-hydroxyethyl(trimethyl)azanium;chloride,2-hydroxyacetic acid,C[N+](C)(C)CCO.[Cl-],O=C(O)CO,0.1,337.62
chromium(3+);trichloride;hexahydrate,urea,O.O.O.O.O.O.[Cl-].[Cl-].[Cl-].[Cr+3],NC(N)=O,0.198,337.5785
octadecanoic acid,hexadecanoic acid,CCCCCCCCCCCCCCCCCC(=O)O,CCCCCCCCCCCCCCCC(=O)O,0.7001,337.49
2-(trimethylazaniumyl)acetate,benzoic acid,C[N+](C)(C)CC(=O)[O-],O=C(O)c1ccccc1,0.5,337.35
tetrabutylazanium;chloride,hexadecan-1-ol,CCCC[N+](CCCC)(CCCC)CCCC.[Cl-],CCCCCCCCCCCCCCCCO,0.898,337.3
zinc;dichloride,2-hydroxyethyl(trimethyl)azanium;chloride,[Cl-].[Cl-].[Zn+2],C[N+](C)(C)CCO.[Cl-],0.5091,337.2955
octadecanoic acid,dodecanoic acid,CCCCCCCCCCCCCCCCCC(=O)O,CCCCCCCCCCCC(=O)O,0.7001,337.16
betaine,octadecanol,C[N+](C)(C)CC(=O)[O-],CCCCCCCCCCCCCCCCCCO,0.372470408,336.95
2-hydroxyethyl(trimethyl)azanium;chloride,"benzene-1,3-diol",C[N+](C)(C)CCO.[Cl-],Oc1cccc(O)c1,0.672,336.834
methyl(triphenyl)phosphanium;bromide,"2,2,2-trifluoroacetamide",C[P+](c1ccccc1)(c1ccccc1)c1ccccc1.[Br-],NC(=O)C(F)(F)F,0.5,336.8
ChCl,aspirin,C[N+](C)(C)CCO.[Cl-],CC(=O)OC1=CC=CC=C1C(=O)O,0.277121693,336.79
octadecanoic acid,decanoic acid,CCCCCCCCCCCCCCCCCC(=O)O,CCCCCCCCCC(=O)O,0.7033,336.62
tetraethylazanium;chloride,tetradecanoic acid,CC[N+](CC)(CC)CC.[Cl-],CCCCCCCCCCCCCC(=O)O,0.4,336.52
tetramethylazanium;chloride,octadecan-1-ol,C[N+](C)(C)C.[Cl-],CCCCCCCCCCCCCCCCCCO,0.409,336.5
tetrabutylazanium;chloride,octadecan-1-ol,CCCC[N+](CCCC)(CCCC)CCCC.[Cl-],CCCCCCCCCCCCCCCCCCO,0.899,336.5
ChCl,lidocaine,C[N+](C)(C)CCO.[Cl-],CCN(CC)CC(=O)NC1=C(C=CC=C1C)C,0.494867592,336.46
tetrapropylazanium;chloride,hexadecanoic acid,CCC[N+](CCC)(CCC)CCC.[Cl-],CCCCCCCCCCCCCCCC(=O)O,0.099,336.45
tetraethylazanium;chloride,tetradecanoic acid,CC[N+](CC)(CC)CC.[Cl-],CCCCCCCCCCCCCC(=O)O,0.39,336.25
trichloroiron,2-hydroxyethyl(trimethyl)azanium;chloride,[Cl-].[Fe+3].[Cl-].[Cl-],C[N+](C)(C)CCO.[Cl-],0.2655,336.2045
2-hydroxyethyl(trimethyl)azanium;chloride,"(2R,3R,4R,5S)-hexane-1,2,3,4,5,6-hexol",C[N+](C)(C)CCO.[Cl-],OC[C@@H](O)[C@@H](O)[C@H](O)[C@@H](O)CO,0.566,335.938
tetraethylazanium;chloride,hexadecanoic acid,CC[N+](CC)(CC)CC.[Cl-],CCCCCCCCCCCCCCCC(=O)O,0.1,335.79
pyridine-3-carboxamide,2-hydroxyacetic acid,NC(=O)c1cccnc1,O=C(O)CO,0.3041,335.7143
tetrapropylazanium;chloride,hexadecanoic acid,CCC[N+](CCC)(CCC)CCC.[Cl-],CCCCCCCCCCCCCCCC(=O)O,0.104,335.55
2-hydroxyethyl(trimethyl)azanium;chloride,hexadecan-1-ol,C[N+](C)(C)CCO.[Cl-],CCCCCCCCCCCCCCCCO,0.591,335.42
hexadecanoic acid,tetradecanoic acid,CCCCCCCCCCCCCCCC(=O)O,CCCCCCCCCCCCCC(=O)O,0.951,335.41
2-(trimethylazaniumyl)acetate,octadecan-1-ol,C[N+](C)(C)CC(=O)[O-],CCCCCCCCCCCCCCCCCCO,0.3,335.4
2-hydroxyethyl(trimethyl)azanium;chloride,2-hydroxyacetic acid,C[N+](C)(C)CCO.[Cl-],O=C(O)CO,0.548,335.38
2-hydroxyethyl(trimethyl)azanium;chloride,hexadecanoic acid,C[N+](C)(C)CCO.[Cl-],CCCCCCCCCCCCCCCC(=O)O,0.104,335.28
2-hydroxyethyl(trimethyl)azanium;chloride,phenol,C[N+](C)(C)CCO.[Cl-],Oc1ccccc1,0.454,335.2
tetramethylazanium;chloride,hexadecanoic acid,C[N+](C)(C)C.[Cl-],CCCCCCCCCCCCCCCC(=O)O,0.104,335.15
"(4S,4aS,5aS,6S,12aR)-4-(dimethylamino)-1,6,10,11,12a-pentahydroxy-6-methyl-3,12-dioxo-4,4a,5,5a-tetrahydrotetracene-2-carboxamide","propane-1,2,3-triol",CN(C)[C@@H]1C(=O)C(C(N)=O)=C(O)[C@@]2(O)C(=O)C3=C(O)c4c(O)cccc4[C@@](C)(O)[C@H]3C[C@@H]12,OCC(O)CO,0.33,335.15
ethanamine;hydrochloride,acetamide,[Cl-].CC[NH3+],CC(N)=O,0.75,335.15
zinc;dichloride,2-hydroxyethyl(trimethyl)azanium;chloride,[Cl-].[Cl-].[Zn+2],C[N+](C)(C)CCO.[Cl-],0.6056,335.1136
2-hydroxyethyl(trimethyl)azanium;chloride,"(1R,2S,5R)-5-methyl-2-propan-2-ylcyclohexan-1-ol",C[N+](C)(C)CCO.[Cl-],CC(C)[C@@H]1CC[C@@H](C)C[C@H]1O,0.5,335.1
2-(trimethylazaniumyl)acetate,"(2S,4R)-pentane-1,2,3,4,5-pentol",C[N+](C)(C)CC(=O)[O-],OC[C@@H](O)C(O)[C@@H](O)CO,0.35,335.08
2-hydroxyethyl(trimethyl)azanium;chloride,2-[4-(2-methylpropyl)phenyl]propanoic acid,C[N+](C)(C)CCO.[Cl-],CC(C)Cc1ccc(C(C)C(=O)O)cc1,0.303,335.08
tetramethylazanium;chloride,hexadecanoic acid,C[N+](C)(C)C.[Cl-],CCCCCCCCCCCCCCCC(=O)O,0.109,335.05
tetramethylazanium;chloride,hexadecanoic acid,C[N+](C)(C)C.[Cl-],CCCCCCCCCCCCCCCC(=O)O,0.188,335.05
"1,3-dithiane","1,2,4,5-tetrafluoro-3,6-diiodobenzene",C1CSCSC1,Fc1c(F)c(I)c(F)c(F)c1I,0.74,335.05
tetraethylazanium;chloride,tetradecanoic acid,CC[N+](CC)(CC)CC.[Cl-],CCCCCCCCCCCCCC(=O)O,0.404,335.02
ChCl,"1,3-dimethylurea",C[N+](C)(C)CCO.[Cl-],CNC(=O)NC,0.35431863,334.97
[N3333]Br,sorbitol,CCC[N+](CCC)(CCC)CCC.[Br-],C([C@H]([C@H]([C@@H]([C@H](CO)O)O)O)O)O,0.423166195,334.96
octadecanoic acid,dodecanoic acid,CCCCCCCCCCCCCCCCCC(=O)O,CCCCCCCCCCCC(=O)O,0.5995,334.86
2-(trimethylazaniumyl)acetate,octadecan-1-ol,C[N+](C)(C)CC(=O)[O-],CCCCCCCCCCCCCCCCCCO,0.2,334.8
"1,10-phenanthroline",4-chloro-5-methyl-2-propan-2-ylphenol,c1cnc2c(c1)ccc1cccnc12,Cc1cc(O)c(C(C)C)cc1Cl,0.8006,334.6694
2-hydroxyethyl(trimethyl)azanium;chloride,hexadecan-1-ol,C[N+](C)(C)CCO.[Cl-],CCCCCCCCCCCCCCCCO,0.583,334.62
coumarin,aspirin,C1=CC=C2C(=C1)C=CC(=O)O2,CC(=O)OC1=CC=CC=C1C(=O)O,0.812500133,334.61
2-hydroxyethyl(trimethyl)azanium;chloride,hexadecanoic acid,C[N+](C)(C)CCO.[Cl-],CCCCCCCCCCCCCCCC(=O)O,0.188,334.6
2-hydroxyethyl(trimethyl)azanium;chloride,2-hydroxybutanedioic acid,C[N+](C)(C)CCO.[Cl-],O=C(O)CC(O)C(=O)O,0.55,334.55
tetrapropylazanium;chloride,dodecanoic acid,CCC[N+](CCC)(CCC)CCC.[Cl-],CCCCCCCCCCCC(=O)O,0.4488,334.532
ChCl,salicylic acid,C[N+](C)(C)CCO.[Cl-],C1=CC=C(C(=C1)C(=O)O)O,0.485267454,334.51
2-[4-(2-methylpropyl)phenyl]propanoic acid,hexadecanoic acid,CC(C)Cc1ccc(C(C)C(=O)O)cc1,CCCCCCCCCCCCCCCC(=O)O,0.7043,334.48
ChCl,malic acid,C[N+](C)(C)CCO.[Cl-],C(C(C(=O)O)O)C(=O)O,0.564450517,334.43
benzyl(triphenyl)phosphanium;chloride,"propane-1,2,3-triol",[Cl-].c1ccc(C[P+](c2ccccc2)(c2ccccc2)c2ccccc2)cc1,OCC(O)CO,0.111111,334.39
octadecanoic acid,decanoic acid,CCCCCCCCCCCCCCCCCC(=O)O,CCCCCCCCCC(=O)O,0.605,334.28
tetrapropylazanium;chloride,dodecanoic acid,CCC[N+](CCC)(CCC)CCC.[Cl-],CCCCCCCCCCCC(=O)O,0.447,334.28
[N6666]Br,adipic acid,CCCCCC[N+](CCCCCC)(CCCCCC)CCCCCC.[Br-],C(CCC(=O)O)CC(=O)O,0.759139474,334.28
tetramethylazanium;chloride,hexadecanoic acid,C[N+](C)(C)C.[Cl-],CCCCCCCCCCCCCCCC(=O)O,0.317,334.25
5-methyl-2-propan-2-ylphenol,hexadecanoic acid,Cc1ccc(C(C)C)c(O)c1,CCCCCCCCCCCCCCCC(=O)O,0.11,334.1
hexadecanoic acid,tetradecanoic acid,CCCCCCCCCCCCCCCC(=O)O,CCCCCCCCCCCCCC(=O)O,0.899,334.06
trichloroiron,2-hydroxyethyl(trimethyl)azanium;chloride,[Cl-].[Fe+3].[Cl-].[Cl-],C[N+](C)(C)CCO.[Cl-],0.3442,334.0227
hexadecanoic acid,dodecanoic acid,CCCCCCCCCCCCCCCC(=O)O,CCCCCCCCCCCC(=O)O,0.8999,333.95
octadecanoic acid,hexadecanoic acid,CCCCCCCCCCCCCCCCCC(=O)O,CCCCCCCCCCCCCCCC(=O)O,0.5999,333.9
ChCl,coumarin,C[N+](C)(C)CCO.[Cl-],C1=CC=C2C(=C1)C=CC(=O)O2,0.499006565,333.79
2-hydroxyethyl(trimethyl)azanium;chloride,hexadecanoic acid,C[N+](C)(C)CCO.[Cl-],CCCCCCCCCCCCCCCC(=O)O,0.256,333.75
2-[4-(2-methylpropyl)phenyl]propanoic acid,hexadecanoic acid,CC(C)Cc1ccc(C(C)C(=O)O)cc1,CCCCCCCCCCCCCCCC(=O)O,0.1318,333.69
2-hydroxyethyl(trimethyl)azanium;chloride,octadecan-1-ol,C[N+](C)(C)CCO.[Cl-],CCCCCCCCCCCCCCCCCCO,0.567,333.68
octadecanoic acid,hexadecanoic acid,CCCCCCCCCCCCCCCCCC(=O)O,CCCCCCCCCCCCCCCC(=O)O,0.1185,333.64
tetraethylazanium;chloride,dodecanoic acid,CC[N+](CC)(CC)CC.[Cl-],CCCCCCCCCCCC(=O)O,0.451,333.62
tetrabutylazanium;chloride,hexadecanoic acid,CCCC[N+](CCCC)(CCCC)CCCC.[Cl-],CCCCCCCCCCCCCCCC(=O)O,0.899,333.6
tetramethylazanium;chloride,octadecan-1-ol,C[N+](C)(C)C.[Cl-],CCCCCCCCCCCCCCCCCCO,0.305,333.5
benzyl(triphenyl)phosphanium;chloride,"ethane-1,2-diol",[Cl-].c1ccc(C[P+](c2ccccc2)(c2ccccc2)c2ccccc2)cc1,OCCO,0.166667,333.5
2-hydroxyethyl(trimethyl)azanium;chloride,pentanedioic acid,C[N+](C)(C)CCO.[Cl-],O=C(O)CCCC(=O)O,0.299,333.48
tetraethylazanium;chloride,dodecanoic acid,CC[N+](CC)(CC)CC.[Cl-],CCCCCCCCCCCC(=O)O,0.4535,333.4789
tetramethylazanium;chloride,hexadecanoic acid,C[N+](C)(C)C.[Cl-],CCCCCCCCCCCCCCCC(=O)O,0.403,333.45
"(1R,2S,5R)-5-methyl-2-propan-2-ylcyclohexan-1-ol",hexadecanoic acid,CC(C)[C@@H]1CC[C@@H](C)C[C@H]1O,CCCCCCCCCCCCCCCC(=O)O,0.1,333.43
tetrabutylazanium;chloride,tetradecan-1-ol,CCCC[N+](CCCC)(CCCC)CCCC.[Cl-],CCCCCCCCCCCCCCO,0.896,333.4
tetraethylazanium;chloride,hexadecanoic acid,CC[N+](CC)(CC)CC.[Cl-],CCCCCCCCCCCCCCCC(=O)O,0.068,333.396
tetraethylazanium;chloride,hexadecanoic acid,CC[N+](CC)(CC)CC.[Cl-],CCCCCCCCCCCCCCCC(=O)O,0.098,333.35
tetraethylazanium;chloride,octadecanoic acid,CC[N+](CC)(CC)CC.[Cl-],CCCCCCCCCCCCCCCCCC(=O)O,0.288,333.35
2-hydroxyethyl(trimethyl)azanium;chloride,hexadecanoic acid,C[N+](C)(C)CCO.[Cl-],CCCCCCCCCCCCCCCC(=O)O,0.307,333.2
Pyrazole,Sorbitol,C1=CNN=C1,C([C@H]([C@H]([C@@H]([C@H](CO)O)O)O)O)O,0.861946831,333.15
tetraethylazanium;chloride,hexadecanoic acid,CC[N+](CC)(CC)CC.[Cl-],CCCCCCCCCCCCCCCC(=O)O,0.484,333.05
trichloroiron,2-hydroxyethyl(trimethyl)azanium;chloride,[Cl-].[Fe+3].[Cl-].[Cl-],C[N+](C)(C)CCO.[Cl-],0.2985,332.9318
trichloroiron,2-hydroxyethyl(trimethyl)azanium;chloride,[Cl-].[Fe+3].[Cl-].[Cl-],C[N+](C)(C)CCO.[Cl-],0.2122,332.9318
coumarin,ketoprofen,C1=CC=C2C(=C1)C=CC(=O)O2,CC(C1=CC(=CC=C1)C(=O)C2=CC=CC=C2)C(=O)O,0.723214119,332.92
hexadecanoic acid,decanoic acid,CCCCCCCCCCCCCCCC(=O)O,CCCCCCCCCC(=O)O,0.8793,332.87
hexadecanoic acid,tetradecanoic acid,CCCCCCCCCCCCCCCC(=O)O,CCCCCCCCCCCCCC(=O)O,0.849,332.87
"(1R,2S,5R)-5-methyl-2-propan-2-ylcyclohexan-1-ol",octadecanoic acid,CC(C)[C@@H]1CC[C@@H](C)C[C@H]1O,CCCCCCCCCCCCCCCCCC(=O)O,0.5,332.85
ChCl,succinic acid,C[N+](C)(C)CCO.[Cl-],C(CC(=O)O)C(=O)O,0.543424523,332.83
tetraethylazanium;chloride,octadecanoic acid,CC[N+](CC)(CC)CC.[Cl-],CCCCCCCCCCCCCCCCCC(=O)O,0.309,332.78
tetraethylazanium;chloride,hexadecanoic acid,CC[N+](CC)(CC)CC.[Cl-],CCCCCCCCCCCCCCCC(=O)O,0.204,332.75
tetrabutylazanium;chloride,octadecanoic acid,CCCC[N+](CCCC)(CCCC)CCCC.[Cl-],CCCCCCCCCCCCCCCCCC(=O)O,0.304,332.7
tetraethylazanium;chloride,hexadecanoic acid,CC[N+](CC)(CC)CC.[Cl-],CCCCCCCCCCCCCCCC(=O)O,0.199,332.69
5-methyl-2-propan-2-ylphenol,octadecanoic acid,Cc1ccc(C(C)C)c(O)c1,CCCCCCCCCCCCCCCCCC(=O)O,0.5,332.62
sodium;dodecanoate,decanoic acid,CCCCCCCCCCCC(=O)[O-].[Na+],CCCCCCCCCC(=O)O,0.4,332.609
tetrabutylazanium;chloride,tetradecanoic acid,CCCC[N+](CCCC)(CCCC)CCCC.[Cl-],CCCCCCCCCCCCCC(=O)O,0.897,332.6
2-[4-(2-methylpropyl)phenyl]propanoic acid,hexadecanoic acid,CC(C)Cc1ccc(C(C)C(=O)O)cc1,CCCCCCCCCCCCCCCC(=O)O,0.2021,332.53
2-hydroxyethyl(trimethyl)azanium;chloride,"(3S,4S,5S,6R)-6-(hydroxymethyl)oxane-2,3,4,5-tetrol",C[N+](C)(C)CCO.[Cl-],OC[C@H]1OC(O)[C@@H](O)[C@@H](O)[C@@H]1O,0.501,332.52
tetrapropylazanium;chloride,octadecanoic acid,CCC[N+](CCC)(CCC)CCC.[Cl-],CCCCCCCCCCCCCCCCCC(=O)O,0.299,332.47
2-hydroxyethyl(trimethyl)azanium;chloride,octadecan-1-ol,C[N+](C)(C)CCO.[Cl-],CCCCCCCCCCCCCCCCCCO,0.098,332.42
tetramethylazanium;chloride,hexadecanoic acid,C[N+](C)(C)C.[Cl-],CCCCCCCCCCCCCCCC(=O)O,0.204,332.4
[N1111]Cl,hexadecanoic acid,C[N+](C)(C)C.[Cl-],CCCCCCCCCCCCCCCC(=O)O,0.369950069,332.4
ChCl,glucose,C[N+](C)(C)CCO.[Cl-],C([C@H]([C@H]([C@@H]([C@H](C=O)O)O)O)O)O,0.514624769,332.32
tetramethylazanium;chloride,hexadecan-1-ol,C[N+](C)(C)C.[Cl-],CCCCCCCCCCCCCCCCO,0.6,332.3
2-hydroxyethyl(trimethyl)azanium;chloride,"(2S,4R)-pentane-1,2,3,4,5-pentol",C[N+](C)(C)CCO.[Cl-],OC[C@@H](O)C(O)[C@@H](O)CO,0.294,332.296
"(1R,2S,5R)-5-methyl-2-propan-2-ylcyclohexan-1-ol",hexadecanoic acid,CC(C)[C@@H]1CC[C@@H](C)C[C@H]1O,CCCCCCCCCCCCCCCC(=O)O,0.2,332.2
tetramethylazanium;chloride,hexadecan-1-ol,C[N+](C)(C)C.[Cl-],CCCCCCCCCCCCCCCCO,0.1,332.2
2-hydroxyethyl(trimethyl)azanium;chloride,octadecan-1-ol,C[N+](C)(C)CCO.[Cl-],CCCCCCCCCCCCCCCCCCO,0.15,332.2
2-hydroxyethyl(trimethyl)azanium;chloride,"benzene-1,4-diol",C[N+](C)(C)CCO.[Cl-],Oc1ccc(O)cc1,0.5,332.16
ethanamine;hydrochloride,urea,[Cl-].CC[NH3+],NC(N)=O,0.741,332.107
2-(trimethylazaniumyl)acetate,octadecan-1-ol,C[N+](C)(C)CC(=O)[O-],CCCCCCCCCCCCCCCCCCO,0.1,332.1
[N5555]Br,xylitol,CCCCC[N+](CCCCC)(CCCCC)CCCCC.[Br-],C([C@H](C([C@H](CO)O)O)O)O,0.445548701,332.07
tetrapropylazanium;bromide,hexanedioic acid,CCC[N+](CCC)(CCC)CCC.[Br-],O=C(O)CCCCC(=O)O,0.52,332
2-hydroxyethyl(trimethyl)azanium;chloride,hexadecanoic acid,C[N+](C)(C)CCO.[Cl-],CCCCCCCCCCCCCCCC(=O)O,0.366,331.95
octadecanoic acid,dodecanoic acid,CCCCCCCCCCCCCCCCCC(=O)O,CCCCCCCCCCCC(=O)O,0.5001,331.93
hexadecanoic acid,tetradecanoic acid,CCCCCCCCCCCCCCCC(=O)O,CCCCCCCCCCCCCC(=O)O,0.798,331.87
2-[4-(2-methylpropyl)phenyl]propanoic acid,dodecanoic acid,CC(C)Cc1ccc(C(C)C(=O)O)cc1,CCCCCCCCCCCC(=O)O,0.8008,331.8
hexadecanoic acid,dodecanoic acid,CCCCCCCCCCCCCCCC(=O)O,CCCCCCCCCCCC(=O)O,0.8,331.76
5-methyl-2-propan-2-ylphenol,hexadecanoic acid,Cc1ccc(C(C)C)c(O)c1,CCCCCCCCCCCCCCCC(=O)O,0.21,331.72
2-hydroxyethyl(trimethyl)azanium;chloride,tetradecan-1-ol,C[N+](C)(C)CCO.[Cl-],CCCCCCCCCCCCCCO,0.505,331.62
2-hydroxyethyl(trimethyl)azanium;chloride,octadecan-1-ol,C[N+](C)(C)CCO.[Cl-],CCCCCCCCCCCCCCCCCCO,0.205,331.58
methyl(triphenyl)phosphanium;bromide,"2,2,2-trifluoroacetamide",C[P+](c1ccccc1)(c1ccccc1)c1ccccc1.[Br-],NC(=O)C(F)(F)F,0.4,331.55
tetramethylazanium;chloride,hexadecanoic acid,C[N+](C)(C)C.[Cl-],CCCCCCCCCCCCCCCC(=O)O,0.402,331.46
tetraethylazanium;chloride,hexadecanoic acid,CC[N+](CC)(CC)CC.[Cl-],CCCCCCCCCCCCCCCC(=O)O,0.502,331.402
tetrabutylazanium;chloride,hexadecanoic acid,CCCC[N+](CCCC)(CCCC)CCCC.[Cl-],CCCCCCCCCCCCCCCC(=O)O,0.107,331.4
2-[4-(2-methylpropyl)phenyl]propanoic acid,hexadecanoic acid,CC(C)Cc1ccc(C(C)C(=O)O)cc1,CCCCCCCCCCCCCCCC(=O)O,0.302,331.38
tetramethylazanium;chloride,hexadecanoic acid,C[N+](C)(C)C.[Cl-],CCCCCCCCCCCCCCCC(=O)O,0.301,331.36
ChCl,hexadecanoic acid,C[N+](C)(C)CCO.[Cl-],CCCCCCCCCCCCCCCC(=O)O,0.417205585,331.3
tetrabutylazanium;chloride,octadecan-1-ol,CCCC[N+](CCCC)(CCCC)CCCC.[Cl-],CCCCCCCCCCCCCCCCCCO,0.8,331.3
hexadecanoic acid,decanoic acid,CCCCCCCCCCCCCCCC(=O)O,CCCCCCCCCC(=O)O,0.8019,331.23
2-[4-(2-methylpropyl)phenyl]propanoic acid,hexadecanoic acid,CC(C)Cc1ccc(C(C)C(=O)O)cc1,CCCCCCCCCCCCCCCC(=O)O,0.6005,331.22
zinc;dichloride,urea,[Cl-].[Cl-].[Zn+2],NC(N)=O,0.1844,331.15
2-hydroxyethyl(trimethyl)azanium;chloride,"(2R,3R,4R,5S)-hexane-1,2,3,4,5,6-hexol",C[N+](C)(C)CCO.[Cl-],OC[C@@H](O)[C@@H](O)[C@H](O)[C@@H](O)CO,0.381,331.144
2-hydroxyethyl(trimethyl)azanium;chloride,octadecan-1-ol,C[N+](C)(C)CCO.[Cl-],CCCCCCCCCCCCCCCCCCO,0.203,331.12
2-hydroxyethyl(trimethyl)azanium;chloride,hexadecanoic acid,C[N+](C)(C)CCO.[Cl-],CCCCCCCCCCCCCCCC(=O)O,0.4,331.03
tetraethylazanium;chloride,hexadecanoic acid,CC[N+](CC)(CC)CC.[Cl-],CCCCCCCCCCCCCCCC(=O)O,0.503,330.98
2-hydroxyethyl(trimethyl)azanium;chloride,propanedioic acid,C[N+](C)(C)CCO.[Cl-],O=C(O)CC(=O)O,0.296,330.868
tetrapropylazanium;chloride,hexadecanoic acid,CCC[N+](CCC)(CCC)CCC.[Cl-],CCCCCCCCCCCCCCCC(=O)O,0.201,330.81
octadecanoic acid,decanoic acid,CCCCCCCCCCCCCCCCCC(=O)O,CCCCCCCCCC(=O)O,0.4968,330.81
hexadecanoic acid,tetradecanoic acid,CCCCCCCCCCCCCCCC(=O)O,CCCCCCCCCCCCCC(=O)O,0.7483,330.77
"(1R,2S,5R)-5-methyl-2-propan-2-ylcyclohexan-1-ol",octadecanoic acid,CC(C)[C@@H]1CC[C@@H](C)C[C@H]1O,CCCCCCCCCCCCCCCCCC(=O)O,0.6,330.76
octadecanoic acid,hexadecanoic acid,CCCCCCCCCCCCCCCCCC(=O)O,CCCCCCCCCCCCCCCC(=O)O,0.5003,330.76
2-hydroxyethyl(trimethyl)azanium;chloride,"2,3-dihydroxybutanedioic acid",C[N+](C)(C)CCO.[Cl-],O=C(O)C(O)C(O)C(=O)O,0.6,330.62
octadecan-1-ol,5-methyl-2-propan-2-ylphenol,CCCCCCCCCCCCCCCCCCO,Cc1ccc(C(C)C)c(O)c1,0.899,330.6
2-hydroxyethyl(trimethyl)azanium;chloride,octadecan-1-ol,C[N+](C)(C)CCO.[Cl-],CCCCCCCCCCCCCCCCCCO,0.319,330.58
2-hydroxyethyl(trimethyl)azanium;chloride,octadecan-1-ol,C[N+](C)(C)CCO.[Cl-],CCCCCCCCCCCCCCCCCCO,0.302,330.55
2-hydroxyethyl(trimethyl)azanium;chloride,"2,3-dimethylphenol",C[N+](C)(C)CCO.[Cl-],Cc1cccc(O)c1C,0.4,330.5
[N3333]Br,pimelic acid,CCC[N+](CCC)(CCC)CCC.[Br-],C(CCC(=O)O)CCC(=O)O,0.526354926,330.48
tetramethylazanium;chloride,hexadecan-1-ol,C[N+](C)(C)C.[Cl-],CCCCCCCCCCCCCCCCO,0.5,330.4
octadecanoic acid,hexadecanoic acid,CCCCCCCCCCCCCCCCCC(=O)O,CCCCCCCCCCCCCCCC(=O)O,0.4002,330.38
2-hydroxyethyl(trimethyl)azanium;chloride,2-hydroxyacetic acid,C[N+](C)(C)CCO.[Cl-],O=C(O)CO,0.15,330.28
tetramethylazanium;chloride,hexadecan-1-ol,C[N+](C)(C)C.[Cl-],CCCCCCCCCCCCCCCCO,0.201,330.2
"1H-Benzotriazolium, 3-butyl-1-ethyl-, hexafluorophosphate(1-) (1:1) (ACI)",1H-imidazole,CCCC[n+]1nn(CC)c2ccccc21.F[P-](F)(F)(F)(F)F,c1c[nH]cn1,0.2,330.15
Choline chloride,Itaconic acid,C[N+](C)(C)CCO.[Cl-],C=C(CC(=O)O)C(=O)O,0.5,330.15
ethanamine;hydrochloride,acetamide,[Cl-].CC[NH3+],CC(N)=O,0.666667,330.15
octadecan-1-ol,"(1R,2S,5R)-5-methyl-2-propan-2-ylcyclohexan-1-ol",CCCCCCCCCCCCCCCCCCO,CC(C)[C@@H]1CC[C@@H](C)C[C@H]1O,0.9,330.1
2-hydroxyethyl(trimethyl)azanium;chloride,octadecan-1-ol,C[N+](C)(C)CCO.[Cl-],CCCCCCCCCCCCCCCCCCO,0.403,329.98
"(1R,2S,5R)-5-methyl-2-propan-2-ylcyclohexan-1-ol",hexadecanoic acid,CC(C)[C@@H]1CC[C@@H](C)C[C@H]1O,CCCCCCCCCCCCCCCC(=O)O,0.3,329.91
octadecanoic acid,hexadecanoic acid,CCCCCCCCCCCCCCCCCC(=O)O,CCCCCCCCCCCCCCCC(=O)O,0.2009,329.86
hexadecanoic acid,tetradecanoic acid,CCCCCCCCCCCCCCCC(=O)O,CCCCCCCCCCCCCC(=O)O,0.6973,329.63
2-hydroxyethyl(trimethyl)azanium;chloride,octadecan-1-ol,C[N+](C)(C)CCO.[Cl-],CCCCCCCCCCCCCCCCCCO,0.394,329.52
5-methyl-2-propan-2-ylphenol,octadecanoic acid,Cc1ccc(C(C)C)c(O)c1,CCCCCCCCCCCCCCCCCC(=O)O,0.6,329.42
tetramethylazanium;chloride,hexadecan-1-ol,C[N+](C)(C)C.[Cl-],CCCCCCCCCCCCCCCCO,0.3,329.4
2-hydroxyethyl(trimethyl)azanium;chloride,1H-imidazole,C[N+](C)(C)CCO.[Cl-],c1c[nH]cn1,0.3,329.2686
tetrapropylazanium;chloride,hexadecanoic acid,CCC[N+](CCC)(CCC)CCC.[Cl-],CCCCCCCCCCCCCCCC(=O)O,0.182,329.25
hexadecanoic acid,dodecanoic acid,CCCCCCCCCCCCCCCC(=O)O,CCCCCCCCCCCC(=O)O,0.7,329.19
tetrapropylazanium;chloride,octadecanoic acid,CCC[N+](CCC)(CCC)CCC.[Cl-],CCCCCCCCCCCCCCCCCC(=O)O,0.446,329.18
ChCl,ibuprofen,C[N+](C)(C)CCO.[Cl-],CC(C)CC1=CC=C(C=C1)C(C)C(=O)O,0.422204278,329.17
Choline chloride,Imidazole,C[N+](C)(C)CCO.[Cl-],C1=CN=CN1,0.3,329.15
octadecanoic acid,hexadecanoic acid,CCCCCCCCCCCCCCCCCC(=O)O,CCCCCCCCCCCCCCCC(=O)O,0.3004,329.06
5-methyl-2-propan-2-ylphenol,hexadecanoic acid,Cc1ccc(C(C)C)c(O)c1,CCCCCCCCCCCCCCCC(=O)O,0.3,329
tetrabutylazanium;chloride,hexadecan-1-ol,CCCC[N+](CCCC)(CCCC)CCCC.[Cl-],CCCCCCCCCCCCCCCCO,0.796,329
benzyl(triphenyl)phosphanium;chloride,"propane-1,2,3-triol",[Cl-].c1ccc(C[P+](c2ccccc2)(c2ccccc2)c2ccccc2)cc1,OCC(O)CO,0.333333,328.91
tetrabutylazanium;chloride,octadecan-1-ol,CCCC[N+](CCCC)(CCCC)CCCC.[Cl-],CCCCCCCCCCCCCCCCCCO,0.101,328.9
octadecan-1-ol,"(1R,2S,5R)-5-methyl-2-propan-2-ylcyclohexan-1-ol",CCCCCCCCCCCCCCCCCCO,CC(C)[C@@H]1CC[C@@H](C)C[C@H]1O,0.8,328.9
hexadecanoic acid,decanoic acid,CCCCCCCCCCCCCCCC(=O)O,CCCCCCCCCC(=O)O,0.7007,328.87
2-[4-(2-methylpropyl)phenyl]propanoic acid,hexadecanoic acid,CC(C)Cc1ccc(C(C)C(=O)O)cc1,CCCCCCCCCCCCCCCC(=O)O,0.4034,328.79
2-hydroxyethyl(trimethyl)azanium;chloride,decanoic acid,C[N+](C)(C)CCO.[Cl-],CCCCCCCCCC(=O)O,0.456,328.75
2-hydroxyethyl(trimethyl)azanium;chloride,"(1R,4R)-1,7,7-trimethylbicyclo[2.2.1]heptan-2-one",C[N+](C)(C)CCO.[Cl-],CC1(C)[C@@H]2CC[C@@]1(C)C(=O)C2,0.499,328.7
[N1111]Cl,hexadecanol,C[N+](C)(C)C.[Cl-],CCCCCCCCCCCCCCCCO,0.583948059,328.54
octadecanoic acid,dodecanoic acid,CCCCCCCCCCCCCCCCCC(=O)O,CCCCCCCCCCCC(=O)O,0.3993,328.53
2-hydroxyethyl(trimethyl)azanium;chloride,urea,C[N+](C)(C)CCO.[Cl-],NC(N)=O,0.251,328.501
2-hydroxyethyl(trimethyl)azanium;chloride,urea,C[N+](C)(C)CCO.[Cl-],NC(N)=O,0.502,328.501
2-(trimethylazaniumyl)acetate,5-methyl-2-propan-2-ylphenol,C[N+](C)(C)CC(=O)[O-],Cc1ccc(C(C)C)c(O)c1,0.397,328.5
2-hydroxyethyl(trimethyl)azanium;chloride,octadecan-1-ol,C[N+](C)(C)CCO.[Cl-],CCCCCCCCCCCCCCCCCCO,0.492,328.48
2-hydroxyethyl(trimethyl)azanium;chloride,octadecan-1-ol,C[N+](C)(C)CCO.[Cl-],CCCCCCCCCCCCCCCCCCO,0.502,328.32
"1,10-phenanthroline",4-chloro-5-methyl-2-propan-2-ylphenol,c1cnc2c(c1)ccc1cccnc12,Cc1cc(O)c(C(C)C)cc1Cl,0.1061,328.3058
tetramethylazanium;chloride,hexadecan-1-ol,C[N+](C)(C)C.[Cl-],CCCCCCCCCCCCCCCCO,0.4,328.3
2-hydroxyethyl(trimethyl)azanium;chloride,"(2S,3R)-butane-1,2,3,4-tetrol",C[N+](C)(C)CCO.[Cl-],OC[C@@H](O)[C@@H](O)CO,0.451,328.251
tetrabutylazanium;chloride,octadecanoic acid,CCCC[N+](CCCC)(CCCC)CCCC.[Cl-],CCCCCCCCCCCCCCCCCC(=O)O,0.682,328.2
chromium(3+);trichloride;hexahydrate,urea,O.O.O.O.O.O.[Cl-].[Cl-].[Cl-].[Cr+3],NC(N)=O,0.7528,328.1614
"2-Fluoro-N,N,N-trimethylethanaminium chloride",Urea,C[N+](C)(C)CCF.[Cl-],C(=O)(N)N,0.333333333,328.15
2-fluoroethyl(trimethyl)azanium;bromide,urea,C[N+](C)(C)CCF.[Br-],NC(N)=O,0.3333,328.15
2-fluoroethyl(trimethyl)azanium;chloride,urea,C[N+](C)(C)CCF.[Cl-],NC(N)=O,0.67,328.15
ChCl,octadecanol,C[N+](C)(C)CCO.[Cl-],CCCCCCCCCCCCCCCCCCO,0.558697447,328.1
tetraethylazanium;bromide,heptanedioic acid,CC[N+](CC)(CC)CC.[Br-],O=C(O)CCCCCC(=O)O,0.56,328.1
hexadecanoic acid,tetradecanoic acid,CCCCCCCCCCCCCCCC(=O)O,CCCCCCCCCCCCCC(=O)O,0.6509,328.01
2-hydroxyethyl(trimethyl)azanium;chloride,oxalic acid,C[N+](C)(C)CCO.[Cl-],O=C(O)C(=O)O,0.4,328
"1H-Imidazolium, 3-[2-[(1R,5S)-6,6-dimethylbicyclo[3.1.1]hept-2-en-2-yl]ethyl]-1-methyl-, methanesulfonate (1:1) (ACI)",urea,CS(=O)(=O)[O-].Cn1cc[n+](CCC2=CC[C@H]3C[C@@H]2C3(C)C)c1,NC(N)=O,0.252,327.941
octadecan-1-ol,5-methyl-2-propan-2-ylphenol,CCCCCCCCCCCCCCCCCCO,Cc1ccc(C(C)C)c(O)c1,0.799,327.9
betaine,coumarin,C[N+](C)(C)CC(=O)[O-],C1=CC=C2C(=C1)C=CC(=O)O2,0.375493094,327.8
octadecanoic acid,decanoic acid,CCCCCCCCCCCCCCCCCC(=O)O,CCCCCCCCCC(=O)O,0.4028,327.79
2-hydroxyethyl(trimethyl)azanium;chloride,tetradecanoic acid,C[N+](C)(C)CCO.[Cl-],CCCCCCCCCCCCCC(=O)O,0.502,327.68
tetramethylazanium;chloride,tetradecanoic acid,C[N+](C)(C)C.[Cl-],CCCCCCCCCCCCCC(=O)O,0.099,327.5
5-methyl-2-propan-2-ylphenol,hexadecanoic acid,Cc1ccc(C(C)C)c(O)c1,CCCCCCCCCCCCCCCC(=O)O,0.4,327.45
2-hydroxyethyl(trimethyl)azanium;chloride,5-methyl-2-propan-2-ylphenol,C[N+](C)(C)CCO.[Cl-],Cc1ccc(C(C)C)c(O)c1,0.3,327.4
octadecan-1-ol,"(1R,2S,5R)-5-methyl-2-propan-2-ylcyclohexan-1-ol",CCCCCCCCCCCCCCCCCCO,CC(C)[C@@H]1CC[C@@H](C)C[C@H]1O,0.7,327.3
"(1R,2S,5R)-5-methyl-2-propan-2-ylcyclohexan-1-ol",hexadecanoic acid,CC(C)[C@@H]1CC[C@@H](C)C[C@H]1O,CCCCCCCCCCCCCCCC(=O)O,0.41,327.3
tetraethylazanium;chloride,hexadecanoic acid,CC[N+](CC)(CC)CC.[Cl-],CCCCCCCCCCCCCCCC(=O)O,0.31,327.25
zinc;dichloride,ethyl(trimethyl)azanium;chloride,[Cl-].[Cl-].[Zn+2],CC[N+](C)(C)C.[Cl-],0.666667,327.15
2-hydroxyethyl(trimethyl)azanium;chloride,tetradecanoic acid,C[N+](C)(C)CCO.[Cl-],CCCCCCCCCCCCCC(=O)O,0.108,326.98
tetrabutylazanium;chloride,hexadecanoic acid,CCCC[N+](CCCC)(CCCC)CCCC.[Cl-],CCCCCCCCCCCCCCCC(=O)O,0.183,326.8
2-hydroxyethyl(trimethyl)azanium;chloride,tetradecanoic acid,C[N+](C)(C)CCO.[Cl-],CCCCCCCCCCCCCC(=O)O,0.101,326.65
tetrapropylazanium;chloride,tetradecanoic acid,CCC[N+](CCC)(CCC)CCC.[Cl-],CCCCCCCCCCCCCC(=O)O,0.099,326.62
chromium(3+);trichloride;hexahydrate,urea,O.O.O.O.O.O.[Cl-].[Cl-].[Cl-].[Cr+3],NC(N)=O,0.2545,326.5919
2-hydroxyethyl(trimethyl)azanium;chloride,pentanedioic acid,C[N+](C)(C)CCO.[Cl-],O=C(O)CCCC(=O)O,0.352,326.58
tetraethylazanium;chloride,hexadecanoic acid,CC[N+](CC)(CC)CC.[Cl-],CCCCCCCCCCCCCCCC(=O)O,0.218,326.417
tetrapropylazanium;chloride,tetradecanoic acid,CCC[N+](CCC)(CCC)CCC.[Cl-],CCCCCCCCCCCCCC(=O)O,0.1,326.35
ChCl,[C2OHMIM]Cl,C[N+](C)(C)CCO.[Cl-],C[N+]1=CN(C=C1)CCO.[Cl-],0.519423787,326.34
2-hydroxyethyl(trimethyl)azanium;chloride,tetradecanoic acid,C[N+](C)(C)CCO.[Cl-],CCCCCCCCCCCCCC(=O)O,0.215,326.33
2-hydroxyethyl(trimethyl)azanium;chloride,tetradecanoic acid,C[N+](C)(C)CCO.[Cl-],CCCCCCCCCCCCCC(=O)O,0.208,326.2
2-(trimethylazaniumyl)acetate,benzoic acid,C[N+](C)(C)CC(=O)[O-],O=C(O)c1ccccc1,0.4,326.15
2-hydroxyethyl(trimethyl)azanium;chloride,"(2S,4R)-pentane-1,2,3,4,5-pentol",C[N+](C)(C)CCO.[Cl-],OC[C@@H](O)C(O)[C@@H](O)CO,0.552,326.07
hexadecanoic acid,decanoic acid,CCCCCCCCCCCCCCCC(=O)O,CCCCCCCCCC(=O)O,0.6009,326.06
hexadecanoic acid,dodecanoic acid,CCCCCCCCCCCCCCCC(=O)O,CCCCCCCCCCCC(=O)O,0.6,326.06
2-hydroxyethyl(trimethyl)azanium;chloride,2-[4-(2-methylpropyl)phenyl]propanoic acid,C[N+](C)(C)CCO.[Cl-],CC(C)Cc1ccc(C(C)C(=O)O)cc1,0.396,326.05
tetraethylazanium;chloride,hexadecanoic acid,CC[N+](CC)(CC)CC.[Cl-],CCCCCCCCCCCCCCCC(=O)O,0.302,326.01
tetrabutylazanium;chloride,tetradecan-1-ol,CCCC[N+](CCCC)(CCCC)CCCC.[Cl-],CCCCCCCCCCCCCCO,0.799,326
hexadecanoic acid,tetradecanoic acid,CCCCCCCCCCCCCCCC(=O)O,CCCCCCCCCCCCCC(=O)O,0.5998,326
2-hydroxyethyl(trimethyl)azanium;chloride,oxalic acid,C[N+](C)(C)CCO.[Cl-],O=C(O)C(=O)O,0.45,326
2-hydroxyethyl(trimethyl)azanium;chloride,tetradecanoic acid,C[N+](C)(C)CCO.[Cl-],CCCCCCCCCCCCCC(=O)O,0.311,325.95
chromium(3+);trichloride;hexahydrate,urea,O.O.O.O.O.O.[Cl-].[Cl-].[Cl-].[Cr+3],NC(N)=O,0.249,325.833
chromium(3+);trichloride;hexahydrate,urea,O.O.O.O.O.O.[Cl-].[Cl-].[Cl-].[Cr+3],NC(N)=O,0.753,325.833
5-methyl-2-propan-2-ylphenol,tetradecanoic acid,Cc1ccc(C(C)C)c(O)c1,CCCCCCCCCCCCCC(=O)O,0.1,325.83
ChCl,fructose,C[N+](C)(C)CCO.[Cl-],C1[C@H]([C@H]([C@@H](C(O1)(CO)O)O)O)O,0.498080629,325.82
tetrabutylazanium;chloride,octadecan-1-ol,CCCC[N+](CCCC)(CCCC)CCCC.[Cl-],CCCCCCCCCCCCCCCCCCO,0.686,325.8
2-hydroxyethyl(trimethyl)azanium;chloride,tetradecanoic acid,C[N+](C)(C)CCO.[Cl-],CCCCCCCCCCCCCC(=O)O,0.316,325.75
tetradecanoic acid,dodecanoic acid,CCCCCCCCCCCCCC(=O)O,CCCCCCCCCCCC(=O)O,0.8996,325.72
hexadecanoic acid,tetradecanoic acid,CCCCCCCCCCCCCCCC(=O)O,CCCCCCCCCCCCCC(=O)O,0.0996,325.54
5-methyl-2-propan-2-ylphenol,octadecanoic acid,Cc1ccc(C(C)C)c(O)c1,CCCCCCCCCCCCCCCCCC(=O)O,0.7,325.51
2-hydroxyethyl(trimethyl)azanium;chloride,2-phenylacetic acid,C[N+](C)(C)CCO.[Cl-],O=C(O)Cc1ccccc1,0.252,325.483
"(1R,2S,5R)-5-methyl-2-propan-2-ylcyclohexan-1-ol",hexadecanoic acid,CC(C)[C@@H]1CC[C@@H](C)C[C@H]1O,CCCCCCCCCCCCCCCC(=O)O,0.5,325.36
2-hydroxyethyl(trimethyl)azanium;chloride,tetradecanoic acid,C[N+](C)(C)CCO.[Cl-],CCCCCCCCCCCCCC(=O)O,0.406,325.13
octadecan-1-ol,"(1R,2S,5R)-5-methyl-2-propan-2-ylcyclohexan-1-ol",CCCCCCCCCCCCCCCCCCO,CC(C)[C@@H]1CC[C@@H](C)C[C@H]1O,0.6,325.1
2-[4-(2-methylpropyl)phenyl]propanoic acid,dodecanoic acid,CC(C)Cc1ccc(C(C)C(=O)O)cc1,CCCCCCCCCCCC(=O)O,0.7077,325.03
tetradecanoic acid,decanoic acid,CCCCCCCCCCCCCC(=O)O,CCCCCCCCCC(=O)O,0.9014,325.01
ChCl,tetradecanoic acid,C[N+](C)(C)CCO.[Cl-],CCCCCCCCCCCCCC(=O)O,0.478167088,325
tetrabutylazanium;chloride,octadecanoic acid,CCCC[N+](CCCC)(CCCC)CCCC.[Cl-],CCCCCCCCCCCCCCCCCC(=O)O,0.596,325
2-hydroxyethyl(trimethyl)azanium;chloride,"2,3-dimethylphenol",C[N+](C)(C)CCO.[Cl-],Cc1cccc(O)c1C,0.167,325
"(1R,2S,5R)-5-methyl-2-propan-2-ylcyclohexan-1-ol",tetradecanoic acid,CC(C)[C@@H]1CC[C@@H](C)C[C@H]1O,CCCCCCCCCCCCCC(=O)O,0.1,324.97
tetraethylazanium;chloride,tetradecanoic acid,CC[N+](CC)(CC)CC.[Cl-],CCCCCCCCCCCCCC(=O)O,0.104,324.97
1-methyl-4-prop-1-en-2-ylcyclohexene,tetradecanoic acid,C=C(C)C1CC=C(C)CC1,CCCCCCCCCCCCCC(=O)O,0.333333,324.75
octadecan-1-ol,5-methyl-2-propan-2-ylphenol,CCCCCCCCCCCCCCCCCCO,Cc1ccc(C(C)C)c(O)c1,0.699,324.6
tetrapropylazanium;chloride,hexadecanoic acid,CCC[N+](CCC)(CCC)CCC.[Cl-],CCCCCCCCCCCCCCCC(=O)O,0.6,324.55
tetrabutylazanium;chloride,octadecan-1-ol,CCCC[N+](CCCC)(CCCC)CCCC.[Cl-],CCCCCCCCCCCCCCCCCCO,0.201,324.5
octadecanoic acid,decanoic acid,CCCCCCCCCCCCCCCCCC(=O)O,CCCCCCCCCC(=O)O,0.2956,324.43
thymol,paracetamol,CC1=CC(=C(C=C1)C(C)C)O,CC(=O)NC1=CC=C(C=C1)O,0.910282689,324.4
tetraethylazanium;chloride,tetradecanoic acid,CC[N+](CC)(CC)CC.[Cl-],CCCCCCCCCCCCCC(=O)O,0.106,324.35
5-methyl-2-propan-2-ylphenol,hexadecanoic acid,Cc1ccc(C(C)C)c(O)c1,CCCCCCCCCCCCCCCC(=O)O,0.5,324.31
2-hydroxyethyl(trimethyl)azanium;chloride,dodecanoic acid,C[N+](C)(C)CCO.[Cl-],CCCCCCCCCCCC(=O)O,0.446,324.2
2-hydroxyethyl(trimethyl)azanium;chloride,acetamide,C[N+](C)(C)CCO.[Cl-],CC(N)=O,0.33,324.16
2-hydroxyethyl(trimethyl)azanium;chloride,propanedioic acid,C[N+](C)(C)CCO.[Cl-],O=C(O)CC(=O)O,0.349,324.157
Choline chloride,Acetamide,C[N+](C)(C)CCO.[Cl-],CC(=O)N,0.333333333,324.15
tetrabutylazanium;chloride,hexadecan-1-ol,CCCC[N+](CCCC)(CCCC)CCCC.[Cl-],CCCCCCCCCCCCCCCCO,0.725,324.1
hexadecanoic acid,tetradecanoic acid,CCCCCCCCCCCCCCCC(=O)O,CCCCCCCCCCCCCC(=O)O,0.1501,324.04
tetrapropylazanium;chloride,hexadecanoic acid,CCC[N+](CCC)(CCC)CCC.[Cl-],CCCCCCCCCCCCCCCC(=O)O,0.296,323.95
tetramethylazanium;chloride,tetradecanoic acid,C[N+](C)(C)C.[Cl-],CCCCCCCCCCCCCC(=O)O,0.12,323.85
coumarin,ibuprofen,C1=CC=C2C(=C1)C=CC(=O)O2,CC(C)CC1=CC=C(C=C1)C(C)C(=O)O,0.441175888,323.8
tetrapropylazanium;chloride,hexadecanoic acid,CCC[N+](CCC)(CCC)CCC.[Cl-],CCCCCCCCCCCCCCCC(=O)O,0.311,323.75
2-[4-(2-methylpropyl)phenyl]propanoic acid,hexadecanoic acid,CC(C)Cc1ccc(C(C)C(=O)O)cc1,CCCCCCCCCCCCCCCC(=O)O,0.5,323.69
2-hydroxyethyl(trimethyl)azanium;chloride,"2,3-dimethylphenol",C[N+](C)(C)CCO.[Cl-],Cc1cccc(O)c1C,0.332,323.6
lithium;nitrate,N-methylacetamide,O=[N+]([O-])[O-].[Li+],CNC(C)=O,0.64,323.597
Benzyltriphenylphosphonium chloride,Glycerol,C1=CC=C(C=C1)C[P+](C2=CC=CC=C2)(C3=CC=CC=C3)C4=CC=CC=C4.[Cl-],C(C(CO)O)O,0.166666667,323.51
benzyl(triphenyl)phosphanium;chloride,"propane-1,2,3-triol",[Cl-].c1ccc(C[P+](c2ccccc2)(c2ccccc2)c2ccccc2)cc1,OCC(O)CO,0.166667,323.51
tetrapropylazanium;chloride,tetradecanoic acid,CCC[N+](CCC)(CCC)CCC.[Cl-],CCCCCCCCCCCCCC(=O)O,0.2,323.45
1-dioctylphosphoryloctane,phenol,CCCCCCCCP(=O)(CCCCCCCC)CCCCCCCC,Oc1ccccc1,0.9,323.45
tetraethylazanium;chloride,hexadecanoic acid,CC[N+](CC)(CC)CC.[Cl-],CCCCCCCCCCCCCCCC(=O)O,0.409,323.35
2-hydroxyethyl(trimethyl)azanium;chloride,hexadecan-1-ol,C[N+](C)(C)CCO.[Cl-],CCCCCCCCCCCCCCCCO,0.132,323.35
2-hydroxyethyl(trimethyl)azanium;chloride,tetradecanoic acid,C[N+](C)(C)CCO.[Cl-],CCCCCCCCCCCCCC(=O)O,0.491,323.3
tetradecanoic acid,dodecanoic acid,CCCCCCCCCCCCCC(=O)O,CCCCCCCCCCCC(=O)O,0.8003,323.24
"1H-Imidazolium, 3-[2-[(1R,5S)-6,6-dimethylbicyclo[3.1.1]hept-2-en-2-yl]ethyl]-1-methyl-, methanesulfonate (1:1) (ACI)",4-oxopentanoic acid,CS(=O)(=O)[O-].Cn1cc[n+](CCC2=CC[C@H]3C[C@@H]2C3(C)C)c1,CC(=O)CCC(=O)O,0.494,323.188
4-Methylimidazole,Glucose,CC1=CN=CN1,C([C@@H]1[C@H]([C@@H]([C@H](C(O1)O)O)O)O)O,0.897725291,323.15
4-Methylimidazole,Mannose,CC1=CN=CN1,C([C@@H]1[C@H]([C@@H]([C@@H](C(O1)O)O)O)O)O,0.897725291,323.15
Pyrazole,Mannose,C1=CNN=C1,C([C@@H]1[C@H]([C@@H]([C@@H](C(O1)O)O)O)O)O,0.798770395,323.15
4-Methylimidazole,Sorbitol,CC1=CN=CN1,C([C@H]([C@H]([C@@H]([C@H](CO)O)O)O)O)O,0.898739485,323.15
4-Methylimidazole,Fructose,CC1=CN=CN1,C1[C@H]([C@H]([C@@H](C(O1)(CO)O)O)O)O,0.897725291,323.15
4-Methylimidazole,Glucosamine,CC1=CN=CN1,C([C@@H]1[C@H]([C@@H]([C@H](C(O1)O)N)O)O)O,0.835853621,323.15
methyl(triphenyl)phosphanium;bromide,"propane-1,2,3-triol",C[P+](c1ccccc1)(c1ccccc1)c1ccccc1.[Br-],OCC(O)CO,0.1667,323.15
[N4444]Cl,ibuprofen,CCCC[N+](CCCC)(CCCC)CCCC.[Cl-],CC(C)CC1=CC=C(C=C1)C(C)C(=O)O,0.718460349,322.97
"(1R,2S,5R)-5-methyl-2-propan-2-ylcyclohexan-1-ol",tetradecanoic acid,CC(C)[C@@H]1CC[C@@H](C)C[C@H]1O,CCCCCCCCCCCCCC(=O)O,0.2,322.84
"(1R,2S,5R)-5-methyl-2-propan-2-ylcyclohexan-1-ol",hexadecanoic acid,CC(C)[C@@H]1CC[C@@H](C)C[C@H]1O,CCCCCCCCCCCCCCCC(=O)O,0.6,322.82
hexadecanoic acid,decanoic acid,CCCCCCCCCCCCCCCC(=O)O,CCCCCCCCCC(=O)O,0.4968,322.75
2-hydroxyethyl(trimethyl)azanium;chloride,hexadecan-1-ol,C[N+](C)(C)CCO.[Cl-],CCCCCCCCCCCCCCCCO,0.208,322.73
2-hydroxyethyl(trimethyl)azanium;chloride,hexadecan-1-ol,C[N+](C)(C)CCO.[Cl-],CCCCCCCCCCCCCCCCO,0.306,322.55
"1,10-phenanthroline",4-chloro-5-methyl-2-propan-2-ylphenol,c1cnc2c(c1)ccc1cccnc12,Cc1cc(O)c(C(C)C)cc1Cl,0.209,322.5207
tetradecanoic acid,decanoic acid,CCCCCCCCCCCCCC(=O)O,CCCCCCCCCC(=O)O,0.8032,322.49
tetrapropylazanium;chloride,tetradecanoic acid,CCC[N+](CCC)(CCC)CCC.[Cl-],CCCCCCCCCCCCCC(=O)O,0.197,322.45
methyl(triphenyl)phosphanium;bromide,"ethane-1,2-diol",C[P+](c1ccccc1)(c1ccccc1)c1ccccc1.[Br-],OCCO,0.4,322.42
5-methyl-2-propan-2-ylphenol,tetradecanoic acid,Cc1ccc(C(C)C)c(O)c1,CCCCCCCCCCCCCC(=O)O,0.2,322.41
2-hydroxyethyl(trimethyl)azanium;chloride,"(1R,2S,5R)-5-methyl-2-propan-2-ylcyclohexan-1-ol",C[N+](C)(C)CCO.[Cl-],CC(C)[C@@H]1CC[C@@H](C)C[C@H]1O,0.1,322.4
chromium(3+);trichloride;hexahydrate,2-hydroxyethyl(trimethyl)azanium;chloride,O.O.O.O.O.O.[Cl-].[Cl-].[Cl-].[Cr+3],C[N+](C)(C)CCO.[Cl-],0.75,322.333
octadecan-1-ol,"(1R,2S,5R)-5-methyl-2-propan-2-ylcyclohexan-1-ol",CCCCCCCCCCCCCCCCCCO,CC(C)[C@@H]1CC[C@@H](C)C[C@H]1O,0.5,322.3
tetramethylazanium;chloride,tetradecanoic acid,C[N+](C)(C)C.[Cl-],CCCCCCCCCCCCCC(=O)O,0.303,322.28
2-hydroxyethyl(trimethyl)azanium;chloride,hexadecan-1-ol,C[N+](C)(C)CCO.[Cl-],CCCCCCCCCCCCCCCCO,0.332,322.28
[N5555]Br,sorbitol,CCCCC[N+](CCCCC)(CCCCC)CCCCC.[Br-],C([C@H]([C@H]([C@@H]([C@H](CO)O)O)O)O)O,0.383716772,322.23
2-hydroxyethyl(trimethyl)azanium;chloride,"(3R,4S,5S)-oxane-2,3,4,5-tetrol",C[N+](C)(C)CCO.[Cl-],OC1OC[C@H](O)[C@H](O)[C@H]1O,0.503,322.22
tetrabutylazanium;chloride,hexadecanoic acid,CCCC[N+](CCCC)(CCCC)CCCC.[Cl-],CCCCCCCCCCCCCCCC(=O)O,0.799,322.2
benzyl(triphenyl)phosphanium;chloride,"ethane-1,2-diol",[Cl-].c1ccc(C[P+](c2ccccc2)(c2ccccc2)c2ccccc2)cc1,OCCO,0.333333,322.17
octadecanoic acid,dodecanoic acid,CCCCCCCCCCCCCCCCCC(=O)O,CCCCCCCCCCCC(=O)O,0.2998,322.13
lithium;hexafluorophosphate,N-methylacetamide,F[P-](F)(F)(F)(F)F.[Li+],CNC(C)=O,0.26,322.086
hexadecanoic acid,tetradecanoic acid,CCCCCCCCCCCCCCCC(=O)O,CCCCCCCCCCCCCC(=O)O,0.4495,321.99
2-hydroxyethyl(trimethyl)azanium;chloride,"(2S,3R)-butane-1,2,3,4-tetrol",C[N+](C)(C)CCO.[Cl-],OC[C@@H](O)[C@@H](O)CO,0.502,321.973
2-hydroxyethyl(trimethyl)azanium;chloride,2-hydroxyacetic acid,C[N+](C)(C)CCO.[Cl-],O=C(O)CO,0.201,321.95
"1,10-phenanthroline",5-methyl-2-propan-2-ylphenol,c1cnc2c(c1)ccc1cccnc12,Cc1ccc(C(C)C)c(O)c1,0.4051,321.9421
tetrapropylazanium;chloride,hexadecanoic acid,CCC[N+](CCC)(CCC)CCC.[Cl-],CCCCCCCCCCCCCCCC(=O)O,0.406,321.91
tetrabutylazanium;chloride,tetradecanoic acid,CCCC[N+](CCCC)(CCCC)CCCC.[Cl-],CCCCCCCCCCCCCC(=O)O,0.8,321.9
tetrabutylazanium;chloride,tetradecanoic acid,CCCC[N+](CCCC)(CCCC)CCCC.[Cl-],CCCCCCCCCCCCCC(=O)O,0.102,321.9
ChCl,paracetamol,C[N+](C)(C)CCO.[Cl-],CC(=O)NC1=CC=C(C=C1)O,0.519893368,321.89
hexadecanoic acid,dodecanoic acid,CCCCCCCCCCCCCCCC(=O)O,CCCCCCCCCCCC(=O)O,0.5,321.88
2-hydroxyethyl(trimethyl)azanium;chloride,"(2R,3R,4R,5S)-hexane-1,2,3,4,5,6-hexol",C[N+](C)(C)CCO.[Cl-],OC[C@@H](O)[C@@H](O)[C@H](O)[C@@H](O)CO,0.385,321.875
octadecan-1-ol,5-methyl-2-propan-2-ylphenol,CCCCCCCCCCCCCCCCCCO,Cc1ccc(C(C)C)c(O)c1,0.6,321.8
2-hydroxyethyl(trimethyl)azanium;chloride,2-methylphenol,C[N+](C)(C)CCO.[Cl-],Cc1ccccc1O,0.399,321.8
hexadecanoic acid,tetradecanoic acid,CCCCCCCCCCCCCCCC(=O)O,CCCCCCCCCCCCCC(=O)O,0.4977,321.75
tetrabutylazanium;chloride,octadecan-1-ol,CCCC[N+](CCCC)(CCCC)CCCC.[Cl-],CCCCCCCCCCCCCCCCCCO,0.595,321.7
ChCl,tartaric acid,C[N+](C)(C)CCO.[Cl-],[C@@H]([C@H](C(=O)O)O)(C(=O)O)O,0.668258578,321.67
Choline chloride,CrCl3?6H2O,C[N+](C)(C)CCO.[Cl-],O.O.O.O.O.O.[Cl-].[Cl-].[Cl-].[Cr+3],0.25,321.65
2-hydroxyethyl(trimethyl)azanium;chloride,"2,3-dihydroxybutanedioic acid",C[N+](C)(C)CCO.[Cl-],O=C(O)C(O)C(O)C(=O)O,0.673,321.55
tetraethylazanium;chloride,dodecanoic acid,CC[N+](CC)(CC)CC.[Cl-],CCCCCCCCCCCC(=O)O,0.392,321.45
[Betaine]Cl,thymol,C[N+](C)(C)CC(=O)O.[Cl-],CC1=CC(=C(C=C1)C(C)C)O,0.346281437,321.35
"2-Acetyloxy-N,N,N-trimethylethanaminium chloride",ZnBr2,CC(=O)OCC[N+](C)(C)C.[Cl-],[Zn+2].[Br-].[Br-],0.333333333,321.3
hexadecanoic acid,tetradecanoic acid,CCCCCCCCCCCCCCCC(=O)O,CCCCCCCCCCCCCC(=O)O,0.5501,321.27
[N2222]Cl,hexadecanoic acid,CC[N+](CC)(CC)CC.[Cl-],CCCCCCCCCCCCCCCC(=O)O,0.432625325,321.25
tetramethylazanium;chloride,tetradecanoic acid,C[N+](C)(C)C.[Cl-],CCCCCCCCCCCCCC(=O)O,0.315,321.25
hexadecanoic acid,tetradecanoic acid,CCCCCCCCCCCCCCCC(=O)O,CCCCCCCCCCCCCC(=O)O,0.3956,321.18
2-hydroxyethyl(trimethyl)azanium;chloride,N-(4-hydroxyphenyl)acetamide,C[N+](C)(C)CCO.[Cl-],CC(=O)Nc1ccc(O)cc1,0.504,321.18
dibromozinc,2-acetyloxyethyl(trimethyl)azanium;chloride,[Br-].[Zn+2].[Br-],CC(=O)OCC[N+](C)(C)C.[Cl-],0.6667,321.15
tetraethylazanium;chloride,tetradecanoic acid,CC[N+](CC)(CC)CC.[Cl-],CCCCCCCCCCCCCC(=O)O,0.206,321.06
Benzyltriphenylphosphonium chloride,Ethylene glycol,C1=CC=C(C=C1)C[P+](C2=CC=CC=C2)(C3=CC=CC=C3)C4=CC=CC=C4.[Cl-],C(CO)O,0.25,321.06
benzyl(triphenyl)phosphanium;chloride,"ethane-1,2-diol",[Cl-].c1ccc(C[P+](c2ccccc2)(c2ccccc2)c2ccccc2)cc1,OCCO,0.25,321.06
hexadecan-1-ol,"(1R,2S,5R)-5-methyl-2-propan-2-ylcyclohexan-1-ol",CCCCCCCCCCCCCCCCO,CC(C)[C@@H]1CC[C@@H](C)C[C@H]1O,0.896,321
2-hydroxyethyl(trimethyl)azanium;chloride,hexadecan-1-ol,C[N+](C)(C)CCO.[Cl-],CCCCCCCCCCCCCCCCO,0.396,320.95
1-methyl-4-prop-1-en-2-ylcyclohexene,tetradecanoic acid,C=C(C)C1CC=C(C)CC1,CCCCCCCCCCCCCC(=O)O,0.5,320.85
hexadecan-1-ol,5-methyl-2-propan-2-ylphenol,CCCCCCCCCCCCCCCCO,Cc1ccc(C(C)C)c(O)c1,0.897,320.8
2-hydroxyethyl(trimethyl)azanium;chloride,hexadecan-1-ol,C[N+](C)(C)CCO.[Cl-],CCCCCCCCCCCCCCCCO,0.408,320.78
tetraethylazanium;chloride,dodecanoic acid,CC[N+](CC)(CC)CC.[Cl-],CCCCCCCCCCCC(=O)O,0.401,320.68
1-methyl-4-prop-1-en-2-ylcyclohexene,tetradecanoic acid,C=C(C)C1CC=C(C)CC1,CCCCCCCCCCCCCC(=O)O,0.666667,320.65
hexadecanoic acid,tetradecanoic acid,CCCCCCCCCCCCCCCC(=O)O,CCCCCCCCCCCCCC(=O)O,0.3502,320.64
2-hydroxyethyl(trimethyl)azanium;chloride,"(3R,4S,5R)-oxane-2,3,4,5-tetrol",C[N+](C)(C)CCO.[Cl-],OC1OC[C@@H](O)[C@H](O)[C@H]1O,0.498,320.62
5-methyl-2-propan-2-ylphenol,hexadecanoic acid,Cc1ccc(C(C)C)c(O)c1,CCCCCCCCCCCCCCCC(=O)O,0.6,320.48
2-hydroxyethyl(trimethyl)azanium;chloride,pentanedioic acid,C[N+](C)(C)CCO.[Cl-],O=C(O)CCCC(=O)O,0.399,320.45
hexadecanoic acid,tetradecanoic acid,CCCCCCCCCCCCCCCC(=O)O,CCCCCCCCCCCCCC(=O)O,0.3016,320.42
tetraethylazanium;chloride,tetradecanoic acid,CC[N+](CC)(CC)CC.[Cl-],CCCCCCCCCCCCCC(=O)O,0.188,320.35
ChCl,methylurea,C[N+](C)(C)CCO.[Cl-],CNC(=O)N,0.311548179,320.34
chromium(3+);trichloride;hexahydrate,urea,O.O.O.O.O.O.[Cl-].[Cl-].[Cl-].[Cr+3],NC(N)=O,0.3309,320.3139
2-hydroxyethyl(trimethyl)azanium;chloride,"(2R,3R,4R,5S)-hexane-1,2,3,4,5,6-hexol",C[N+](C)(C)CCO.[Cl-],OC[C@@H](O)[C@@H](O)[C@H](O)[C@@H](O)CO,0.524,320.312
ChCl,hexadecanol,C[N+](C)(C)CCO.[Cl-],CCCCCCCCCCCCCCCCO,0.528829937,320.2
Choline chloride,Tartaric acid,C[N+](C)(C)CCO.[Cl-],C(C(C(=O)O)O)(C(=O)O)O,0.666666667,320.15
zinc;dichloride,2-benzoyloxyethyl(trimethyl)azanium;chloride,[Cl-].[Cl-].[Zn+2],C[N+](C)(C)CCOC(=O)c1ccccc1.[Cl-],0.666667,320.15
hexadecanoic acid,decanoic acid,CCCCCCCCCCCCCCCC(=O)O,CCCCCCCCCC(=O)O,0.4002,320.07
chromium(3+);trichloride;hexahydrate,urea,O.O.O.O.O.O.[Cl-].[Cl-].[Cl-].[Cr+3],NC(N)=O,0.35,320
hexadecanoic acid,tetradecanoic acid,CCCCCCCCCCCCCCCC(=O)O,CCCCCCCCCCCCCC(=O)O,0.2797,319.96
tetraethylazanium;chloride,hexadecanoic acid,CC[N+](CC)(CC)CC.[Cl-],CCCCCCCCCCCCCCCC(=O)O,0.406,319.93
tetraethylazanium;chloride,hexadecanoic acid,CC[N+](CC)(CC)CC.[Cl-],CCCCCCCCCCCCCCCC(=O)O,0.4,319.93
tetraethylazanium;chloride,dodecanoic acid,CC[N+](CC)(CC)CC.[Cl-],CCCCCCCCCCCC(=O)O,0.3977,319.7894
"(1R,2S,5R)-5-methyl-2-propan-2-ylcyclohexan-1-ol",tetradecanoic acid,CC(C)[C@@H]1CC[C@@H](C)C[C@H]1O,CCCCCCCCCCCCCC(=O)O,0.3,319.74
tetradecanoic acid,decanoic acid,CCCCCCCCCCCCCC(=O)O,CCCCCCCCCC(=O)O,0.7003,319.72
tetramethylazanium;chloride,tetradecanoic acid,C[N+](C)(C)C.[Cl-],CCCCCCCCCCCCCC(=O)O,0.253,319.65
tetraethylazanium;chloride,dodecanoic acid,CC[N+](CC)(CC)CC.[Cl-],CCCCCCCCCCCC(=O)O,0.395,319.62
ChCl,xylose,C[N+](C)(C)CCO.[Cl-],C([C@H]([C@@H]([C@H](C=O)O)O)O)O,0.491058828,319.59
ChCl,[N4444]Cl,C[N+](C)(C)CCO.[Cl-],CCCC[N+](CCCC)(CCCC)CCCC.[Cl-],0.493991185,319.58
5-methyl-2-propan-2-ylphenol,"(1R,2S,5R)-5-methyl-2-propan-2-ylcyclohexan-1-ol",Cc1ccc(C(C)C)c(O)c1,CC(C)[C@@H]1CC[C@@H](C)C[C@H]1O,0.8978,319.55
5-methyl-2-propan-2-ylphenol,tetradecanoic acid,Cc1ccc(C(C)C)c(O)c1,CCCCCCCCCCCCCC(=O)O,0.3,319.51
2-hydroxyethyl(trimethyl)azanium;chloride,tetradecan-1-ol,C[N+](C)(C)CCO.[Cl-],CCCCCCCCCCCCCCO,0.461,319.48
hexadecan-1-ol,"(1R,2S,5R)-5-methyl-2-propan-2-ylcyclohexan-1-ol",CCCCCCCCCCCCCCCCO,CC(C)[C@@H]1CC[C@@H](C)C[C@H]1O,0.801,319.4
tetradecanoic acid,dodecanoic acid,CCCCCCCCCCCCCC(=O)O,CCCCCCCCCCCC(=O)O,0.6998,319.37
ChCl,arabinose,C[N+](C)(C)CCO.[Cl-],C(C(C(C(C=O)O)O)O)O,0.509876904,319.24
ethanamine;hydrochloride,urea,[Cl-].CC[NH3+],NC(N)=O,0.659,319.237
thymol,aspirin,CC1=CC(=C(C=C1)C(C)C)O,CC(=O)OC1=CC=CC=C1C(=O)O,0.698153157,319.18
ethanamine;hydrochloride,acetamide,[Cl-].CC[NH3+],CC(N)=O,0.6,319.15
[N1111]Cl,tetradecanoic acid,C[N+](C)(C)C.[Cl-],CCCCCCCCCCCCCC(=O)O,0.316832843,319.13
5-methyl-2-propan-2-ylphenol,tetradecan-1-ol,Cc1ccc(C(C)C)c(O)c1,CCCCCCCCCCCCCCO,0.9,319
octadecan-1-ol,"(1R,2S,5R)-5-methyl-2-propan-2-ylcyclohexan-1-ol",CCCCCCCCCCCCCCCCCCO,CC(C)[C@@H]1CC[C@@H](C)C[C@H]1O,0.401,318.9
hexadecan-1-ol,5-methyl-2-propan-2-ylphenol,CCCCCCCCCCCCCCCCO,Cc1ccc(C(C)C)c(O)c1,0.797,318.8
tetrabutylazanium;chloride,hexadecan-1-ol,CCCC[N+](CCCC)(CCCC)CCCC.[Cl-],CCCCCCCCCCCCCCCCO,0.101,318.7
octadecan-1-ol,5-methyl-2-propan-2-ylphenol,CCCCCCCCCCCCCCCCCCO,Cc1ccc(C(C)C)c(O)c1,0.1,318.6
2-hydroxyethyl(trimethyl)azanium;chloride,hexadecan-1-ol,C[N+](C)(C)CCO.[Cl-],CCCCCCCCCCCCCCCCO,0.5,318.55
ethanamine;hydrochloride,urea,[Cl-].CC[NH3+],NC(N)=O,0.33,318.541
5-methyl-2-propan-2-ylphenol,octanoic acid,Cc1ccc(C(C)C)c(O)c1,CCCCCCCC(=O)O,0.91,318.49
5-methyl-2-propan-2-ylphenol,tetradecanoic acid,Cc1ccc(C(C)C)c(O)c1,CCCCCCCCCCCCCC(=O)O,0.9,318.44
tetramethylazanium;chloride,tetradecanoic acid,C[N+](C)(C)C.[Cl-],CCCCCCCCCCCCCC(=O)O,0.205,318.4
"2,4,6-trimethylphenol","2,5-dimethylphenol",CC1=CC(=C(C(=C1)C)O)C,CC1=CC(=C(C=C1)C)O,0.527991403,318.34
octadecan-1-ol,5-methyl-2-propan-2-ylphenol,CCCCCCCCCCCCCCCCCCO,Cc1ccc(C(C)C)c(O)c1,0.501,318.3
tetramethylazanium;chloride,tetradecan-1-ol,C[N+](C)(C)C.[Cl-],CCCCCCCCCCCCCCO,0.199,318.3
5-methyl-2-propan-2-ylphenol,hexadecanoic acid,Cc1ccc(C(C)C)c(O)c1,CCCCCCCCCCCCCCCC(=O)O,0.7,318.25
5-methyl-2-propan-2-ylphenol,dodecanoic acid,Cc1ccc(C(C)C)c(O)c1,CCCCCCCCCCCC(=O)O,0.9,318.22
hexadecan-1-ol,5-methyl-2-propan-2-ylphenol,CCCCCCCCCCCCCCCCO,Cc1ccc(C(C)C)c(O)c1,0.1,318.2
(2S)-2-aminopropanoic acid,2-hydroxybutanedioic acid,C[C@H](N)C(=O)O,O=C(O)CC(O)C(=O)O,0.5,318.15
2-(trimethylazaniumyl)acetate,2-hydroxybutanedioic acid,C[N+](C)(C)CC(=O)[O-],O=C(O)CC(O)C(=O)O,0.5,318.15
ethanamine;hydrochloride,acetamide,[Cl-].CC[NH3+],CC(N)=O,0.25,318.15
5-methyl-2-propan-2-ylphenol,decanoic acid,Cc1ccc(C(C)C)c(O)c1,CCCCCCCCCC(=O)O,0.9,318.01
5-methyl-2-propan-2-ylphenol,"(1R,2S,5R)-5-methyl-2-propan-2-ylcyclohexan-1-ol",Cc1ccc(C(C)C)c(O)c1,CC(C)[C@@H]1CC[C@@H](C)C[C@H]1O,0.9035,317.95
octadecanoic acid,decanoic acid,CCCCCCCCCCCCCCCCCC(=O)O,CCCCCCCCCC(=O)O,0.1988,317.93
5-methyl-2-propan-2-ylphenol,"(1R,2S,5R)-5-methyl-2-propan-2-ylcyclohexan-1-ol",Cc1ccc(C(C)C)c(O)c1,CC(C)[C@@H]1CC[C@@H](C)C[C@H]1O,0.899,317.9
5-methyl-2-propan-2-ylphenol,hexadecanoic acid,Cc1ccc(C(C)C)c(O)c1,CCCCCCCCCCCCCCCC(=O)O,0.9,317.7
hexadecan-1-ol,"(1R,2S,5R)-5-methyl-2-propan-2-ylcyclohexan-1-ol",CCCCCCCCCCCCCCCCO,CC(C)[C@@H]1CC[C@@H](C)C[C@H]1O,0.699,317.7
tetraethylazanium;chloride,dodecanoic acid,CC[N+](CC)(CC)CC.[Cl-],CCCCCCCCCCCC(=O)O,0.1,317.6833
tetramethylazanium;chloride,dodecanoic acid,C[N+](C)(C)C.[Cl-],CCCCCCCCCCCC(=O)O,0.0965,317.6833
zinc;dichloride,2-hydroxyethyl(trimethyl)azanium;chloride,[Cl-].[Cl-].[Zn+2],C[N+](C)(C)CCO.[Cl-],0.7553,317.6591
dichlorotin,2-hydroxyethyl(trimethyl)azanium;chloride,[Cl-].[Sn+2].[Cl-],C[N+](C)(C)CCO.[Cl-],0.6716,317.6591
tetrapropylazanium;chloride,hexadecanoic acid,CCC[N+](CCC)(CCC)CCC.[Cl-],CCCCCCCCCCCCCCCC(=O)O,0.4,317.55
tetramethylazanium;chloride,tetradecanoic acid,C[N+](C)(C)C.[Cl-],CCCCCCCCCCCCCC(=O)O,0.214,317.45
5-methyl-2-propan-2-ylphenol,tetradecanoic acid,Cc1ccc(C(C)C)c(O)c1,CCCCCCCCCCCCCC(=O)O,0.4,317.42
2-hydroxyethyl(trimethyl)azanium;chloride,tetradecanoic acid,C[N+](C)(C)CCO.[Cl-],CCCCCCCCCCCCCC(=O)O,0.446,317.4
tetramethylazanium;chloride,dodecanoic acid,C[N+](C)(C)C.[Cl-],CCCCCCCCCCCC(=O)O,0.094,317.39
"1,10-phenanthroline",5-methyl-2-propan-2-ylphenol,c1cnc2c(c1)ccc1cccnc12,Cc1ccc(C(C)C)c(O)c1,0.492,317.314
betaine,menthol,C[N+](C)(C)CC(=O)[O-],CC1CCC(C(C1)O)C(C)C,0.380707128,317.2
[N4444]Br,xylitol,CCCC[N+](CCCC)(CCCC)CCCC.[Br-],C([C@H](C([C@H](CO)O)O)O)O,0.648858353,317.2
chromium(3+);trichloride;hexahydrate,urea,O.O.O.O.O.O.[Cl-].[Cl-].[Cl-].[Cr+3],NC(N)=O,0.7096,317.1749
2-hydroxyethyl(trimethyl)azanium;chloride,"(3R,4S,5S,6R)-6-(hydroxymethyl)oxane-2,3,4,5-tetrol",C[N+](C)(C)CCO.[Cl-],OC[C@H]1OC(O)[C@H](O)[C@@H](O)[C@@H]1O,0.714286,317.15
dichlorotin,2-hydroxyethyl(trimethyl)azanium;chloride,[Cl-].[Sn+2].[Cl-],C[N+](C)(C)CCO.[Cl-],0.666667,317.15
"(1R,2S,5R)-5-methyl-2-propan-2-ylcyclohexan-1-ol",tetradecanoic acid,CC(C)[C@@H]1CC[C@@H](C)C[C@H]1O,CCCCCCCCCCCCCC(=O)O,0.4,317.1
tetramethylazanium;chloride,tetradecan-1-ol,C[N+](C)(C)C.[Cl-],CCCCCCCCCCCCCCO,0.313,317.1
"(1R,2S,5R)-5-methyl-2-propan-2-ylcyclohexan-1-ol",hexadecanoic acid,CC(C)[C@@H]1CC[C@@H](C)C[C@H]1O,CCCCCCCCCCCCCCCC(=O)O,0.7,317.07
2-hydroxyethyl(trimethyl)azanium;chloride,tetradecanoic acid,C[N+](C)(C)CCO.[Cl-],CCCCCCCCCCCCCC(=O)O,0.449,317.03
tetrabutylazanium;chloride,octadecan-1-ol,CCCC[N+](CCCC)(CCCC)CCCC.[Cl-],CCCCCCCCCCCCCCCCCCO,0.497,317
tetraethylazanium;chloride,dodecanoic acid,CC[N+](CC)(CC)CC.[Cl-],CCCCCCCCCCCC(=O)O,0.099,316.97
ChCl,erythritol,C[N+](C)(C)CCO.[Cl-],C([C@H]([C@H](CO)O)O)O,0.498566807,316.95
tetramethylazanium;chloride,dodecanoic acid,C[N+](C)(C)C.[Cl-],CCCCCCCCCCCC(=O)O,0.109,316.95
tetrapropylazanium;chloride,decanoic acid,CCC[N+](CCC)(CCC)CCC.[Cl-],CCCCCCCCCC(=O)O,0.401,316.91
2-hydroxyethyl(trimethyl)azanium;chloride,"(1R,2S,5R)-5-methyl-2-propan-2-ylcyclohexan-1-ol",C[N+](C)(C)CCO.[Cl-],CC(C)[C@@H]1CC[C@@H](C)C[C@H]1O,0.2,316.9
2-hydroxyethyl(trimethyl)azanium;chloride,2-hydroxypropanoic acid,C[N+](C)(C)CCO.[Cl-],CC(O)C(=O)O,0.55,316.88
1-dioctylphosphoryloctane,"(1R,2S,5R)-5-methyl-2-propan-2-ylcyclohexan-1-ol",CCCCCCCCP(=O)(CCCCCCCC)CCCCCCCC,CC(C)[C@@H]1CC[C@@H](C)C[C@H]1O,0.751,316.854
thymol,octadecanoic acid,CC1=CC(=C(C=C1)C(C)C)O,CCCCCCCCCCCCCCCCCC(=O)O,0.901649931,316.82
2-hydroxyethyl(trimethyl)azanium;chloride,3-phenylpropanoic acid,C[N+](C)(C)CCO.[Cl-],O=C(O)CCc1ccccc1,0.4,316.817
tetrapropylazanium;chloride,dodecanoic acid,CCC[N+](CCC)(CCC)CCC.[Cl-],CCCCCCCCCCCC(=O)O,0.097,316.74
methyl(triphenyl)phosphanium;bromide,"propane-1,2,3-triol",C[P+](c1ccccc1)(c1ccccc1)c1ccccc1.[Br-],OCC(O)CO,0.4,316.71
2-[4-(2-methylpropyl)phenyl]propanoic acid,dodecanoic acid,CC(C)Cc1ccc(C(C)C(=O)O)cc1,CCCCCCCCCCCC(=O)O,0.6023,316.65
tetrapropylazanium;chloride,dodecanoic acid,CCC[N+](CCC)(CCC)CCC.[Cl-],CCCCCCCCCCCC(=O)O,0.118,316.65
chromium(3+);trichloride;hexahydrate,urea,O.O.O.O.O.O.[Cl-].[Cl-].[Cl-].[Cr+3],NC(N)=O,0.711,316.5
tetradecanoic acid,decanoic acid,CCCCCCCCCCCCCC(=O)O,CCCCCCCCCC(=O)O,0.6015,316.49
2-hydroxyethyl(trimethyl)azanium;chloride,dodecanoic acid,C[N+](C)(C)CCO.[Cl-],CCCCCCCCCCCC(=O)O,0.1,316.48
tetrabutylazanium;chloride,tetradecan-1-ol,CCCC[N+](CCCC)(CCCC)CCCC.[Cl-],CCCCCCCCCCCCCCO,0.7,316.4
tetradecanoic acid,dodecanoic acid,CCCCCCCCCCCCCC(=O)O,CCCCCCCCCCCC(=O)O,0.5999,316.37
tetrapropylazanium;chloride,hexadecanoic acid,CCC[N+](CCC)(CCC)CCC.[Cl-],CCCCCCCCCCCCCCCC(=O)O,0.395,316.35
2-hydroxyethyl(trimethyl)azanium;chloride,"2,3-dimethylphenol",C[N+](C)(C)CCO.[Cl-],Cc1cccc(O)c1C,0.2,316.3
2-hydroxyethyl(trimethyl)azanium;chloride,"(1R,2S,5R)-5-methyl-2-propan-2-ylcyclohexan-1-ol",C[N+](C)(C)CCO.[Cl-],CC(C)[C@@H]1CC[C@@H](C)C[C@H]1O,0.4,316.3
octadecanoic acid,dodecanoic acid,CCCCCCCCCCCCCCCCCC(=O)O,CCCCCCCCCCCC(=O)O,0.0501,316.23
octadecanoic acid,dodecanoic acid,CCCCCCCCCCCCCCCCCC(=O)O,CCCCCCCCCCCC(=O)O,0.2001,316.17
zinc;dichloride,urea,[Cl-].[Cl-].[Zn+2],NC(N)=O,0.3302,316.15
1-dioctylphosphoryloctane,"(1R,2S,5R)-5-methyl-2-propan-2-ylcyclohexan-1-ol",CCCCCCCCP(=O)(CCCCCCCC)CCCCCCCC,CC(C)[C@@H]1CC[C@@H](C)C[C@H]1O,0.624,316.141
[N1111]Cl,tetradecanol,C[N+](C)(C)C.[Cl-],CCCCCCCCCCCCCCO,0.359141633,316.14
2-hydroxyethyl(trimethyl)azanium;chloride,"benzene-1,3-diol",C[N+](C)(C)CCO.[Cl-],Oc1cccc(O)c1,0.204,316.109
tetraethylazanium;chloride,dodecanoic acid,CC[N+](CC)(CC)CC.[Cl-],CCCCCCCCCCCC(=O)O,0.098,316.05
2-hydroxyethyl(trimethyl)azanium;chloride,dodecanoic acid,C[N+](C)(C)CCO.[Cl-],CCCCCCCCCCCC(=O)O,0.411,316.05
tetraethylazanium;chloride,hexadecanoic acid,CC[N+](CC)(CC)CC.[Cl-],CCCCCCCCCCCCCCCC(=O)O,0.288,316.02
"(1R,2S,5R)-5-methyl-2-propan-2-ylcyclohexan-1-ol",dodecanoic acid,CC(C)[C@@H]1CC[C@@H](C)C[C@H]1O,CCCCCCCCCCCC(=O)O,0.1,316
tetrabutylazanium;chloride,hexadecanoic acid,CCCC[N+](CCCC)(CCCC)CCCC.[Cl-],CCCCCCCCCCCCCCCC(=O)O,0.298,316
tetramethylazanium;chloride,dodecanoic acid,C[N+](C)(C)C.[Cl-],CCCCCCCCCCCC(=O)O,0.41,315.95
1-dioctylphosphoryloctane,phenol,CCCCCCCCP(=O)(CCCCCCCC)CCCCCCCC,Oc1ccccc1,0.8,315.95
2-hydroxyethyl(trimethyl)azanium;chloride,dodecanoic acid,C[N+](C)(C)CCO.[Cl-],CCCCCCCCCCCC(=O)O,0.198,315.88
tetrabutylazanium;chloride,hexadecan-1-ol,CCCC[N+](CCCC)(CCCC)CCCC.[Cl-],CCCCCCCCCCCCCCCCO,0.597,315.7
2-hydroxyethyl(trimethyl)azanium;chloride,"(1R,2S,5R)-5-methyl-2-propan-2-ylcyclohexan-1-ol",C[N+](C)(C)CCO.[Cl-],CC(C)[C@@H]1CC[C@@H](C)C[C@H]1O,0.3,315.7
tetramethylazanium;chloride,dodecanoic acid,C[N+](C)(C)C.[Cl-],CCCCCCCCCCCC(=O)O,0.201,315.65
tetrapropylazanium;chloride,decanoic acid,CCC[N+](CCC)(CCC)CCC.[Cl-],CCCCCCCCCC(=O)O,0.4,315.55
ChCl,camphor,C[N+](C)(C)CCO.[Cl-],CC1(C2CCC1(C(=O)C2)C)C,0.47668079,315.48
2-hydroxyethyl(trimethyl)azanium;chloride,propanedioic acid,C[N+](C)(C)CCO.[Cl-],O=C(O)CC(=O)O,0.6,315.432
"(1R,2S,5R)-5-methyl-2-propan-2-ylcyclohexan-1-ol",3-phenylpropanoic acid,CC(C)[C@@H]1CC[C@@H](C)C[C@H]1O,O=C(O)CCc1ccccc1,0.1,315.35
tetrapropylazanium;chloride,tetradecanoic acid,CCC[N+](CCC)(CCC)CCC.[Cl-],CCCCCCCCCCCCCC(=O)O,0.5,315.25
2-(trimethylazaniumyl)acetate,"(1R,2S,5R)-5-methyl-2-propan-2-ylcyclohexan-1-ol",C[N+](C)(C)CC(=O)[O-],CC(C)[C@@H]1CC[C@@H](C)C[C@H]1O,0.3,315.2
2-(trimethylazaniumyl)acetate,"(1R,2S,5R)-5-methyl-2-propan-2-ylcyclohexan-1-ol",C[N+](C)(C)CC(=O)[O-],CC(C)[C@@H]1CC[C@@H](C)C[C@H]1O,0.299,315.2
2-hydroxyethyl(trimethyl)azanium;chloride,"(2S,4R)-pentane-1,2,3,4,5-pentol",C[N+](C)(C)CCO.[Cl-],OC[C@@H](O)C(O)[C@@H](O)CO,0.385,315.175
tetradecanoic acid,dodecanoic acid,CCCCCCCCCCCCCC(=O)O,CCCCCCCCCCCC(=O)O,0.1004,315.03
tetramethylazanium;chloride,dodecanoic acid,C[N+](C)(C)C.[Cl-],CCCCCCCCCCCC(=O)O,0.1965,314.8752
dodecanoic acid,decanoic acid,CCCCCCCCCCCC(=O)O,CCCCCCCCCC(=O)O,0.899,314.86
[N4444]Br,suberic acid,CCCC[N+](CCCC)(CCCC)CCCC.[Br-],C(CCCC(=O)O)CCC(=O)O,0.675660698,314.75
hexadecan-1-ol,"(1R,2S,5R)-5-methyl-2-propan-2-ylcyclohexan-1-ol",CCCCCCCCCCCCCCCCO,CC(C)[C@@H]1CC[C@@H](C)C[C@H]1O,0.6,314.7
tetramethylazanium;chloride,tetradecan-1-ol,C[N+](C)(C)C.[Cl-],CCCCCCCCCCCCCCO,0.401,314.6
tetramethylazanium;chloride,dodecanoic acid,C[N+](C)(C)C.[Cl-],CCCCCCCCCCCC(=O)O,0.195,314.52
5-methyl-2-propan-2-ylphenol,decanoic acid,Cc1ccc(C(C)C)c(O)c1,CCCCCCCCCC(=O)O,0.8,314.51
trichloroiron,tetrabutylphosphanium;bromide,[Cl-].[Fe+3].[Cl-].[Cl-],CCCC[P+](CCCC)(CCCC)CCCC.[Br-],0.4,314.5
ChCl,menthol,C[N+](C)(C)CCO.[Cl-],CC1CCC(C(C1)O)C(C)C,0.424711033,314.42
hexadecanoic acid,dodecanoic acid,CCCCCCCCCCCCCCCC(=O)O,CCCCCCCCCCCC(=O)O,0.4001,314.39
5-methyl-2-propan-2-ylphenol,dodecanoic acid,Cc1ccc(C(C)C)c(O)c1,CCCCCCCCCCCC(=O)O,0.1,314.17
"(1R,2S,5R)-5-methyl-2-propan-2-ylcyclohexan-1-ol",tetradecanoic acid,CC(C)[C@@H]1CC[C@@H](C)C[C@H]1O,CCCCCCCCCCCCCC(=O)O,0.5,314.17
2-hydroxyethyl(trimethyl)azanium;chloride,N-(4-hydroxyphenyl)acetamide,C[N+](C)(C)CCO.[Cl-],CC(=O)Nc1ccc(O)cc1,0.5,314.16
hexadecan-1-ol,5-methyl-2-propan-2-ylphenol,CCCCCCCCCCCCCCCCO,Cc1ccc(C(C)C)c(O)c1,0.699,314.1
octadecan-1-ol,5-methyl-2-propan-2-ylphenol,CCCCCCCCCCCCCCCCCCO,Cc1ccc(C(C)C)c(O)c1,0.399,314
5-methyl-2-propan-2-ylphenol,tetradecanoic acid,Cc1ccc(C(C)C)c(O)c1,CCCCCCCCCCCCCC(=O)O,0.5,313.95
2-hydroxyethyl(trimethyl)azanium;chloride,2-hydroxyacetic acid,C[N+](C)(C)CCO.[Cl-],O=C(O)CO,0.247,313.95
1-dioctylphosphoryloctane,"(1R,2S,5R)-5-methyl-2-propan-2-ylcyclohexan-1-ol",CCCCCCCCP(=O)(CCCCCCCC)CCCCCCCC,CC(C)[C@@H]1CC[C@@H](C)C[C@H]1O,0.042,313.891
hexadecanoic acid,dodecanoic acid,CCCCCCCCCCCCCCCC(=O)O,CCCCCCCCCCCC(=O)O,0.3002,313.89
tetramethylazanium;chloride,dodecanoic acid,C[N+](C)(C)C.[Cl-],CCCCCCCCCCCC(=O)O,0.403,313.85
tetramethylazanium;chloride,dodecanoic acid,C[N+](C)(C)C.[Cl-],CCCCCCCCCCCC(=O)O,0.4047,313.8222
[N4444]Br,sorbitol,CCCC[N+](CCCC)(CCCC)CCCC.[Br-],C([C@H]([C@H]([C@@H]([C@H](CO)O)O)O)O)O,0.583115918,313.72
5-methyl-2-propan-2-ylphenol,tetradecan-1-ol,Cc1ccc(C(C)C)c(O)c1,CCCCCCCCCCCCCCO,0.8,313.7
tetrabutylazanium;chloride,hexadecanoic acid,CCCC[N+](CCCC)(CCCC)CCCC.[Cl-],CCCCCCCCCCCCCCCC(=O)O,0.705,313.6
thymol,hexadecanoic acid,CC1=CC(=C(C=C1)C(C)C)O,CCCCCCCCCCCCCCCC(=O)O,0.82874164,313.52
hexadecanoic acid,dodecanoic acid,CCCCCCCCCCCCCCCC(=O)O,CCCCCCCCCCCC(=O)O,0.1032,313.5
[N5555]Br,pimelic acid,CCCCC[N+](CCCCC)(CCCCC)CCCCC.[Br-],C(CCC(=O)O)CCC(=O)O,0.515945733,313.5
octadecan-1-ol,"(1R,2S,5R)-5-methyl-2-propan-2-ylcyclohexan-1-ol",CCCCCCCCCCCCCCCCCCO,CC(C)[C@@H]1CC[C@@H](C)C[C@H]1O,0.299,313.4
decanoic acid,dodecanoic acid,CCCCCCCCCC(=O)O,CCCCCCCCCCCC(=O)O,0.145,313.4
2-hydroxyethyl(trimethyl)azanium;chloride,dodecanoic acid,C[N+](C)(C)CCO.[Cl-],CCCCCCCCCCCC(=O)O,0.297,313.38
hexadecanoic acid,decanoic acid,CCCCCCCCCCCCCCCC(=O)O,CCCCCCCCCC(=O)O,0.2957,313.38
tetrabutylazanium;chloride,hexadecan-1-ol,CCCC[N+](CCCC)(CCCC)CCCC.[Cl-],CCCCCCCCCCCCCCCCO,0.203,313.2
2-hydroxyethyl(trimethyl)azanium;chloride,dodecanoic acid,C[N+](C)(C)CCO.[Cl-],CCCCCCCCCCCC(=O)O,0.345,313.2
tetrapropylazanium;chloride,tetradecanoic acid,CCC[N+](CCC)(CCC)CCC.[Cl-],CCCCCCCCCCCCCC(=O)O,0.292,313.15
octanoic acid,dodecanoic acid,CCCCCCCC(=O)O,CCCCCCCCCCCC(=O)O,0.125,313.15
2-hydroxyethyl(trimethyl)azanium;chloride,"(3S,4R,5R)-2-(hydroxymethyl)oxane-2,3,4,5-tetrol",C[N+](C)(C)CCO.[Cl-],OCC1(O)OC[C@@H](O)[C@@H](O)[C@@H]1O,0.25,313.15
tetramethylazanium;chloride,tetradecan-1-ol,C[N+](C)(C)C.[Cl-],CCCCCCCCCCCCCCO,0.1,313.1
"(8R,9S,10R,13S,14S,17S)-17-hydroxy-10,13-dimethyl-1,2,6,7,8,9,11,12,14,15,16,17-dodecahydrocyclopenta[a]phenanthren-3-one",5-methyl-2-propan-2-ylcyclohexan-1-ol,C[C@]12CC[C@H]3[C@@H](CCC4=CC(=O)CC[C@@]43C)[C@@H]1CC[C@@H]2O,CC1CCC(C(C)C)C(O)C1,0.2,313.05
octadecanoic acid,dodecanoic acid,CCCCCCCCCCCCCCCCCC(=O)O,CCCCCCCCCCCC(=O)O,0.1001,313.04
tetramethylazanium;chloride,dodecanoic acid,C[N+](C)(C)C.[Cl-],CCCCCCCCCCCC(=O)O,0.343,312.86
2-[4-(2-methylpropyl)phenyl]propanoic acid,dodecanoic acid,CC(C)Cc1ccc(C(C)C(=O)O)cc1,CCCCCCCCCCCC(=O)O,0.5041,312.78
tetrapropylazanium;chloride,dodecanoic acid,CCC[N+](CCC)(CCC)CCC.[Cl-],CCCCCCCCCCCC(=O)O,0.2012,312.7691
hexadecan-1-ol,5-methyl-2-propan-2-ylphenol,CCCCCCCCCCCCCCCCO,Cc1ccc(C(C)C)c(O)c1,0.201,312.6
tetramethylazanium;chloride,dodecanoic acid,C[N+](C)(C)C.[Cl-],CCCCCCCCCCCC(=O)O,0.296,312.55
1-dioctylphosphoryloctane,"(1R,2S,5R)-5-methyl-2-propan-2-ylcyclohexan-1-ol",CCCCCCCCP(=O)(CCCCCCCC)CCCCCCCC,CC(C)[C@@H]1CC[C@@H](C)C[C@H]1O,0.067,312.54
hexadecan-1-ol,"(1R,2S,5R)-5-methyl-2-propan-2-ylcyclohexan-1-ol",CCCCCCCCCCCCCCCCO,CC(C)[C@@H]1CC[C@@H](C)C[C@H]1O,0.5,312.5
2-[4-(2-methylpropyl)phenyl]propanoic acid,dodecanoic acid,CC(C)Cc1ccc(C(C)C(=O)O)cc1,CCCCCCCCCCCC(=O)O,0.1068,312.46
octadecanoic acid,dodecanoic acid,CCCCCCCCCCCCCCCCCC(=O)O,CCCCCCCCCCCC(=O)O,0.1515,312.31
5-methyl-2-propan-2-ylphenol,tetradecanoic acid,Cc1ccc(C(C)C)c(O)c1,CCCCCCCCCCCCCC(=O)O,0.8,312.3
2-(trimethylazaniumyl)acetate,"(1R,2S,5R)-5-methyl-2-propan-2-ylcyclohexan-1-ol",C[N+](C)(C)CC(=O)[O-],CC(C)[C@@H]1CC[C@@H](C)C[C@H]1O,0.199,312.3
tetraethylazanium;chloride,decanoic acid,CC[N+](CC)(CC)CC.[Cl-],CCCCCCCCCC(=O)O,0.401,312.28
tetradecanoic acid,decanoic acid,CCCCCCCCCCCCCC(=O)O,CCCCCCCCCC(=O)O,0.5021,312.27
tetraethylazanium;chloride,tetradecanoic acid,CC[N+](CC)(CC)CC.[Cl-],CCCCCCCCCCCCCC(=O)O,0.298,312.25
ChCl,dodecanoic acid,C[N+](C)(C)CCO.[Cl-],CCCCCCCCCCCC(=O)O,0.418975192,312.24
"(1R,2S,5R)-5-methyl-2-propan-2-ylcyclohexan-1-ol",dodecanoic acid,CC(C)[C@@H]1CC[C@@H](C)C[C@H]1O,CCCCCCCCCCCC(=O)O,0.25,312.22
2-hydroxyethyl(trimethyl)azanium;chloride,"(3R,4S,5S,6R)-6-(hydroxymethyl)oxane-2,3,4,5-tetrol",C[N+](C)(C)CCO.[Cl-],OC[C@H]1OC(O)[C@H](O)[C@@H](O)[C@@H]1O,0.4,312.15
5-methyl-2-propan-2-ylphenol,tetradecanoic acid,Cc1ccc(C(C)C)c(O)c1,CCCCCCCCCCCCCC(=O)O,0.6,312.14
tetramethylazanium;chloride,dodecanoic acid,C[N+](C)(C)C.[Cl-],CCCCCCCCCCCC(=O)O,0.3442,312.0671
5-methyl-2-propan-2-ylphenol,octanoic acid,Cc1ccc(C(C)C)c(O)c1,CCCCCCCC(=O)O,0.8,312.05
"(1R,2S,5R)-5-methyl-2-propan-2-ylcyclohexan-1-ol",dodecanoic acid,CC(C)[C@@H]1CC[C@@H](C)C[C@H]1O,CCCCCCCCCCCC(=O)O,0.2,312
dodecanoic acid,decanoic acid,CCCCCCCCCCCC(=O)O,CCCCCCCCCC(=O)O,0.8007,311.94
1-dioctylphosphoryloctane,phenol,CCCCCCCCP(=O)(CCCCCCCC)CCCCCCCC,Oc1ccccc1,0.7,311.85
[N2222]Cl,tetradecanoic acid,CC[N+](CC)(CC)CC.[Cl-],CCCCCCCCCCCCCC(=O)O,0.332055813,311.76
[N1111]Cl,dodecanoic acid,C[N+](C)(C)C.[Cl-],CCCCCCCCCCCC(=O)O,0.396308238,311.72
tetraethylazanium;chloride,tetradecanoic acid,CC[N+](CC)(CC)CC.[Cl-],CCCCCCCCCCCCCC(=O)O,0.301,311.71
5-methyl-2-propan-2-ylphenol,dodecanoic acid,Cc1ccc(C(C)C)c(O)c1,CCCCCCCCCCCC(=O)O,0.79,311.6
tetrapropylazanium;chloride,dodecanoic acid,CCC[N+](CCC)(CCC)CCC.[Cl-],CCCCCCCCCCCC(=O)O,0.199,311.59
5-methyl-2-propan-2-ylphenol,dodecanoic acid,Cc1ccc(C(C)C)c(O)c1,CCCCCCCCCCCC(=O)O,0.2,311.51
tetrapropylazanium;chloride,tetradecanoic acid,CCC[N+](CCC)(CCC)CCC.[Cl-],CCCCCCCCCCCCCC(=O)O,0.3,311.35
Tetra-n-butylphosphonium bromide,FeCl3,CCCC[P+](CCCC)(CCCC)CCCC.[Br-],[Cl-].[Cl-].[Cl-].[Fe+3],0.285714286,311.25
1-dioctylphosphoryloctane,"(1R,2S,5R)-5-methyl-2-propan-2-ylcyclohexan-1-ol",CCCCCCCCP(=O)(CCCCCCCC)CCCCCCCC,CC(C)[C@@H]1CC[C@@H](C)C[C@H]1O,0.09,311.19
dibromozinc,2-hydroxyethyl(trimethyl)azanium;chloride,[Br-].[Zn+2].[Br-],C[N+](C)(C)CCO.[Cl-],0.6667,311.15
2-hydroxyethyl(trimethyl)azanium;chloride,pentanedioic acid,C[N+](C)(C)CCO.[Cl-],O=C(O)CCCC(=O)O,0.45,311.15
tetraethylazanium;chloride,dodecanoic acid,CC[N+](CC)(CC)CC.[Cl-],CCCCCCCCCCCC(=O)O,0.2186,311.014
tetradecanoic acid,dodecanoic acid,CCCCCCCCCCCCCC(=O)O,CCCCCCCCCCCC(=O)O,0.4998,310.96
"(1R,2S,5R)-5-methyl-2-propan-2-ylcyclohexan-1-ol",tetradecanoic acid,CC(C)[C@@H]1CC[C@@H](C)C[C@H]1O,CCCCCCCCCCCCCC(=O)O,0.6,310.93
2-hydroxyethyl(trimethyl)azanium;chloride,tetradecan-1-ol,C[N+](C)(C)CCO.[Cl-],CCCCCCCCCCCCCCO,0.109,310.92
2-(trimethylazaniumyl)acetate,5-methyl-2-propan-2-ylphenol,C[N+](C)(C)CC(=O)[O-],Cc1ccc(C(C)C)c(O)c1,0.099,310.9
ChCl,Ch[OAc],C[N+](C)(C)CCO.[Cl-],CC(=O)[O-].C[N+](C)(C)CCO,0.409645311,310.87
2-hydroxyethyl(trimethyl)azanium;chloride,propanedioic acid,C[N+](C)(C)CCO.[Cl-],O=C(O)CC(=O)O,0.399,310.734
tetrapropylazanium;chloride,dodecanoic acid,CCC[N+](CCC)(CCC)CCC.[Cl-],CCCCCCCCCCCC(=O)O,0.196,310.65
hexadecanoic acid,dodecanoic acid,CCCCCCCCCCCCCCCC(=O)O,CCCCCCCCCCCC(=O)O,0.1519,310.64
tetradecanoic acid,dodecanoic acid,CCCCCCCCCCCCCC(=O)O,CCCCCCCCCCCC(=O)O,0.2004,310.61
2-hydroxyethyl(trimethyl)azanium;chloride,2-phenylacetic acid,C[N+](C)(C)CCO.[Cl-],O=C(O)Cc1ccccc1,0.302,310.483
hexadecanoic acid,dodecanoic acid,CCCCCCCCCCCCCCCC(=O)O,CCCCCCCCCCCC(=O)O,0.2002,310.44
tetraethylazanium;chloride,dodecanoic acid,CC[N+](CC)(CC)CC.[Cl-],CCCCCCCCCCCC(=O)O,0.218,310.43
tetradecanoic acid,dodecanoic acid,CCCCCCCCCCCCCC(=O)O,CCCCCCCCCCCC(=O)O,0.3998,310.42
tetraethylazanium;chloride,dodecanoic acid,CC[N+](CC)(CC)CC.[Cl-],CCCCCCCCCCCC(=O)O,0.2,310.35
2-hydroxyethyl(trimethyl)azanium;chloride,tetradecan-1-ol,C[N+](C)(C)CCO.[Cl-],CCCCCCCCCCCCCCO,0.202,310.32
ChCl,oxalic acid,C[N+](C)(C)CCO.[Cl-],C(=O)(C(=O)O)O,0.486390793,310.3
octanoic acid,dodecanoic acid,CCCCCCCC(=O)O,CCCCCCCCCCCC(=O)O,0.169,310.275
octadecan-1-ol,5-methyl-2-propan-2-ylphenol,CCCCCCCCCCCCCCCCCCO,Cc1ccc(C(C)C)c(O)c1,0.202,310.2
hexadecanoic acid,decanoic acid,CCCCCCCCCCCCCCCC(=O)O,CCCCCCCCCC(=O)O,0.2504,310.15
nonanoic acid,dodecanoic acid,CCCCCCCCC(=O)O,CCCCCCCCCCCC(=O)O,0.145,310.15
Choline chloride,D-fructose,C[N+](C)(C)CCO.[Cl-],C1[C@H]([C@H]([C@@H](C(O1)(CO)O)O)O)O,0.714285714,310.15
2-hydroxyethyl(trimethyl)azanium;chloride,"(3S,4R,5R)-2-(hydroxymethyl)oxane-2,3,4,5-tetrol",C[N+](C)(C)CCO.[Cl-],OCC1(O)OC[C@@H](O)[C@@H](O)[C@@H]1O,0.714286,310.15
2-hydroxyethyl(trimethyl)azanium;chloride,3-phenylpropanoic acid,C[N+](C)(C)CCO.[Cl-],O=C(O)CCc1ccccc1,0.199,310.15
ethanamine;hydrochloride,acetamide,[Cl-].CC[NH3+],CC(N)=O,0.333333,310.15
2-(trimethylazaniumyl)acetate,"(1R,2S,5R)-5-methyl-2-propan-2-ylcyclohexan-1-ol",C[N+](C)(C)CC(=O)[O-],CC(C)[C@@H]1CC[C@@H](C)C[C@H]1O,0.101,310.1
5-methyl-2-propan-2-ylphenol,"(1R,2S,5R)-5-methyl-2-propan-2-ylcyclohexan-1-ol",Cc1ccc(C(C)C)c(O)c1,CC(C)[C@@H]1CC[C@@H](C)C[C@H]1O,0.847,310.097
"(1R,2S,5R)-5-methyl-2-propan-2-ylcyclohexan-1-ol",tetradecan-1-ol,CC(C)[C@@H]1CC[C@@H](C)C[C@H]1O,CCCCCCCCCCCCCCO,0.101,310
"(1R,2S,5R)-5-methyl-2-propan-2-ylcyclohexan-1-ol",dodecanoic acid,CC(C)[C@@H]1CC[C@@H](C)C[C@H]1O,CCCCCCCCCCCC(=O)O,0.3,310
dodecanoic acid,nonanoic acid,CCCCCCCCCCCC(=O)O,CCCCCCCCC(=O)O,0.857,310
2-(trimethylazaniumyl)acetate,"(2S,4R)-pentane-1,2,3,4,5-pentol",C[N+](C)(C)CC(=O)[O-],OC[C@@H](O)C(O)[C@@H](O)CO,0.45,309.92
hexadecan-1-ol,"(1R,2S,5R)-5-methyl-2-propan-2-ylcyclohexan-1-ol",CCCCCCCCCCCCCCCCO,CC(C)[C@@H]1CC[C@@H](C)C[C@H]1O,0.1,309.9
ChCl,thiourea,C[N+](C)(C)CCO.[Cl-],C(=S)(N)N,0.49508632,309.7
tetradecanoic acid,dodecanoic acid,CCCCCCCCCCCCCC(=O)O,CCCCCCCCCCCC(=O)O,0.35,309.68
"(1R,2S,5R)-5-methyl-2-propan-2-ylcyclohexan-1-ol",3-phenylpropanoic acid,CC(C)[C@@H]1CC[C@@H](C)C[C@H]1O,O=C(O)CCc1ccccc1,0.2,309.65
octadecan-1-ol,5-methyl-2-propan-2-ylphenol,CCCCCCCCCCCCCCCCCCO,Cc1ccc(C(C)C)c(O)c1,0.299,309.6
tetrapropylazanium;bromide,heptanedioic acid,CCC[N+](CCC)(CCC)CCC.[Br-],O=C(O)CCCCCC(=O)O,0.55,309.6
1-dioctylphosphoryloctane,phenol,CCCCCCCCP(=O)(CCCCCCCC)CCCCCCCC,Oc1ccccc1,0.67,309.55
ChCl,glutaric acid,C[N+](C)(C)CCO.[Cl-],C(CC(=O)O)CC(=O)O,0.473162352,309.53
5-methyl-2-propan-2-ylphenol,tetradecan-1-ol,Cc1ccc(C(C)C)c(O)c1,CCCCCCCCCCCCCCO,0.1,309.4
hexadecan-1-ol,5-methyl-2-propan-2-ylphenol,CCCCCCCCCCCCCCCCO,Cc1ccc(C(C)C)c(O)c1,0.599,309.4
2-hydroxyethyl(trimethyl)azanium;chloride,"(2R,3R,4R,5S)-hexane-1,2,3,4,5,6-hexol",C[N+](C)(C)CCO.[Cl-],OC[C@@H](O)[C@@H](O)[C@H](O)[C@@H](O)CO,0.455,309.375
5-methyl-2-propan-2-ylphenol,dodecanoic acid,Cc1ccc(C(C)C)c(O)c1,CCCCCCCCCCCC(=O)O,0.3,309.36
ChCl,sorbitol,C[N+](C)(C)CCO.[Cl-],C([C@H]([C@H]([C@@H]([C@H](CO)O)O)O)O)O,0.49520131,309.3
2-hydroxyethyl(trimethyl)azanium;chloride,"(3S,4R,5R)-2-(hydroxymethyl)oxane-2,3,4,5-tetrol",C[N+](C)(C)CCO.[Cl-],OCC1(O)OC[C@@H](O)[C@@H](O)[C@@H]1O,0.285714,309.15
hexadecan-1-ol,"(1R,2S,5R)-5-methyl-2-propan-2-ylcyclohexan-1-ol",CCCCCCCCCCCCCCCCO,CC(C)[C@@H]1CC[C@@H](C)C[C@H]1O,0.398,309.1
5-methyl-2-propan-2-ylphenol,tetradecanoic acid,Cc1ccc(C(C)C)c(O)c1,CCCCCCCCCCCCCC(=O)O,0.7,309.05
"(1R,2S,5R)-5-methyl-2-propan-2-ylcyclohexan-1-ol",octanoic acid,CC(C)[C@@H]1CC[C@@H](C)C[C@H]1O,CCCCCCCC(=O)O,0.905,309.028
octadecan-1-ol,"(1R,2S,5R)-5-methyl-2-propan-2-ylcyclohexan-1-ol",CCCCCCCCCCCCCCCCCCO,CC(C)[C@@H]1CC[C@@H](C)C[C@H]1O,0.1,309
5-methyl-2-propan-2-ylphenol,"(1R,2S,5R)-5-methyl-2-propan-2-ylcyclohexan-1-ol",Cc1ccc(C(C)C)c(O)c1,CC(C)[C@@H]1CC[C@@H](C)C[C@H]1O,0.8009,309
"(1R,2S,5R)-5-methyl-2-propan-2-ylcyclohexan-1-ol",tetradecan-1-ol,CC(C)[C@@H]1CC[C@@H](C)C[C@H]1O,CCCCCCCCCCCCCCO,0.199,309
tetraethylazanium;chloride,dodecanoic acid,CC[N+](CC)(CC)CC.[Cl-],CCCCCCCCCCCC(=O)O,0.3035,308.908
tetradecanoic acid,dodecanoic acid,CCCCCCCCCCCCCC(=O)O,CCCCCCCCCCCC(=O)O,0.2999,308.85
dodecanoic acid,decanoic acid,CCCCCCCCCCCC(=O)O,CCCCCCCCCC(=O)O,0.7001,308.8
"(1R,2S,5R)-5-methyl-2-propan-2-ylcyclohexan-1-ol",hexadecanoic acid,CC(C)[C@@H]1CC[C@@H](C)C[C@H]1O,CCCCCCCCCCCCCCCC(=O)O,0.8,308.61
thymol,tetradecanoic acid,CC1=CC(=C(C=C1)C(C)C)O,CCCCCCCCCCCCCC(=O)O,0.703204573,308.56
tetrapropylazanium;chloride,tetradecanoic acid,CCC[N+](CCC)(CCC)CCC.[Cl-],CCCCCCCCCCCCCC(=O)O,0.35,308.55
"(1R,2S,5R)-5-methyl-2-propan-2-ylcyclohexan-1-ol",hexadecanoic acid,CC(C)[C@@H]1CC[C@@H](C)C[C@H]1O,CCCCCCCCCCCCCCCC(=O)O,0.9,308.53
tetraethylazanium;chloride,dodecanoic acid,CC[N+](CC)(CC)CC.[Cl-],CCCCCCCCCCCC(=O)O,0.302,308.52
tetrabutylazanium;chloride,hexadecan-1-ol,CCCC[N+](CCCC)(CCCC)CCCC.[Cl-],CCCCCCCCCCCCCCCCO,0.494,308.5
decanoic acid,dodecanoic acid,CCCCCCCCCC(=O)O,CCCCCCCCCCCC(=O)O,0.252,308.4
2-[4-(2-methylpropyl)phenyl]propanoic acid,dodecanoic acid,CC(C)Cc1ccc(C(C)C(=O)O)cc1,CCCCCCCCCCCC(=O)O,0.3,308.39
5-methyl-2-propan-2-ylphenol,"(1R,2S,5R)-5-methyl-2-propan-2-ylcyclohexan-1-ol",Cc1ccc(C(C)C)c(O)c1,CC(C)[C@@H]1CC[C@@H](C)C[C@H]1O,0.799,308.3
tetrabutylazanium;chloride,tetradecanoic acid,CCCC[N+](CCCC)(CCCC)CCCC.[Cl-],CCCCCCCCCCCCCC(=O)O,0.684,308.3
thymol,ketoprofen,CC1=CC(=C(C=C1)C(C)C)O,CC(C1=CC(=CC=C1)C(=O)C2=CC=CC=C2)C(=O)O,0.79657274,308.23
"(1R,2S,5R)-5-methyl-2-propan-2-ylcyclohexan-1-ol",3-cyclohexylpropanoic acid,CC(C)[C@@H]1CC[C@@H](C)C[C@H]1O,O=C(O)CCC1CCCCC1,0.9,308.182
5-methyl-2-propan-2-ylphenol,"(1R,2S,5R)-5-methyl-2-propan-2-ylcyclohexan-1-ol",Cc1ccc(C(C)C)c(O)c1,CC(C)[C@@H]1CC[C@@H](C)C[C@H]1O,0.8003,308.15
thymol,octadecanol,CC1=CC(=C(C=C1)C(C)C)O,CCCCCCCCCCCCCCCCCCO,0.772168572,308.07
"(1R,2S,5R)-5-methyl-2-propan-2-ylcyclohexan-1-ol",octanoic acid,CC(C)[C@@H]1CC[C@@H](C)C[C@H]1O,CCCCCCCC(=O)O,0.9,308
2-hydroxyethyl(trimethyl)azanium;chloride,oxalic acid,C[N+](C)(C)CCO.[Cl-],O=C(O)C(=O)O,0.5,308
ethanamine;hydrochloride,"2,2,2-trifluoroacetamide",[Cl-].CC[NH3+],NC(=O)C(F)(F)F,0.25,308
tetradecanoic acid,decanoic acid,CCCCCCCCCCCCCC(=O)O,CCCCCCCCCC(=O)O,0.4014,307.94
tetrabutylazanium;chloride,tetradecan-1-ol,CCCC[N+](CCCC)(CCCC)CCCC.[Cl-],CCCCCCCCCCCCCCO,0.605,307.8
octadecan-1-ol,"(1R,2S,5R)-5-methyl-2-propan-2-ylcyclohexan-1-ol",CCCCCCCCCCCCCCCCCCO,CC(C)[C@@H]1CC[C@@H](C)C[C@H]1O,0.2,307.8
tetrabutylazanium;chloride,hexadecanoic acid,CCCC[N+](CCCC)(CCCC)CCCC.[Cl-],CCCCCCCCCCCCCCCC(=O)O,0.392,307.7
"(1R,2S,5R)-5-methyl-2-propan-2-ylcyclohexan-1-ol",decanoic acid,CC(C)[C@@H]1CC[C@@H](C)C[C@H]1O,CCCCCCCCCC(=O)O,0.8918,307.65
tetrapropylazanium;chloride,tetradecanoic acid,CCC[N+](CCC)(CCC)CCC.[Cl-],CCCCCCCCCCCCCC(=O)O,0.45,307.62
"(1R,2S,5R)-5-methyl-2-propan-2-ylcyclohexan-1-ol",tetradecan-1-ol,CC(C)[C@@H]1CC[C@@H](C)C[C@H]1O,CCCCCCCCCCCCCCO,0.897,307.6
"(1R,2S,5R)-5-methyl-2-propan-2-ylcyclohexan-1-ol",3-phenylpropanoic acid,CC(C)[C@@H]1CC[C@@H](C)C[C@H]1O,O=C(O)CCc1ccccc1,0.9,307.46
5-methyl-2-propan-2-ylphenol,"(1R,2S,5R)-5-methyl-2-propan-2-ylcyclohexan-1-ol",Cc1ccc(C(C)C)c(O)c1,CC(C)[C@@H]1CC[C@@H](C)C[C@H]1O,0.099,307.319
tetrabutylazanium;chloride,hexadecan-1-ol,CCCC[N+](CCCC)(CCCC)CCCC.[Cl-],CCCCCCCCCCCCCCCCO,0.3,307.2
5-methyl-2-propan-2-ylphenol,"(1R,2S,5R)-5-methyl-2-propan-2-ylcyclohexan-1-ol",Cc1ccc(C(C)C)c(O)c1,CC(C)[C@@H]1CC[C@@H](C)C[C@H]1O,0.0987,307.15
octanoic acid,dodecanoic acid,CCCCCCCC(=O)O,CCCCCCCCCCCC(=O)O,0.252,307.15
Choline chloride,Oxalic acid,C[N+](C)(C)CCO.[Cl-],C(=O)(C(=O)O)O,0.5,307.15
betaine,thymol,C[N+](C)(C)CC(=O)[O-],CC1=CC(=C(C=C1)C(C)C)O,0.379027618,307.11
"(1R,2S,5R)-5-methyl-2-propan-2-ylcyclohexan-1-ol",decanoic acid,CC(C)[C@@H]1CC[C@@H](C)C[C@H]1O,CCCCCCCCCC(=O)O,0.8985,307.1
2-hydroxyethyl(trimethyl)azanium;chloride,"2,4,6-trimethylphenol",C[N+](C)(C)CCO.[Cl-],Cc1cc(C)c(O)c(C)c1,0.33,307.06
"(1R,2S,5R)-5-methyl-2-propan-2-ylcyclohexan-1-ol",dodecanoic acid,CC(C)[C@@H]1CC[C@@H](C)C[C@H]1O,CCCCCCCCCCCC(=O)O,0.9,307
"(1R,2S,5R)-5-methyl-2-propan-2-ylcyclohexan-1-ol",decanoic acid,CC(C)[C@@H]1CC[C@@H](C)C[C@H]1O,CCCCCCCCCC(=O)O,0.9,307
"2-(diethylamino)-N-(2,6-dimethylphenyl)acetamide","1,7,7-trimethylbicyclo[2.2.1]heptan-2-one",CCN(CC)CC(=O)Nc1c(C)cccc1C,CC12CCC(CC1=O)C2(C)C,0.5,307
5-methyl-2-propan-2-ylphenol,dodecanoic acid,Cc1ccc(C(C)C)c(O)c1,CCCCCCCCCCCC(=O)O,0.7,306.96
5-methyl-2-propan-2-ylphenol,"(1R,2S,5R)-5-methyl-2-propan-2-ylcyclohexan-1-ol",Cc1ccc(C(C)C)c(O)c1,CC(C)[C@@H]1CC[C@@H](C)C[C@H]1O,0.834,306.926
"1,10-phenanthroline",4-chloro-5-methyl-2-propan-2-ylphenol,c1cnc2c(c1)ccc1cccnc12,Cc1cc(O)c(C(C)C)cc1Cl,0.7042,306.9008
pyridine-3-carboxamide,2-hydroxyacetic acid,NC(=O)c1cccnc1,O=C(O)CO,0.5026,306.8966
2-hydroxyethyl(trimethyl)azanium;chloride,2-hydroxyacetic acid,C[N+](C)(C)CCO.[Cl-],O=C(O)CO,0.3,306.72
tetrapropylazanium;chloride,hexadecanoic acid,CCC[N+](CCC)(CCC)CCC.[Cl-],CCCCCCCCCCCCCCCC(=O)O,0.504,306.67
[N2222]Br,glutaric acid,CC[N+](CC)(CC)CC.[Br-],C(CC(=O)O)CC(=O)O,0.430256967,306.62
hexadecan-1-ol,5-methyl-2-propan-2-ylphenol,CCCCCCCCCCCCCCCCO,Cc1ccc(C(C)C)c(O)c1,0.5,306.6
2-hydroxyethyl(trimethyl)azanium;chloride,tetradecan-1-ol,C[N+](C)(C)CCO.[Cl-],CCCCCCCCCCCCCCO,0.288,306.55
5-methyl-2-propan-2-ylphenol,decanoic acid,Cc1ccc(C(C)C)c(O)c1,CCCCCCCCCC(=O)O,0.7,306.47
"(1R,2S,5R)-5-methyl-2-propan-2-ylcyclohexan-1-ol",tetradecanoic acid,CC(C)[C@@H]1CC[C@@H](C)C[C@H]1O,CCCCCCCCCCCCCC(=O)O,0.9,306.35
"(1R,2S,5R)-5-methyl-2-propan-2-ylcyclohexan-1-ol",cyclohexanecarboxylic acid,CC(C)[C@@H]1CC[C@@H](C)C[C@H]1O,O=C(O)C1CCCCC1,0.9,306.29
1-dioctylphosphoryloctane,"(1R,2S,5R)-5-methyl-2-propan-2-ylcyclohexan-1-ol",CCCCCCCCP(=O)(CCCCCCCC)CCCCCCCC,CC(C)[C@@H]1CC[C@@H](C)C[C@H]1O,0.116,306.238
ethanamine;hydrochloride,acetamide,[Cl-].CC[NH3+],CC(N)=O,0.5,306.15
2-hydroxyethyl(trimethyl)azanium;chloride,"(3S,4R,5R)-2-(hydroxymethyl)oxane-2,3,4,5-tetrol",C[N+](C)(C)CCO.[Cl-],OCC1(O)OC[C@@H](O)[C@@H](O)[C@@H]1O,0.333333,306.15
Choline chloride,Mandelic acid,C[N+](C)(C)CCO.[Cl-],C1=CC=C(C=C1)C(C(=O)O)O,0.333333333,306.15
hexadecan-1-ol,5-methyl-2-propan-2-ylphenol,CCCCCCCCCCCCCCCCO,Cc1ccc(C(C)C)c(O)c1,0.3,306.1
"(1R,2S,5R)-5-methyl-2-propan-2-ylcyclohexan-1-ol",dodecanoic acid,CC(C)[C@@H]1CC[C@@H](C)C[C@H]1O,CCCCCCCCCCCC(=O)O,0.4,306
tetrabutylazanium;chloride,(2S)-2-aminobutanedioic acid,CCCC[N+](CCCC)(CCCC)CCCC.[Cl-],N[C@@H](CC(=O)O)C(=O)O,0.909091,305.96
Tetrabutylammonium chloride,Aspartic acid,CCCC[N+](CCCC)(CCCC)CCCC.[Cl-],C([C@@H](C(=O)O)N)C(=O)O,0.916666667,305.93
"1H-Imidazolium, 3-[2-[(1R,5S)-6,6-dimethylbicyclo[3.1.1]hept-2-en-2-yl]ethyl]-1-methyl-, methanesulfonate (1:1) (ACI)",urea,CS(=O)(=O)[O-].Cn1cc[n+](CCC2=CC[C@H]3C[C@@H]2C3(C)C)c1,NC(N)=O,0.303,305.882
2-methyl-5-propan-2-ylphenol,"(1R,2S,5R)-5-methyl-2-propan-2-ylcyclohexan-1-ol",Cc1ccc(C(C)C)cc1O,CC(C)[C@@H]1CC[C@@H](C)C[C@H]1O,0.0998,305.85
2-hydroxyethyl(trimethyl)azanium;chloride,"propane-1,2,3-triol",C[N+](C)(C)CCO.[Cl-],OCC(O)CO,0.603,305.811
thymol,ibuprofen,CC1=CC(=C(C=C1)C(C)C)O,CC(C)CC1=CC=C(C=C1)C(C)C(=O)O,0.657989958,305.81
octadecanoic acid,decanoic acid,CCCCCCCCCCCCCCCCCC(=O)O,CCCCCCCCCC(=O)O,0.0998,305.78
5-methyl-2-propan-2-ylphenol,"(1R,2S,5R)-5-methyl-2-propan-2-ylcyclohexan-1-ol",Cc1ccc(C(C)C)c(O)c1,CC(C)[C@@H]1CC[C@@H](C)C[C@H]1O,0.1,305.7
tetrapropylazanium;chloride,tetradecanoic acid,CCC[N+](CCC)(CCC)CCC.[Cl-],CCCCCCCCCCCCCC(=O)O,0.4,305.68
5-methyl-2-propan-2-ylphenol,tetradecan-1-ol,Cc1ccc(C(C)C)c(O)c1,CCCCCCCCCCCCCCO,0.2,305.6
2-hydroxyethyl(trimethyl)azanium;chloride,decanoic acid,C[N+](C)(C)CCO.[Cl-],CCCCCCCCCC(=O)O,0.342,305.45
tetrabutylazanium;chloride,tetradecan-1-ol,CCCC[N+](CCCC)(CCCC)CCCC.[Cl-],CCCCCCCCCCCCCCO,0.102,305.4
nonanoic acid,dodecanoic acid,CCCCCCCCC(=O)O,CCCCCCCCCCCC(=O)O,0.252,305.275
Tetrabutylammonium chloride,Aspartic acid,CCCC[N+](CCCC)(CCCC)CCCC.[Cl-],C([C@@H](C(=O)O)N)C(=O)O,0.909090909,305.23
tetrabutylazanium;chloride,tetradecanoic acid,CCCC[N+](CCCC)(CCCC)CCCC.[Cl-],CCCCCCCCCCCCCC(=O)O,0.307,305.2
2-[4-(2-methylpropyl)phenyl]propanoic acid,5-methyl-2-propan-2-ylphenol,CC(C)Cc1ccc(C(C)C(=O)O)cc1,Cc1ccc(C(C)C)c(O)c1,0.33,305.15
tetradecanoic acid,decanoic acid,CCCCCCCCCCCCCC(=O)O,CCCCCCCCCC(=O)O,0.351,305.12
tetraethylazanium;chloride,decanoic acid,CC[N+](CC)(CC)CC.[Cl-],CCCCCCCCCC(=O)O,0.097,305.05
dodecanoic acid,nonanoic acid,CCCCCCCCCCCC(=O)O,CCCCCCCCC(=O)O,0.75,305
tetramethylazanium;chloride,decanoic acid,C[N+](C)(C)C.[Cl-],CCCCCCCCCC(=O)O,0.109,304.94
tetrabutylazanium;chloride,(2S)-2-aminobutanedioic acid,CCCC[N+](CCCC)(CCCC)CCCC.[Cl-],N[C@@H](CC(=O)O)C(=O)O,0.916667,304.93
hexadecan-1-ol,"(1R,2S,5R)-5-methyl-2-propan-2-ylcyclohexan-1-ol",CCCCCCCCCCCCCCCCO,CC(C)[C@@H]1CC[C@@H](C)C[C@H]1O,0.3,304.9
ChCl,decanoic acid,C[N+](C)(C)CCO.[Cl-],CCCCCCCCCC(=O)O,0.39370688,304.78
5-methyl-2-propan-2-ylphenol,dodecanoic acid,Cc1ccc(C(C)C)c(O)c1,CCCCCCCCCCCC(=O)O,0.4,304.76
2-hydroxyethyl(trimethyl)azanium;chloride,decanoic acid,C[N+](C)(C)CCO.[Cl-],CCCCCCCCCC(=O)O,0.399,304.7
sodium;dodecanoate,decanoic acid,CCCCCCCCCCCC(=O)[O-].[Na+],CCCCCCCCCC(=O)O,0.068,304.682
hexadecanoic acid,decanoic acid,CCCCCCCCCCCCCCCC(=O)O,CCCCCCCCCC(=O)O,0.2063,304.68
dodecanoic acid,decanoic acid,CCCCCCCCCCCC(=O)O,CCCCCCCCCC(=O)O,0.5999,304.61
2-hydroxyethyl(trimethyl)azanium;chloride,decanoic acid,C[N+](C)(C)CCO.[Cl-],CCCCCCCCCC(=O)O,0.101,304.6
tetramethylazanium;chloride,decanoic acid,C[N+](C)(C)C.[Cl-],CCCCCCCCCC(=O)O,0.099,304.55
2-hydroxyethyl(trimethyl)azanium;chloride,pentanedioic acid,C[N+](C)(C)CCO.[Cl-],O=C(O)CCCC(=O)O,0.495,304.55
zinc;dichloride,urea,[Cl-].[Cl-].[Zn+2],NC(N)=O,0.198,304.4833
2-hydroxyethyl(trimethyl)azanium;chloride,3-phenylpropanoic acid,C[N+](C)(C)CCO.[Cl-],O=C(O)CCc1ccccc1,0.25,304.483
2-hydroxyethyl(trimethyl)azanium;chloride,decanoic acid,C[N+](C)(C)CCO.[Cl-],CCCCCCCCCC(=O)O,0.212,304.45
1-dioctylphosphoryloctane,"(1R,2S,5R)-5-methyl-2-propan-2-ylcyclohexan-1-ol",CCCCCCCCP(=O)(CCCCCCCC)CCCCCCCC,CC(C)[C@@H]1CC[C@@H](C)C[C@H]1O,0.138,304.437
"1H-Imidazolium, 3-[2-[(1R,5S)-6,6-dimethylbicyclo[3.1.1]hept-2-en-2-yl]ethyl]-1-methyl-, methanesulfonate (1:1) (ACI)",urea,CS(=O)(=O)[O-].Cn1cc[n+](CCC2=CC[C@H]3C[C@@H]2C3(C)C)c1,NC(N)=O,0.452,304.412
5-methyl-2-propan-2-ylphenol,"(1R,2S,5R)-5-methyl-2-propan-2-ylcyclohexan-1-ol",Cc1ccc(C(C)C)c(O)c1,CC(C)[C@@H]1CC[C@@H](C)C[C@H]1O,0.105,304.4
tetrapropylazanium;chloride,decanoic acid,CCC[N+](CCC)(CCC)CCC.[Cl-],CCCCCCCCCC(=O)O,0.1,304.36
coumarin,lidocaine,C1=CC=C2C(=C1)C=CC(=O)O2,CCN(CC)CC(=O)NC1=C(C=CC=C1C)C,0.504244613,304.26
"(1R,2S,5R)-5-methyl-2-propan-2-ylcyclohexan-1-ol",tetradecan-1-ol,CC(C)[C@@H]1CC[C@@H](C)C[C@H]1O,CCCCCCCCCCCCCCO,0.302,304.2
tetraethylazanium;chloride,decanoic acid,CC[N+](CC)(CC)CC.[Cl-],CCCCCCCCCC(=O)O,0.196,304.18
benzyl(trimethyl)azanium;chloride,"2-hydroxypropane-1,2,3-tricarboxylic acid",C[N+](C)(C)Cc1ccccc1.[Cl-],O=C(O)CC(O)(CC(=O)O)C(=O)O,0.5,304.15
2-hydroxyethyl(trimethyl)azanium;chloride,"(3R,4S,5S,6R)-6-(hydroxymethyl)oxane-2,3,4,5-tetrol",C[N+](C)(C)CCO.[Cl-],OC[C@H]1OC(O)[C@H](O)[C@@H](O)[C@@H]1O,0.5,304.15
zinc;dichloride,2-acetyloxyethyl(trimethyl)azanium;chloride,[Cl-].[Cl-].[Zn+2],CC(=O)OCC[N+](C)(C)C.[Cl-],0.666667,304.15
2-hydroxyethyl(trimethyl)azanium;chloride,decanoic acid,C[N+](C)(C)CCO.[Cl-],CCCCCCCCCC(=O)O,0.296,304.1
2-hydroxyethyl(trimethyl)azanium;chloride,decanoic acid,C[N+](C)(C)CCO.[Cl-],CCCCCCCCCC(=O)O,0.3,304.06
[N1111]Cl,decanoic acid,C[N+](C)(C)C.[Cl-],CCCCCCCCCC(=O)O,0.183235438,304.04
[N2222]Cl,dodecanoic acid,CC[N+](CC)(CC)CC.[Cl-],CCCCCCCCCCCC(=O)O,0.361995942,304
"(1R,2S,5R)-5-methyl-2-propan-2-ylcyclohexan-1-ol",3-phenylpropanoic acid,CC(C)[C@@H]1CC[C@@H](C)C[C@H]1O,O=C(O)CCc1ccccc1,0.3,303.95
ChCl,xylitol,C[N+](C)(C)CCO.[Cl-],C([C@H](C([C@H](CO)O)O)O)O,0.476305994,303.87
tetramethylazanium;chloride,decanoic acid,C[N+](C)(C)C.[Cl-],CCCCCCCCCC(=O)O,0.198,303.83
tetraethylazanium;chloride,dodecanoic acid,CC[N+](CC)(CC)CC.[Cl-],CCCCCCCCCCCC(=O)O,0.298,303.82
"(1R,2S,5R)-5-methyl-2-propan-2-ylcyclohexan-1-ol",tetradecanoic acid,CC(C)[C@@H]1CC[C@@H](C)C[C@H]1O,CCCCCCCCCCCCCC(=O)O,0.7,303.76
tetramethylazanium;chloride,decanoic acid,C[N+](C)(C)C.[Cl-],CCCCCCCCCC(=O)O,0.206,303.75
tetrabutylazanium;chloride,(2S)-2-aminopentanedioic acid,CCCC[N+](CCCC)(CCCC)CCCC.[Cl-],N[C@@H](CCC(=O)O)C(=O)O,0.888889,303.7
Tetrabutylammonium chloride,Glutamic acid,CCCC[N+](CCCC)(CCCC)CCCC.[Cl-],C(CC(=O)O)[C@@H](C(=O)O)N,0.888888889,303.7
tetrabutylazanium;bromide,1H-imidazole,CCCC[N+](CCCC)(CCCC)CCCC.[Br-],c1c[nH]cn1,0.4,303.6994
Tetrabutylammonium chloride,Serine,CCCC[N+](CCCC)(CCCC)CCCC.[Cl-],C([C@@H](C(=O)O)N)O,0.909090909,303.56
tetrabutylazanium;chloride,(2S)-2-amino-3-hydroxypropanoic acid,CCCC[N+](CCCC)(CCCC)CCCC.[Cl-],N[C@@H](CO)C(=O)O,0.909091,303.56
1-dioctylphosphoryloctane,phenol,CCCCCCCCP(=O)(CCCCCCCC)CCCCCCCC,Oc1ccccc1,0.6,303.45
ChCl,tetradecanol,C[N+](C)(C)CCO.[Cl-],CCCCCCCCCCCCCCO,0.445746996,303.4
ChCl,[BzCh]Cl,C[N+](C)(C)CCO.[Cl-],C[N+](C)(CCO)CC1=CC=CC=C1.[Cl-],0.410526371,303.32
decanoic acid,dodecanoic acid,CCCCCCCCCC(=O)O,CCCCCCCCCCCC(=O)O,0.335,303.275
ethanamine;hydrochloride,urea,[Cl-].CC[NH3+],NC(N)=O,0.492,303.237
5-methyl-2-propan-2-ylphenol,dodecanoic acid,Cc1ccc(C(C)C)c(O)c1,CCCCCCCCCCCC(=O)O,0.6,303.22
2-hydroxyethyl(trimethyl)azanium;chloride,tetradecan-1-ol,C[N+](C)(C)CCO.[Cl-],CCCCCCCCCCCCCCO,0.419,303.15
tetrabutylazanium;chloride,"(2S,3R)-2-amino-3-hydroxybutanoic acid",CCCC[N+](CCCC)(CCCC)CCCC.[Cl-],C[C@@H](O)[C@H](N)C(=O)O,0.909091,303.11
Tetrabutylammonium chloride,Threonine,CCCC[N+](CCCC)(CCCC)CCCC.[Cl-],C[C@H]([C@@H](C(=O)O)N)O,0.909090909,303.11
hexadecanoic acid,decanoic acid,CCCCCCCCCCCCCCCC(=O)O,CCCCCCCCCC(=O)O,0.0498,303.08
2-hydroxyethyl(trimethyl)azanium;chloride,urea,C[N+](C)(C)CCO.[Cl-],NC(N)=O,0.404,303.039
"(1R,2S,5R)-5-methyl-2-propan-2-ylcyclohexan-1-ol",decanoic acid,CC(C)[C@@H]1CC[C@@H](C)C[C@H]1O,CCCCCCCCCC(=O)O,0.1,303
Choline chloride,Glutaric acid,C[N+](C)(C)CCO.[Cl-],C(CC(=O)O)CC(=O)O,0.5,302.85
2-hydroxyethyl(trimethyl)azanium;chloride,"benzene-1,3-diol",C[N+](C)(C)CCO.[Cl-],Oc1cccc(O)c1,0.258,302.845
dodecanoic acid,decanoic acid,CCCCCCCCCCCC(=O)O,CCCCCCCCCC(=O)O,0.5543,302.8
"(1R,2S,5R)-5-methyl-2-propan-2-ylcyclohexan-1-ol",tetradecan-1-ol,CC(C)[C@@H]1CC[C@@H](C)C[C@H]1O,CCCCCCCCCCCCCCO,0.399,302.6
[N3333]Cl,tetradecanoic acid,CCC[N+](CCC)(CCC)CCC.[Cl-],CCCCCCCCCCCCCC(=O)O,0.454090986,302.56
5-methyl-2-propan-2-ylphenol,octanoic acid,Cc1ccc(C(C)C)c(O)c1,CCCCCCCC(=O)O,0.7,302.51
ethanamine;hydrochloride,"2,2,2-trifluoroacetamide",[Cl-].CC[NH3+],NC(=O)C(F)(F)F,0.33,302.5
Tetrabutylammonium chloride,Glutamic acid,CCCC[N+](CCCC)(CCCC)CCCC.[Cl-],C(CC(=O)O)[C@@H](C(=O)O)N,0.9,302.41
tetrabutylazanium;chloride,(2S)-2-aminopentanedioic acid,CCCC[N+](CCCC)(CCCC)CCCC.[Cl-],N[C@@H](CCC(=O)O)C(=O)O,0.9,302.41
tetradecanoic acid,decanoic acid,CCCCCCCCCCCCCC(=O)O,CCCCCCCCCC(=O)O,0.0497,302.31
nonanoic acid,dodecanoic acid,CCCCCCCCC(=O)O,CCCCCCCCCCCC(=O)O,0.335,302.275
2-[4-(2-methylpropyl)phenyl]propanoic acid,5-methyl-2-propan-2-ylcyclohexan-1-ol,CC(C)Cc1ccc(C(C)C(=O)O)cc1,CC1CCC(C(C)C)C(O)C1,0.2,302.15
Choline chloride,1-Methyl urea,C[N+](C)(C)CCO.[Cl-],CNC(=O)N,0.333333333,302.15
2-hydroxyethyl(trimethyl)azanium;chloride,methylurea,C[N+](C)(C)CCO.[Cl-],CNC(N)=O,0.333333,302.15
2-hydroxyethyl(trimethyl)azanium;chloride,methylurea,C[N+](C)(C)CCO.[Cl-],CNC(N)=O,0.3333,302.15
ethanamine;hydrochloride,methylurea,[Cl-].CC[NH3+],CNC(N)=O,0.4,302.15
Tetrabutylammonium chloride,Glutamic acid,CCCC[N+](CCCC)(CCCC)CCCC.[Cl-],C(CC(=O)O)[C@@H](C(=O)O)N,0.909090909,302.01
tetrabutylazanium;chloride,(2S)-2-aminopentanedioic acid,CCCC[N+](CCCC)(CCCC)CCCC.[Cl-],N[C@@H](CCC(=O)O)C(=O)O,0.909091,302.01
"(1R,2S,5R)-5-methyl-2-propan-2-ylcyclohexan-1-ol",dodecanoic acid,CC(C)[C@@H]1CC[C@@H](C)C[C@H]1O,CCCCCCCCCCCC(=O)O,0.5,302
dodecanoic acid,nonanoic acid,CCCCCCCCCCCC(=O)O,CCCCCCCCC(=O)O,0.667,302
sodium;dodecanoate,decanoic acid,CCCCCCCCCCCC(=O)[O-].[Na+],CCCCCCCCCC(=O)O,0.119,301.979
2-hydroxyethyl(trimethyl)azanium;chloride,2-hydroxyacetic acid,C[N+](C)(C)CCO.[Cl-],O=C(O)CO,0.499,301.95
dodecanoic acid,decanoic acid,CCCCCCCCCCCC(=O)O,CCCCCCCCCC(=O)O,0.1,301.94
tetrabutylazanium;bromide,1H-imidazole,CCCC[N+](CCCC)(CCCC)CCCC.[Br-],c1c[nH]cn1,0.2,301.8287
hexadecan-1-ol,5-methyl-2-propan-2-ylphenol,CCCCCCCCCCCCCCCCO,Cc1ccc(C(C)C)c(O)c1,0.398,301.8
octadecanoic acid,decanoic acid,CCCCCCCCCCCCCCCCCC(=O)O,CCCCCCCCCC(=O)O,0.05,301.72
[N4444]Cl,hexadecanol,CCCC[N+](CCCC)(CCCC)CCCC.[Cl-],CCCCCCCCCCCCCCCCO,0.400125614,301.7
"1,10-phenanthroline",4-chloro-5-methyl-2-propan-2-ylphenol,c1cnc2c(c1)ccc1cccnc12,Cc1cc(O)c(C(C)C)cc1Cl,0.5981,301.6942
tetraethylazanium;chloride,decanoic acid,CC[N+](CC)(CC)CC.[Cl-],CCCCCCCCCC(=O)O,0.303,301.66
tetrabutylazanium;chloride,hexadecan-1-ol,CCCC[N+](CCCC)(CCCC)CCCC.[Cl-],CCCCCCCCCCCCCCCCO,0.403,301.6
tetraethylazanium;bromide,pentanedioic acid,CC[N+](CC)(CC)CC.[Br-],O=C(O)CCCC(=O)O,0.57,301.6
2-hydroxyethyl(trimethyl)azanium;chloride,"(2R,3R,4R,5S)-hexane-1,2,3,4,5,6-hexol",C[N+](C)(C)CCO.[Cl-],OC[C@@H](O)[C@@H](O)[C@H](O)[C@@H](O)CO,0.503,301.562
5-methyl-2-propan-2-ylphenol,dodecanoic acid,Cc1ccc(C(C)C)c(O)c1,CCCCCCCCCCCC(=O)O,0.55,301.54
5-methyl-2-propan-2-ylphenol,decanoic acid,Cc1ccc(C(C)C)c(O)c1,CCCCCCCCCC(=O)O,0.6,301.49
thymol,hexadecanol,CC1=CC(=C(C=C1)C(C)C)O,CCCCCCCCCCCCCCCCO,0.629269768,301.46
[N2222]Cl,decanoic acid,CC[N+](CC)(CC)CC.[Cl-],CCCCCCCCCC(=O)O,0.389660248,301.46
ChCl,[C2MIM]Cl,C[N+](C)(C)CCO.[Cl-],CCN1C=C[N+](=C1)C.[Cl-],0.43301196,301.45
5-methyl-2-propan-2-ylphenol,tetradecan-1-ol,Cc1ccc(C(C)C)c(O)c1,CCCCCCCCCCCCCCO,0.3,301.4
octanoic acid,dodecanoic acid,CCCCCCCC(=O)O,CCCCCCCCCCCC(=O)O,0.335,301.275
5-methyl-2-propan-2-ylphenol,decanoic acid,Cc1ccc(C(C)C)c(O)c1,CCCCCCCCCC(=O)O,0.1,301.25
hexadecan-1-ol,"(1R,2S,5R)-5-methyl-2-propan-2-ylcyclohexan-1-ol",CCCCCCCCCCCCCCCCO,CC(C)[C@@H]1CC[C@@H](C)C[C@H]1O,0.199,301.2
2-hydroxyethyl(trimethyl)azanium;chloride,"(2S,4R)-pentane-1,2,3,4,5-pentol",C[N+](C)(C)CCO.[Cl-],OC[C@@H](O)C(O)[C@@H](O)CO,0.462,301.167
methyl(trioctyl)azanium;chloride,4-phenylphenol,CCCCCCCC[N+](C)(CCCCCCCC)CCCCCCCC.[Cl-],Oc1ccc(-c2ccccc2)cc1,0.5,301.15
2-hydroxyethyl(trimethyl)azanium;chloride,"(3S,4R,5R)-2-(hydroxymethyl)oxane-2,3,4,5-tetrol",C[N+](C)(C)CCO.[Cl-],OCC1(O)OC[C@@H](O)[C@@H](O)[C@@H]1O,0.4,301.15
"1,10-phenanthroline",5-methyl-2-propan-2-ylphenol,c1cnc2c(c1)ccc1cccnc12,Cc1ccc(C(C)C)c(O)c1,0.1093,301.1157
tetradecanoic acid,decanoic acid,CCCCCCCCCCCCCC(=O)O,CCCCCCCCCC(=O)O,0.0987,301.1
2-hydroxyethyl(trimethyl)azanium;chloride,decanoic acid,C[N+](C)(C)CCO.[Cl-],CCCCCCCCCC(=O)O,0.212,300.98
2-hydroxyethyl(trimethyl)azanium;chloride,2-hydroxyacetic acid,C[N+](C)(C)CCO.[Cl-],O=C(O)CO,0.351,300.78
thymol,dodecanoic acid,CC1=CC(=C(C=C1)C(C)C)O,CCCCCCCCCCCC(=O)O,0.553382866,300.77
tetrapropylazanium;chloride,dodecanoic acid,CCC[N+](CCC)(CCC)CCC.[Cl-],CCCCCCCCCCCC(=O)O,0.299,300.72
ethanamine;hydrochloride,urea,[Cl-].CC[NH3+],NC(N)=O,0.396,300.454
Choline chloride,CrCl3?6H2O,C[N+](C)(C)CCO.[Cl-],O.O.O.O.O.O.[Cl-].[Cl-].[Cl-].[Cr+3] ,0.5,300.35
tetrapropylazanium;chloride,decanoic acid,CCC[N+](CCC)(CCC)CCC.[Cl-],CCCCCCCCCC(=O)O,0.296,300.3
Tetrabutylammonium chloride,Urea,CCCC[N+](CCCC)(CCCC)CCCC.[Cl-],C(=O)(N)N,0.8,300.29
tetrabutylazanium;chloride,urea,CCCC[N+](CCCC)(CCCC)CCCC.[Cl-],NC(N)=O,0.8,300.29
tetradecanoic acid,decanoic acid,CCCCCCCCCCCCCC(=O)O,CCCCCCCCCC(=O)O,0.3004,300.26
hexadecanoic acid,decanoic acid,CCCCCCCCCCCCCCCC(=O)O,CCCCCCCCCC(=O)O,0.0991,300.2
5-methyl-2-propan-2-ylphenol,tetradecan-1-ol,Cc1ccc(C(C)C)c(O)c1,CCCCCCCCCCCCCCO,0.7,300.2
chromium(3+);trichloride;hexahydrate,2-hydroxyethyl(trimethyl)azanium;chloride,O.O.O.O.O.O.[Cl-].[Cl-].[Cl-].[Cr+3],C[N+](C)(C)CCO.[Cl-],0.496,300.167
"(1R,2S,5R)-5-methyl-2-propan-2-ylcyclohexan-1-ol",decanoic acid,CC(C)[C@@H]1CC[C@@H](C)C[C@H]1O,CCCCCCCCCC(=O)O,0.1975,300.15
Betaine hydrochloride,Urea,C[N+](C)(C)CC(=O)O.[Cl-],C(=O)(N)N,0.15,300.15
"1H-Imidazolium, 3-[2-[(1R,5S)-6,6-dimethylbicyclo[3.1.1]hept-2-en-2-yl]ethyl]-1-methyl-, methanesulfonate (1:1) (ACI)",4-oxopentanoic acid,CS(=O)(=O)[O-].Cn1cc[n+](CCC2=CC[C@H]3C[C@@H]2C3(C)C)c1,CC(=O)CCC(=O)O,0.397,300
ethanamine;hydrochloride,"2,2,2-trifluoroacetamide",[Cl-].CC[NH3+],NC(=O)C(F)(F)F,0.67,300
2-hydroxyethyl(trimethyl)azanium;chloride,"(2S,4R)-pentane-1,2,3,4,5-pentol",C[N+](C)(C)CCO.[Cl-],OC[C@@H](O)C(O)[C@@H](O)CO,0.503,299.611
"(1R,2S,5R)-5-methyl-2-propan-2-ylcyclohexan-1-ol",3-phenylpropanoic acid,CC(C)[C@@H]1CC[C@@H](C)C[C@H]1O,O=C(O)CCc1ccccc1,0.8,299.56
Tetrabutylammonium chloride,Arginine,CCCC[N+](CCCC)(CCCC)CCCC.[Cl-],C(C[C@@H](C(=O)O)N)CN=C(N)N,0.875,299.55
tetrabutylazanium;chloride,(2S)-2-amino-5-(diaminomethylideneamino)pentanoic acid,CCCC[N+](CCCC)(CCCC)CCCC.[Cl-],NC(N)=NCCC[C@H](N)C(=O)O,0.875,299.55
tetrabutylazanium;chloride,(2S)-2-amino-3-hydroxypropanoic acid,CCCC[N+](CCCC)(CCCC)CCCC.[Cl-],N[C@@H](CO)C(=O)O,0.9,299.53
Tetrabutylammonium chloride,Serine,CCCC[N+](CCCC)(CCCC)CCCC.[Cl-],C([C@@H](C(=O)O)N)O,0.9,299.53
Tetrabutylammonium chloride,Arginine,CCCC[N+](CCCC)(CCCC)CCCC.[Cl-],C(C[C@@H](C(=O)O)N)CN=C(N)N,0.888888889,299.31
tetrabutylazanium;chloride,(2S)-2-amino-5-(diaminomethylideneamino)pentanoic acid,CCCC[N+](CCCC)(CCCC)CCCC.[Cl-],NC(N)=NCCC[C@H](N)C(=O)O,0.888889,299.31
hexadecanoic acid,decanoic acid,CCCCCCCCCCCCCCCC(=O)O,CCCCCCCCCC(=O)O,0.1516,299.28
sodium;dodecanoate,decanoic acid,CCCCCCCCCCCC(=O)[O-].[Na+],CCCCCCCCCC(=O)O,0.251,299.276
nonanoic acid,dodecanoic acid,CCCCCCCCC(=O)O,CCCCCCCCCCCC(=O)O,0.436,299.275
octanoic acid,dodecanoic acid,CCCCCCCC(=O)O,CCCCCCCCCCCC(=O)O,0.402,299.275
"N,N,N-trimethyl(phenyl)methanaminium chloride",Urea,C[N+](C)(C)CC1=CC=CC=C1.[Cl-],C(=O)(N)N,0.333333333,299.15
benzyl(trimethyl)azanium;chloride,urea,C[N+](C)(C)Cc1ccccc1.[Cl-],NC(N)=O,0.3333,299.15
tetrabutylazanium;chloride,(2S)-2-amino-4-methylsulfanylbutanoic acid,CCCC[N+](CCCC)(CCCC)CCCC.[Cl-],CSCC[C@H](N)C(=O)O,0.9,299.12
Tetrabutylammonium chloride,Methionine,CCCC[N+](CCCC)(CCCC)CCCC.[Cl-],CSCC[C@@H](C(=O)O)N,0.9,299.12
dodecanoic acid,decanoic acid,CCCCCCCCCCCC(=O)O,CCCCCCCCCC(=O)O,0.4998,299.06
1-dioctylphosphoryloctane,"(1R,2S,5R)-5-methyl-2-propan-2-ylcyclohexan-1-ol",CCCCCCCCP(=O)(CCCCCCCC)CCCCCCCC,CC(C)[C@@H]1CC[C@@H](C)C[C@H]1O,0.531,299.035
"(1R,2S,5R)-5-methyl-2-propan-2-ylcyclohexan-1-ol",dodecanoic acid,CC(C)[C@@H]1CC[C@@H](C)C[C@H]1O,CCCCCCCCCCCC(=O)O,0.8,299
"(1R,2S,5R)-5-methyl-2-propan-2-ylcyclohexan-1-ol",decanoic acid,CC(C)[C@@H]1CC[C@@H](C)C[C@H]1O,CCCCCCCCCC(=O)O,0.2,299
"(1R,2S,5R)-5-methyl-2-propan-2-ylcyclohexan-1-ol",octanoic acid,CC(C)[C@@H]1CC[C@@H](C)C[C@H]1O,CCCCCCCC(=O)O,0.8,299
dodecanoic acid,nonanoic acid,CCCCCCCCCCCC(=O)O,CCCCCCCCC(=O)O,0.565,299
"(1R,2S,5R)-5-methyl-2-propan-2-ylcyclohexan-1-ol",3-cyclohexylpropanoic acid,CC(C)[C@@H]1CC[C@@H](C)C[C@H]1O,O=C(O)CCC1CCCCC1,0.8,298.9
"(1R,2S,5R)-5-methyl-2-propan-2-ylcyclohexan-1-ol",decanoic acid,CC(C)[C@@H]1CC[C@@H](C)C[C@H]1O,CCCCCCCCCC(=O)O,0.7984,298.85
thymol,lidocaine,CC1=CC(=C(C=C1)C(C)C)O,CCN(CC)CC(=O)NC1=C(C=CC=C1C)C,0.623476298,298.84
ethanamine;hydrochloride,"2,2,2-trifluoroacetamide",[Cl-].CC[NH3+],NC(=O)C(F)(F)F,0.5,298.7
2-hydroxyethyl(trimethyl)azanium;chloride,propanedioic acid,C[N+](C)(C)CCO.[Cl-],O=C(O)CC(=O)O,0.55,298.653
tetrabutylazanium;chloride,tetradecanoic acid,CCCC[N+](CCCC)(CCCC)CCCC.[Cl-],CCCCCCCCCCCCCC(=O)O,0.587,298.5
sodium;dodecanoate,decanoic acid,CCCCCCCCCCCC(=O)[O-].[Na+],CCCCCCCCCC(=O)O,0.167,298.375
decanoic acid,dodecanoic acid,CCCCCCCCCC(=O)O,CCCCCCCCCCCC(=O)O,0.855,298.275
Tetrabutylammonium chloride,Aspartic acid,CCCC[N+](CCCC)(CCCC)CCCC.[Cl-],C([C@@H](C(=O)O)N)C(=O)O,0.9,298.23
tetrabutylazanium;chloride,(2S)-2-aminobutanedioic acid,CCCC[N+](CCCC)(CCCC)CCCC.[Cl-],N[C@@H](CC(=O)O)C(=O)O,0.9,298.23
tetrabutylazanium;chloride,(2S)-2-amino-5-(diaminomethylideneamino)pentanoic acid,CCCC[N+](CCCC)(CCCC)CCCC.[Cl-],NC(N)=NCCC[C@H](N)C(=O)O,0.857143,298.22
Tetrabutylammonium chloride,Arginine,CCCC[N+](CCCC)(CCCC)CCCC.[Cl-],C(C[C@@H](C(=O)O)N)CN=C(N)N,0.857142857,298.22
tetradecanoic acid,decanoic acid,CCCCCCCCCCCCCC(=O)O,CCCCCCCCCC(=O)O,0.1525,298.2
5-methyl-2-propan-2-ylphenol,tetradecan-1-ol,Cc1ccc(C(C)C)c(O)c1,CCCCCCCCCCCCCCO,0.399,298.2
2-(trimethylazaniumyl)acetate,2-hydroxypropanoic acid,C[N+](C)(C)CC(=O)[O-],CC(O)C(=O)O,0.5,298.15
2-hydroxyethyl(trimethyl)azanium;chloride,"(2R,3R,4R,5S)-hexane-1,2,3,4,5,6-hexol",C[N+](C)(C)CCO.[Cl-],OC[C@@H](O)[C@@H](O)[C@H](O)[C@@H](O)CO,0.5,298.15
(2S)-2-aminopropanoic acid,2-hydroxypropanoic acid,C[C@H](N)C(=O)O,CC(O)C(=O)O,0.5,298.15
dodecanoic acid,decanoic acid,CCCCCCCCCCCC(=O)O,CCCCCCCCCC(=O)O,0.2002,298.15
2-hydroxyethyl(trimethyl)azanium;chloride,2-phenylacetic acid,C[N+](C)(C)CCO.[Cl-],O=C(O)Cc1ccccc1,0.331,298.15
Choline chloride,Phenylacetic acid,C[N+](C)(C)CCO.[Cl-],C1=CC=C(C=C1)CC(=O)O ,0.333333333,298.15
2-hydroxyethyl(trimethyl)azanium;chloride,2-phenylacetic acid,C[N+](C)(C)CCO.[Cl-],O=C(O)Cc1ccccc1,0.5,298.15
tetrabutylazanium;chloride,(2S)-2-amino-3-hydroxypropanoic acid,CCCC[N+](CCCC)(CCCC)CCCC.[Cl-],N[C@@H](CO)C(=O)O,0.888889,298.06
Tetrabutylammonium chloride,Serine,CCCC[N+](CCCC)(CCCC)CCCC.[Cl-],C([C@@H](C(=O)O)N)O,0.888888889,298.06
decanoic acid,dodecanoic acid,CCCCCCCCCC(=O)O,CCCCCCCCCCCC(=O)O,0.436,298.025
zinc;dichloride,2-hydroxyethyl(trimethyl)azanium;chloride,[Cl-].[Cl-].[Zn+2],C[N+](C)(C)CCO.[Cl-],0.6716,298.0227
"(1R,2S,5R)-5-methyl-2-propan-2-ylcyclohexan-1-ol",decanoic acid,CC(C)[C@@H]1CC[C@@H](C)C[C@H]1O,CCCCCCCCCC(=O)O,0.8,298
"(1R,2S,5R)-5-methyl-2-propan-2-ylcyclohexan-1-ol",cyclohexanecarboxylic acid,CC(C)[C@@H]1CC[C@@H](C)C[C@H]1O,O=C(O)C1CCCCC1,0.8,298
2-hydroxyethyl(trimethyl)azanium;chloride,propanedioic acid,C[N+](C)(C)CCO.[Cl-],O=C(O)CC(=O)O,0.451,297.982
lithium;nitrate,N-methylacetamide,O=[N+]([O-])[O-].[Li+],CNC(C)=O,0.036,297.914
"(1R,2S,5R)-5-methyl-2-propan-2-ylcyclohexan-1-ol",2-hydroxybenzoic acid,CC(C)[C@@H]1CC[C@@H](C)C[C@H]1O,O=C(O)c1ccccc1O,0.85,297.9
decanoic acid,tetradecanoic acid,CCCCCCCCCC(=O)O,CCCCCCCCCCCCCC(=O)O,0.1667,297.9
chromium(3+);trichloride;hexahydrate,urea,O.O.O.O.O.O.[Cl-].[Cl-].[Cl-].[Cr+3],NC(N)=O,0.5,297.833
"1,10-phenanthroline",4-chloro-5-methyl-2-propan-2-ylphenol,c1cnc2c(c1)ccc1cccnc12,Cc1cc(O)c(C(C)C)cc1Cl,0.5016,297.6446
2-hydroxyethyl(trimethyl)azanium;chloride,phenol,C[N+](C)(C)CCO.[Cl-],Oc1ccccc1,0.1,297.5
5-methyl-2-propan-2-ylphenol,"(1R,2S,5R)-5-methyl-2-propan-2-ylcyclohexan-1-ol",Cc1ccc(C(C)C)c(O)c1,CC(C)[C@@H]1CC[C@@H](C)C[C@H]1O,0.724,297.411
Tetrabutylammonium chloride,Methionine,CCCC[N+](CCCC)(CCCC)CCCC.[Cl-],CSCC[C@@H](C(=O)O)N,0.909090909,297.41
tetrabutylazanium;chloride,(2S)-2-amino-4-methylsulfanylbutanoic acid,CCCC[N+](CCCC)(CCCC)CCCC.[Cl-],CSCC[C@H](N)C(=O)O,0.909091,297.41
2-hydroxyethyl(trimethyl)azanium;chloride,2-hydroxyacetic acid,C[N+](C)(C)CCO.[Cl-],O=C(O)CO,0.4,297.38
1-dioctylphosphoryloctane,phenol,CCCCCCCCP(=O)(CCCCCCCC)CCCCCCCC,Oc1ccccc1,0.1,297.35
calcium;dichloride;hexahydrate,2-hydroxyethyl(trimethyl)azanium;chloride,O.O.O.O.O.O.[Ca+2].[Cl-].[Cl-],C[N+](C)(C)CCO.[Cl-],0.91,297.25
1-dioctylphosphoryloctane,"(1R,2S,5R)-5-methyl-2-propan-2-ylcyclohexan-1-ol",CCCCCCCCP(=O)(CCCCCCCC)CCCCCCCC,CC(C)[C@@H]1CC[C@@H](C)C[C@H]1O,0.176,297.235
1-dioctylphosphoryloctane,"(1R,2S,5R)-5-methyl-2-propan-2-ylcyclohexan-1-ol",CCCCCCCCP(=O)(CCCCCCCC)CCCCCCCC,CC(C)[C@@H]1CC[C@@H](C)C[C@H]1O,0.423,297.235
"(1R,2S,5R)-5-methyl-2-propan-2-ylcyclohexan-1-ol",tetradecan-1-ol,CC(C)[C@@H]1CC[C@@H](C)C[C@H]1O,CCCCCCCCCCCCCCO,0.499,297.2
tetrabutylazanium;chloride,tetradecanoic acid,CCCC[N+](CCCC)(CCCC)CCCC.[Cl-],CCCCCCCCCCCCCC(=O)O,0.389,297.2
2-hydroxyethyl(trimethyl)azanium;chloride,"(3R,4S,5S,6R)-6-(hydroxymethyl)oxane-2,3,4,5-tetrol",C[N+](C)(C)CCO.[Cl-],OC[C@H]1OC(O)[C@H](O)[C@@H](O)[C@@H]1O,0.6,297.15
zinc;dichloride,2-chloroethyl(trimethyl)azanium;chloride,[Cl-].[Cl-].[Zn+2],C[N+](C)(C)CCCl.[Cl-],0.666667,297.15
zinc;dichloride,2-hydroxyethyl(trimethyl)azanium;chloride,[Cl-].[Cl-].[Zn+2],C[N+](C)(C)CCO.[Cl-],0.6667,297.15
azanium;thiocyanate,urea,N#C[S-].[NH4+],NC(N)=O,0.4,297.15
Ammonium thiocynate,Urea,C(#N)S.N,C(=O)(N)N,0.4,297.15
2-hydroxyethyl(trimethyl)azanium;chloride,"ethane-1,2-diol",C[N+](C)(C)CCO.[Cl-],OCCO,0.48,297.137
"(1R,2S,5R)-5-methyl-2-propan-2-ylcyclohexan-1-ol",dodecanoic acid,CC(C)[C@@H]1CC[C@@H](C)C[C@H]1O,CCCCCCCCCCCC(=O)O,0.6,297
azanium;thiocyanate,acetamide,N#C[S-].[NH4+],CC(N)=O,0.4,297
5-methyl-2-propan-2-ylphenol,octanoic acid,Cc1ccc(C(C)C)c(O)c1,CCCCCCCC(=O)O,0.6,296.95
2-hydroxyethyl(trimethyl)azanium;chloride,2-hydroxypropanoic acid,C[N+](C)(C)CCO.[Cl-],CC(O)C(=O)O,0.502,296.95
"(1R,2S,5R)-5-methyl-2-propan-2-ylcyclohexan-1-ol",3-phenylpropanoic acid,CC(C)[C@@H]1CC[C@@H](C)C[C@H]1O,O=C(O)CCc1ccccc1,0.4,296.93
2-hydroxyethyl(trimethyl)azanium;chloride,3-phenylpropanoic acid,C[N+](C)(C)CCO.[Cl-],O=C(O)CCc1ccccc1,0.302,296.817
tetradecanoic acid,decanoic acid,CCCCCCCCCCCCCC(=O)O,CCCCCCCCCC(=O)O,0.2008,296.78
dodecanoic acid,decanoic acid,CCCCCCCCCCCC(=O)O,CCCCCCCCCC(=O)O,0.447,296.77
tetrabutylazanium;chloride,tetradecan-1-ol,CCCC[N+](CCCC)(CCCC)CCCC.[Cl-],CCCCCCCCCCCCCCO,0.208,296.7
"(1R,2S,5R)-5-methyl-2-propan-2-ylcyclohexan-1-ol",decanoic acid,CC(C)[C@@H]1CC[C@@H](C)C[C@H]1O,CCCCCCCCCC(=O)O,0.2986,296.6
lithium;hexafluorophosphate,N-methylacetamide,F[P-](F)(F)(F)(F)F.[Li+],CNC(C)=O,0.221,296.403
2-methyl-5-propan-2-ylphenol,"(1R,2S,5R)-5-methyl-2-propan-2-ylcyclohexan-1-ol",Cc1ccc(C(C)C)cc1O,CC(C)[C@@H]1CC[C@@H](C)C[C@H]1O,0.203,296.35
dodecanoic acid,decanoic acid,CCCCCCCCCCCC(=O)O,CCCCCCCCCC(=O)O,0.4011,296.31
tetrapropylazanium;chloride,dodecanoic acid,CCC[N+](CCC)(CCC)CCC.[Cl-],CCCCCCCCCCCC(=O)O,0.3663,296.2715
menthol,tetradecanoic acid,CC1CCC(C(C1)O)C(C)C,CCCCCCCCCCCCCC(=O)O,0.79958604,296.27
tetrapropylazanium;chloride,dodecanoic acid,CCC[N+](CCC)(CCC)CCC.[Cl-],CCCCCCCCCCCC(=O)O,0.364,296.26
tetrabutylazanium;chloride,tetradecan-1-ol,CCCC[N+](CCCC)(CCCC)CCCC.[Cl-],CCCCCCCCCCCCCCO,0.296,296.2
calcium;dichloride;hexahydrate,2-hydroxyethyl(trimethyl)azanium;chloride,O.O.O.O.O.O.[Ca+2].[Cl-].[Cl-],C[N+](C)(C)CCO.[Cl-],0.89,296.2
"(1R,2S,5R)-5-methyl-2-propan-2-ylcyclohexan-1-ol",decanoic acid,CC(C)[C@@H]1CC[C@@H](C)C[C@H]1O,CCCCCCCCCC(=O)O,0.2961,296.19
"(1R,2S,5R)-5-methyl-2-propan-2-ylcyclohexan-1-ol",tetradecanoic acid,CC(C)[C@@H]1CC[C@@H](C)C[C@H]1O,CCCCCCCCCCCCCC(=O)O,0.8,296.17
decanoic acid,dodecanoic acid,CCCCCCCCCC(=O)O,CCCCCCCCCCCC(=O)O,0.503,296.15
tetraethylazanium;bromide,"1,3-dimethylurea",CC[N+](CC)(CC)CC.[Br-],CNC(=O)NC,0.333333,296.15
2-hydroxyethyl(trimethyl)azanium;acetate,"propane-1,2,3-triol",CC(=O)[O-].C[N+](C)(C)CCO,OCC(O)CO,0.333333,296.15
2-hydroxyethyl(trimethyl)azanium;acetate,"ethane-1,2-diol",CC(=O)[O-].C[N+](C)(C)CCO,OCCO,0.33,296.15
Choline acetate,Ethylene glycol,CC(=O)OCC[N+](C)(C)C,C(CO)O,0.333333333,296.15
Menthol,Salicylic acid,CC1CCC(C(C1)O)C(C)C,C1=CC=C(C(=C1)C(=O)O)O,0.8,296.13
[N4444]Cl,hexadecanoic acid,CCCC[N+](CCCC)(CCCC)CCCC.[Cl-],CCCCCCCCCCCCCCCC(=O)O,0.52275596,296.04
"(1R,2S,5R)-5-methyl-2-propan-2-ylcyclohexan-1-ol",decanoic acid,CC(C)[C@@H]1CC[C@@H](C)C[C@H]1O,CCCCCCCCCC(=O)O,0.3,296
tetrapropylazanium;chloride,dodecanoic acid,CCC[N+](CCC)(CCC)CCC.[Cl-],CCCCCCCCCCCC(=O)O,0.2988,295.9204
tetrapropylazanium;chloride,dodecanoic acid,CCC[N+](CCC)(CCC)CCC.[Cl-],CCCCCCCCCCCC(=O)O,0.298,295.7
sodium;dodecanoate,decanoic acid,CCCCCCCCCCCC(=O)[O-].[Na+],CCCCCCCCCC(=O)O,0.201,295.673
5-methyl-2-propan-2-ylphenol,decanoic acid,Cc1ccc(C(C)C)c(O)c1,CCCCCCCCCC(=O)O,0.19,295.671
tetrapropylazanium;chloride,decanoic acid,CCC[N+](CCC)(CCC)CCC.[Cl-],CCCCCCCCCC(=O)O,0.202,295.57
5-methyl-2-propan-2-ylphenol,"(1R,2S,5R)-5-methyl-2-propan-2-ylcyclohexan-1-ol",Cc1ccc(C(C)C)c(O)c1,CC(C)[C@@H]1CC[C@@H](C)C[C@H]1O,0.2,295.5
5-methyl-2-propan-2-ylcyclohexan-1-ol,phenyl 2-hydroxybenzoate,CC1CCC(C(C)C)C(O)C1,O=C(Oc1ccccc1)c1ccccc1O,0.5,295.43
dodecanoic acid,decanoic acid,CCCCCCCCCCCC(=O)O,CCCCCCCCCC(=O)O,0.3471,295.33
tetrabutylazanium;chloride,"(2S,3R)-2-amino-3-hydroxybutanoic acid",CCCC[N+](CCCC)(CCCC)CCCC.[Cl-],C[C@@H](O)[C@H](N)C(=O)O,0.888889,295.3
Tetrabutylammonium chloride,Threonine,CCCC[N+](CCCC)(CCCC)CCCC.[Cl-],C[C@H]([C@@H](C(=O)O)N)O,0.888888889,295.3
2-hydroxyethyl(trimethyl)azanium;chloride,2-methylphenol,C[N+](C)(C)CCO.[Cl-],Cc1ccccc1O,0.357,295.3
decanoic acid,dodecanoic acid,CCCCCCCCCC(=O)O,CCCCCCCCCCCC(=O)O,0.802,295.275
[N3333]Cl,dodecanoic acid,CCC[N+](CCC)(CCC)CCC.[Cl-],CCCCCCCCCCCC(=O)O,0.393525304,295.27
2-hydroxyethyl(trimethyl)azanium;chloride,3-phenylpropanoic acid,C[N+](C)(C)CCO.[Cl-],O=C(O)CCc1ccccc1,0.331,295.15
Choline chloride,Valeric acid,C[N+](C)(C)CCO.[Cl-],CCCCC(=O)O,0.333333333,295.15
dodecanoic acid,dodecanoic acid,CCCCCCCCCCCC(=O)O,CCCCCCCCCCCC(=O)O,0.333333,295.05
"(1R,2S,5R)-5-methyl-2-propan-2-ylcyclohexan-1-ol",cyclohexanecarboxylic acid,CC(C)[C@@H]1CC[C@@H](C)C[C@H]1O,O=C(O)C1CCCCC1,0.1,295.03
5-methyl-2-propan-2-ylphenol,decanoic acid,Cc1ccc(C(C)C)c(O)c1,CCCCCCCCCC(=O)O,0.55,294.95
lithium;nitrate,N-methylacetamide,O=[N+]([O-])[O-].[Li+],CNC(C)=O,0.612,294.892
lithium;nitrate,N-methylacetamide,O=[N+]([O-])[O-].[Li+],CNC(C)=O,0.072,294.892
dodecanoic acid,decanoic acid,CCCCCCCCCCCC(=O)O,CCCCCCCCCC(=O)O,0.2999,294.75
tetrabutylazanium;chloride,tetradecan-1-ol,CCCC[N+](CCCC)(CCCC)CCCC.[Cl-],CCCCCCCCCCCCCCO,0.494,294.7
"(1R,2S,5R)-5-methyl-2-propan-2-ylcyclohexan-1-ol",dodecanoic acid,CC(C)[C@@H]1CC[C@@H](C)C[C@H]1O,CCCCCCCCCCCC(=O)O,0.667,294.64
"(1R,2S,5R)-5-methyl-2-propan-2-ylcyclohexan-1-ol",tetradecan-1-ol,CC(C)[C@@H]1CC[C@@H](C)C[C@H]1O,CCCCCCCCCCCCCCO,0.798,294.6
tetrabutylazanium;bromide,1H-imidazole,CCCC[N+](CCCC)(CCCC)CCCC.[Br-],c1c[nH]cn1,0.3,294.4966
dodecanoic acid,decanoic acid,CCCCCCCCCCCC(=O)O,CCCCCCCCCC(=O)O,0.2484,294.35
chromium(3+);trichloride;hexahydrate,2-hydroxyethyl(trimethyl)azanium;chloride,O.O.O.O.O.O.[Cl-].[Cl-].[Cl-].[Cr+3],C[N+](C)(C)CCO.[Cl-],0.714,294.333
Tetrabutylammonium bromide,Imidazole,CCCC[N+](CCCC)(CCCC)CCCC.[Br-],C1=CN=CN1,0.3,294.3
nonanoic acid,dodecanoic acid,CCCCCCCCC(=O)O,CCCCCCCCCCCC(=O)O,0.501,294.275
octanoic acid,dodecanoic acid,CCCCCCCC(=O)O,CCCCCCCCCCCC(=O)O,0.503,294.275
2-hydroxyethyl(trimethyl)azanium;chloride,phenol,C[N+](C)(C)CCO.[Cl-],Oc1ccccc1,0.4,294.2
2-hydroxyethyl(trimethyl)azanium;chloride,urea,C[N+](C)(C)CCO.[Cl-],NC(N)=O,0.294,294.183
ChCl,urea,C[N+](C)(C)CCO.[Cl-],C(=O)(N)N,0.374499392,294.16
tetrabutylazanium;chloride,1H-imidazole,CCCC[N+](CCCC)(CCCC)CCCC.[Cl-],c1c[nH]cn1,0.3,294.15
trichloroiron,2-hydroxyethyl-dimethyl-phenylazanium;chloride,[Cl-].[Fe+3].[Cl-].[Cl-],C[N+](C)(CCO)c1ccccc1.[Cl-],0.6667,294.15
1-methyl-4-prop-1-en-2-ylcyclohexene,decanoic acid,C=C(C)C1CC=C(C)CC1,CCCCCCCCCC(=O)O,0.333333,294.05
"(1R,2S,5R)-5-methyl-2-propan-2-ylcyclohexan-1-ol",tetradecan-1-ol,CC(C)[C@@H]1CC[C@@H](C)C[C@H]1O,CCCCCCCCCCCCCCO,0.598,294
dodecanoic acid,nonanoic acid,CCCCCCCCCCCC(=O)O,CCCCCCCCC(=O)O,0.5,294
2-hydroxyethyl(trimethyl)azanium;chloride,"2,2,2-trifluoroacetamide",C[N+](C)(C)CCO.[Cl-],NC(=O)C(F)(F)F,0.4,294
ethanamine;hydrochloride,"2,2,2-trifluoroacetamide",[Cl-].CC[NH3+],NC(=O)C(F)(F)F,0.4,294
2-hydroxyethyl(trimethyl)azanium;chloride,3-phenylpropanoic acid,C[N+](C)(C)CCO.[Cl-],O=C(O)CCc1ccccc1,0.33,293.9791
5-methyl-2-propan-2-ylphenol,"(1R,2S,5R)-5-methyl-2-propan-2-ylcyclohexan-1-ol",Cc1ccc(C(C)C)c(O)c1,CC(C)[C@@H]1CC[C@@H](C)C[C@H]1O,0.211,293.94
calcium;dichloride;hexahydrate,2-hydroxyethyl(trimethyl)azanium;chloride,O.O.O.O.O.O.[Ca+2].[Cl-].[Cl-],C[N+](C)(C)CCO.[Cl-],0.86,293.8
trioctylphosphine oxide,thenoyltrifluoroacetone,CCCCCCCCP(=O)(CCCCCCCC)CCCCCCCC,C1=CSC(=C1)C(=O)CC(=O)C(F)(F)F,0.332798483,293.76
chromium(3+);trichloride;hexahydrate,urea,O.O.O.O.O.O.[Cl-].[Cl-].[Cl-].[Cr+3],NC(N)=O,0.5003,293.6323
[N3333]Cl,decanoic acid,CCC[N+](CCC)(CCC)CCC.[Cl-],CCCCCCCCCC(=O)O,0.29482007,293.56
lithium;hexafluorophosphate,N-methylacetamide,F[P-](F)(F)(F)(F)F.[Li+],CNC(C)=O,0.043,293.381
5-methyl-2-propan-2-ylphenol,decanoic acid,Cc1ccc(C(C)C)c(O)c1,CCCCCCCCCC(=O)O,0.3,293.36
ChCl,"2,3-xylenol",C[N+](C)(C)CCO.[Cl-],CC1=C(C(=CC=C1)O)C,0.247384416,293.36
Tetrabutylammonium chloride,Threonine,CCCC[N+](CCCC)(CCCC)CCCC.[Cl-],C[C@H]([C@@H](C(=O)O)N)O,0.9,293.36
tetrabutylazanium;chloride,"(2S,3R)-2-amino-3-hydroxybutanoic acid",CCCC[N+](CCCC)(CCCC)CCCC.[Cl-],C[C@@H](O)[C@H](N)C(=O)O,0.9,293.36
5-methyl-2-propan-2-ylphenol,"(1R,2S,5R)-5-methyl-2-propan-2-ylcyclohexan-1-ol",Cc1ccc(C(C)C)c(O)c1,CC(C)[C@@H]1CC[C@@H](C)C[C@H]1O,0.2019,293.3
"2-Acetyloxy-N,N,N-trimethylethanaminium chloride",SnCl2,CC(=O)OCC[N+](C)(C)C.[Cl-],[Cl-].[Cl-].[Sn+2],0.333333333,293.3
decanoic acid,dodecanoic acid,CCCCCCCCCC(=O)O,CCCCCCCCCCCC(=O)O,0.732,293.275
2-hydroxyethyl(trimethyl)azanium;acetate,"propane-1,2,3-triol",CC(=O)[O-].C[N+](C)(C)CCO,OCC(O)CO,0.25,293.15
2-hydroxyethyl(trimethyl)azanium;acetate,"propane-1,2,3-triol",CC(=O)[O-].C[N+](C)(C)CCO,OCC(O)CO,0.5,293.15
2-hydroxyethyl(trimethyl)azanium;chloride,5-phenylpentanoic acid,C[N+](C)(C)CCO.[Cl-],O=C(O)CCCCc1ccccc1,0.4,293.15
Choline chloride,d-fructose,C[N+](C)(C)CCO.[Cl-],C1[C@H]([C@H]([C@@H](C(O1)(CO)O)O)O)O,0.5,293.15
2-hydroxyethyl(trimethyl)azanium;chloride,"(3S,4R,5R)-2-(hydroxymethyl)oxane-2,3,4,5-tetrol",C[N+](C)(C)CCO.[Cl-],OCC1(O)OC[C@@H](O)[C@@H](O)[C@@H]1O,0.5,293.15
dichlorotin,2-acetyloxyethyl(trimethyl)azanium;chloride,[Cl-].[Sn+2].[Cl-],CC(=O)OCC[N+](C)(C)C.[Cl-],0.6667,293.15
Choline chloride,Phenylpropionic acid,C[N+](C)(C)CCO.[Cl-],C1=CC=C(C=C1)CCC(=O)O  ,0.5,293.15
ethanamine;hydrochloride,acetamide,[Cl-].CC[NH3+],CC(N)=O,0.4,293.15
ethanamine;hydrochloride,trifluoromethylurea,[Cl-].CC[NH3+],NC(=O)NC(F)(F)F,0.4,293.15
decanoic acid,dodecanoic acid,CCCCCCCCCC(=O)O,CCCCCCCCCCCC(=O)O,0.568,293.025
Choline chloride,CrCl3?6H2O,C[N+](C)(C)CCO.[Cl-],O.O.O.O.O.O.[Cl-].[Cl-].[Cl-].[Cr+3],0.285714286,292.75
"(1R,2S,5R)-5-methyl-2-propan-2-ylcyclohexan-1-ol",decanoic acid,CC(C)[C@@H]1CC[C@@H](C)C[C@H]1O,CCCCCCCCCC(=O)O,0.3934,292.65
bis(trifluoromethylsulfonyl)azanide;trimethylsulfanium,formamide,C[S+](C)C.O=S(=O)([N-]S(=O)(=O)C(F)(F)F)C(F)(F)F,NC=O,0.7968,292.4258
tetrapropylazanium;chloride,dodecanoic acid,CCC[N+](CCC)(CCC)CCC.[Cl-],CCCCCCCCCCCC(=O)O,0.4023,292.4103
5-methyl-2-propan-2-ylphenol,decanoic acid,Cc1ccc(C(C)C)c(O)c1,CCCCCCCCCC(=O)O,0.36,292.35
Tetrabutylammonium chloride,Methionine,CCCC[N+](CCCC)(CCCC)CCCC.[Cl-],CSCC[C@@H](C(=O)O)N,0.916666667,292.26
tetrabutylazanium;chloride,(2S)-2-amino-4-methylsulfanylbutanoic acid,CCCC[N+](CCCC)(CCCC)CCCC.[Cl-],CSCC[C@H](N)C(=O)O,0.916667,292.26
Thymol,10-undecylenic,CC1=CC(=C(C=C1)C(C)C)O,C=CCCCCCCCCC(=O)O,0.7,292.15
Thymol,Decanoic acid,CC1=CC(=C(C=C1)C(C)C)O,CCCCCCCCCC(=O)O,0.25,292.15
2-[4-(2-methylpropyl)phenyl]propanoic acid,5-methyl-2-propan-2-ylcyclohexan-1-ol,CC(C)Cc1ccc(C(C)C(=O)O)cc1,CC1CCC(C(C)C)C(O)C1,0.3,292.15
5-methyl-2-propan-2-ylphenol,undec-10-enoic acid,Cc1ccc(C(C)C)c(O)c1,C=CCCCCCCCCC(=O)O,0.7,292.15
"(1R,2S,5R)-5-methyl-2-propan-2-ylcyclohexan-1-ol",decanoic acid,CC(C)[C@@H]1CC[C@@H](C)C[C@H]1O,CCCCCCCCCC(=O)O,0.4,292
5-methyl-2-propan-2-ylphenol,"(1R,2S,5R)-5-methyl-2-propan-2-ylcyclohexan-1-ol",Cc1ccc(C(C)C)c(O)c1,CC(C)[C@@H]1CC[C@@H](C)C[C@H]1O,0.732,291.974
"(1R,2S,5R)-5-methyl-2-propan-2-ylcyclohexan-1-ol",3-phenylpropanoic acid,CC(C)[C@@H]1CC[C@@H](C)C[C@H]1O,O=C(O)CCc1ccccc1,0.7,291.67
2-hydroxyethyl(trimethyl)azanium;chloride,2-phenylacetic acid,C[N+](C)(C)CCO.[Cl-],O=C(O)Cc1ccccc1,0.37,291.6589
tetrabutylazanium;chloride,tetradecan-1-ol,CCCC[N+](CCCC)(CCCC)CCCC.[Cl-],CCCCCCCCCCCCCCO,0.399,291.6
5-methyl-2-propan-2-ylphenol,3-phenylpropanoic acid,Cc1ccc(C(C)C)c(O)c1,O=C(O)CCc1ccccc1,0.44,291.6
lithium;bis(trifluoromethylsulfonyl)azanide,N-methylacetamide,O=S(=O)([N-]S(=O)(=O)C(F)(F)F)C(F)(F)F.[Li+],CNC(C)=O,0.049,291.37
2-hydroxyethyl(trimethyl)azanium;chloride,"benzene-1,3-diol",C[N+](C)(C)CCO.[Cl-],Oc1cccc(O)c1,0.338,291.238
ChCl,phenylacetic acid,C[N+](C)(C)CCO.[Cl-],C1=CC=C(C=C1)CC(=O)O,0.359408338,291.2
ChCl,phenylpropionic acid,C[N+](C)(C)CCO.[Cl-],C1=CC=C(C=C1)CCC(=O)O,0.329019692,291.19
"2-(diethylamino)-N-(2,6-dimethylphenyl)acetamide",N-(2-methylphenyl)-2-(propylamino)propanamide,CCN(CC)CC(=O)Nc1c(C)cccc1C,CCCNC(C)C(=O)Nc1ccccc1C,0.5,291.15
decanoic acid,dodecanoic acid,CCCCCCCCCC(=O)O,CCCCCCCCCCCC(=O)O,0.6667,291.15
2-hydroxyethyl(trimethyl)azanium;acetate,urea,CC(=O)[O-].C[N+](C)(C)CCO,NC(N)=O,0.333333,291.15
Thymol,Decanoic acid,CC1=CC(=C(C=C1)C(C)C)O,CCCCCCCCCC(=O)O,0.333333333,291.15
Choline acetate,Urea,CC(=O)OCC[N+](C)(C)C,C(=O)(N)N,0.333333333,291.15
Dodecanoic acid,Decanoic acid,CCCCCCCCCCCC(=O)O,CCCCCCCCCC(=O)O,0.333333333,291.15
lithium;bis(trifluoromethylsulfonyl)azanide,N-methylacetamide,O=S(=O)([N-]S(=O)(=O)C(F)(F)F)C(F)(F)F.[Li+],CNC(C)=O,0.044,291.071
butyl(trimethyl)azanium;chloride,octanoic acid,CCCC[N+](C)(C)C.[Cl-],CCCCCCCC(=O)O,0.2,291.06
Menthol,Ethylene glycol,CC1CCC(C(C1)O)C(C)C,C(CO)O,0.5,291.03
Choline chloride,Xylenol,C[N+](C)(C)CCO.[Cl-],CC1=C(C(=CC=C1)O)C,0.25,290.95
chromium(3+);trichloride;hexahydrate,2-hydroxyethyl(trimethyl)azanium;chloride,O.O.O.O.O.O.[Cl-].[Cl-].[Cl-].[Cr+3],C[N+](C)(C)CCO.[Cl-],0.602,290.833
2-hydroxyethyl(trimethyl)azanium;chloride,"2,3-dimethylphenol",C[N+](C)(C)CCO.[Cl-],Cc1cccc(O)c1C,0.25,290.8
"(1R,2S,5R)-5-methyl-2-propan-2-ylcyclohexan-1-ol",2-phenylacetic acid,CC(C)[C@@H]1CC[C@@H](C)C[C@H]1O,O=C(O)Cc1ccccc1,0.65,290.8
"(1R,2S,5R)-5-methyl-2-propan-2-ylcyclohexan-1-ol",tetradecan-1-ol,CC(C)[C@@H]1CC[C@@H](C)C[C@H]1O,CCCCCCCCCCCCCCO,0.7,290.6
Choline chloride,CrCl3?6H2O,C[N+](C)(C)CCO.[Cl-],O.O.O.O.O.O.[Cl-].[Cl-].[Cl-].[Cr+3],0.4,290.45
"(1R,2S,5R)-5-methyl-2-propan-2-ylcyclohexan-1-ol",3-phenylpropanoic acid,CC(C)[C@@H]1CC[C@@H](C)C[C@H]1O,O=C(O)CCc1ccccc1,0.5,290.35
Tetrabutylammonium chloride,Triethylene glycol,CCCC[N+](CCCC)(CCCC)CCCC.[Cl-],C(COCCOCCO)O,0.5,290.28
tetrabutylazanium;chloride,2-[2-(2-hydroxyethoxy)ethoxy]ethanol,CCCC[N+](CCCC)(CCCC)CCCC.[Cl-],OCCOCCOCCO,0.5,290.28
octanoic acid,dodecanoic acid,CCCCCCCC(=O)O,CCCCCCCCCCCC(=O)O,0.568,290.275
5-methyl-2-propan-2-ylphenol,decanoic acid,Cc1ccc(C(C)C)c(O)c1,CCCCCCCCCC(=O)O,0.495,290.175
5-methyl-2-propan-2-ylphenol,decanoic acid,Cc1ccc(C(C)C)c(O)c1,CCCCCCCCCC(=O)O,0.5,290.15
dichlorotin,2-hydroxyethyl-dimethyl-phenylazanium;chloride,[Cl-].[Sn+2].[Cl-],C[N+](C)(CCO)c1ccccc1.[Cl-],0.6667,290.15
Choline chloride,Vaniline,C[N+](C)(C)CCO.[Cl-],COC1=C(C=CC(=C1)C=O)O,0.333333333,290.15
Thymol,Decanoic acid,CC1=CC(=C(C=C1)C(C)C)O,CCCCCCCCCC(=O)O,0.5,290.15
butyl(trimethyl)azanium;chloride,octanoic acid,CCCC[N+](C)(C)C.[Cl-],CCCCCCCC(=O)O,0.25,290.11
dodecanoic acid,decanoic acid,CCCCCCCCCCCC(=O)O,CCCCCCCCCC(=O)O,0.352775458,290.09
5-methyl-2-propan-2-ylphenol,tetradecan-1-ol,Cc1ccc(C(C)C)c(O)c1,CCCCCCCCCCCCCCO,0.599,290
calcium;dichloride;hexahydrate,2-hydroxyethyl(trimethyl)azanium;chloride,O.O.O.O.O.O.[Ca+2].[Cl-].[Cl-],C[N+](C)(C)CCO.[Cl-],0.8,289.95
5-methyl-2-propan-2-ylphenol,tetradecan-1-ol,Cc1ccc(C(C)C)c(O)c1,CCCCCCCCCCCCCCO,0.499,289.9
5-methyl-2-propan-2-ylphenol,decanoic acid,Cc1ccc(C(C)C)c(O)c1,CCCCCCCCCC(=O)O,0.45,289.87
menthol,dodecanoic acid,CC1CCC(C(C1)O)C(C)C,CCCCCCCCCCCC(=O)O,0.722623469,289.8
[N4444]Cl,tetradecanol,CCCC[N+](CCCC)(CCCC)CCCC.[Cl-],CCCCCCCCCCCCCCO,0.429157799,289.78
"1H-Imidazolium, 3-[2-[(1R,5S)-6,6-dimethylbicyclo[3.1.1]hept-2-en-2-yl]ethyl]-1-methyl-, methanesulfonate (1:1) (ACI)",urea,CS(=O)(=O)[O-].Cn1cc[n+](CCC2=CC[C@H]3C[C@@H]2C3(C)C)c1,NC(N)=O,0.355,289.706
5-methyl-2-propan-2-ylphenol,undec-10-enoic acid,Cc1ccc(C(C)C)c(O)c1,C=CCCCCCCCCC(=O)O,0.6,289.65
Thymol,10-undecylenic,CC1=CC(=C(C=C1)C(C)C)O,C=CCCCCCCCCC(=O)O,0.6,289.65
tetrabutylazanium;bromide,decanoic acid,CCCC[N+](CCCC)(CCCC)CCCC.[Br-],CCCCCCCCCC(=O)O,0.3333,289.65
"(1R,2S,5R)-5-methyl-2-propan-2-ylcyclohexan-1-ol",3-cyclohexylpropanoic acid,CC(C)[C@@H]1CC[C@@H](C)C[C@H]1O,O=C(O)CCC1CCCCC1,0.7,289.19
magnesium;dichloride;hexahydrate,2-hydroxyethyl(trimethyl)azanium;chloride,O.O.O.O.O.O.[Cl-].[Cl-].[Mg+2],C[N+](C)(C)CCO.[Cl-],0.5,289.15
Choline chloride,MgCl2?6H2O,C[N+](C)(C)CCO.[Cl-],O.O.O.O.O.O.[Cl-].[Cl-].[Mg+2],0.5,289.15
1-naphthalen-1-yloxy-3-(propan-2-ylamino)propan-2-ol,dodecanoic acid,CC(C)NCC(O)COc1cccc2ccccc12,CCCCCCCCCCCC(=O)O,0.3,289.15
nonanoic acid,dodecanoic acid,CCCCCCCCC(=O)O,CCCCCCCCCCCC(=O)O,0.566,289.15
Methyltriphenylphosphonium bromide,Glycerol,C[P+](C1=CC=CC=C1)(C2=CC=CC=C2)C3=CC=CC=C3.[Br-],C(C(CO)O)O,0.2,289.05
thymol,decanoic acid,CC1=CC(=C(C=C1)C(C)C)O,CCCCCCCCCC(=O)O,0.456731797,289.04
"(1R,2S,5R)-5-methyl-2-propan-2-ylcyclohexan-1-ol",dodecanoic acid,CC(C)[C@@H]1CC[C@@H](C)C[C@H]1O,CCCCCCCCCCCC(=O)O,0.7,289
menthol,tetradecanol,CC1CCC(C(C1)O)C(C)C,CCCCCCCCCCCCCCO,0.755083876,288.96
methyl(triphenyl)phosphanium;bromide,"propane-1,2,3-triol",C[P+](c1ccccc1)(c1ccccc1)c1ccccc1.[Br-],OCC(O)CO,0.2,288.9
Tetra-n-butylphosphonium bromide,FeCl3,CCCC[P+](CCCC)(CCCC)CCCC.[Br-],[Cl-].[Cl-].[Cl-].[Fe+3],0.333333333,288.85
methyl(triphenyl)phosphanium;bromide,"ethane-1,2-diol",C[P+](c1ccccc1)(c1ccccc1)c1ccccc1.[Br-],OCCO,0.363636,288.8
"(1R,2S,5R)-5-methyl-2-propan-2-ylcyclohexan-1-ol",decanoic acid,CC(C)[C@@H]1CC[C@@H](C)C[C@H]1O,CCCCCCCCCC(=O)O,0.6977,288.4
2-hydroxyethyl(trimethyl)azanium;chloride,2-hydroxypropanoic acid,C[N+](C)(C)CCO.[Cl-],CC(O)C(=O)O,0.05,288.35
1-dioctylphosphoryloctane,"(1R,2S,5R)-5-methyl-2-propan-2-ylcyclohexan-1-ol",CCCCCCCCP(=O)(CCCCCCCC)CCCCCCCC,CC(C)[C@@H]1CC[C@@H](C)C[C@H]1O,0.207,288.232
1-naphthalen-1-yloxy-3-(propan-2-ylamino)propan-2-ol,decanoic acid,CC(C)NCC(O)COc1cccc2ccccc12,CCCCCCCCCC(=O)O,0.35,288.15
Choline chloride,Glucose,C[N+](C)(C)CCO.[Cl-],C([C@@H]1[C@H]([C@@H]([C@H](C(O1)O)O)O)O)O,0.666666667,288.15
2-hydroxyethyl(trimethyl)azanium;chloride,"(3R,4S,5S,6R)-6-(hydroxymethyl)oxane-2,3,4,5-tetrol",C[N+](C)(C)CCO.[Cl-],OC[C@H]1OC(O)[C@H](O)[C@@H](O)[C@@H]1O,0.666667,288.15
"2-Chloro-N,N,N-trimethylethanaminium chloride",Urea,C[N+](C)(C)CCCl.[Cl-],C(=O)(N)N,0.333333333,288.15
2-chloroethyl(trimethyl)azanium;chloride,urea,C[N+](C)(C)CCCl.[Cl-],NC(N)=O,0.67,288.15
2-chloroethyl(trimethyl)azanium;chloride,urea,C[N+](C)(C)CCCl.[Cl-],NC(N)=O,0.3333,288.15
thymol,tetradecanol,CC1=CC(=C(C=C1)C(C)C)O,CCCCCCCCCCCCCCO,0.57411019,288.12
"(1R,2S,5R)-5-methyl-2-propan-2-ylcyclohexan-1-ol",decanoic acid,CC(C)[C@@H]1CC[C@@H](C)C[C@H]1O,CCCCCCCCCC(=O)O,0.7,288
dodecanoic acid,nonanoic acid,CCCCCCCCCCCC(=O)O,CCCCCCCCC(=O)O,0.435,288
"(1R,2S,5R)-5-methyl-2-propan-2-ylcyclohexan-1-ol",cyclohexanecarboxylic acid,CC(C)[C@@H]1CC[C@@H](C)C[C@H]1O,O=C(O)C1CCCCC1,0.2,287.92
"(1R,2S,5R)-5-methyl-2-propan-2-ylcyclohexan-1-ol",cyclohexanecarboxylic acid,CC(C)[C@@H]1CC[C@@H](C)C[C@H]1O,O=C(O)C1CCCCC1,0.7,287.92
5-methyl-2-propan-2-ylphenol,decanoic acid,Cc1ccc(C(C)C)c(O)c1,CCCCCCCCCC(=O)O,0.49,287.84
2-hydroxyethyl(trimethyl)azanium;chloride,2-hydroxypropanoic acid,C[N+](C)(C)CCO.[Cl-],CC(O)C(=O)O,0.099,287.75
butyl(trimethyl)azanium;chloride,octanoic acid,CCCC[N+](C)(C)C.[Cl-],CCCCCCCC(=O)O,0.3333,287.54
1-methyl-4-prop-1-en-2-ylcyclohexene,decanoic acid,C=C(C)C1CC=C(C)CC1,CCCCCCCCCC(=O)O,0.5,287.45
2-hydroxyethyl(trimethyl)azanium;chloride,2-hydroxyacetic acid,C[N+](C)(C)CCO.[Cl-],O=C(O)CO,0.451,287.45
chromium(3+);trichloride;hexahydrate,urea,O.O.O.O.O.O.[Cl-].[Cl-].[Cl-].[Cr+3],NC(N)=O,0.6,287.3543
"(1R,2S,5R)-5-methyl-2-propan-2-ylcyclohexan-1-ol",4-phenylbutanoic acid,CC(C)[C@@H]1CC[C@@H](C)C[C@H]1O,O=C(O)CCCc1ccccc1,0.61,287.2
2-hydroxyethyl(trimethyl)azanium;acetate,"propane-1,2,3-triol",CC(=O)[O-].C[N+](C)(C)CCO,OCC(O)CO,0.444444,287.15
dichlorotin,2-acetyloxyethyl(trimethyl)azanium;chloride,[Cl-].[Sn+2].[Cl-],CC(=O)OCC[N+](C)(C)C.[Cl-],0.666667,287.15
dichlorotin,2-hydroxyethyl(trimethyl)azanium;chloride,[Cl-].[Sn+2].[Cl-],C[N+](C)(C)CCO.[Cl-],0.7173,287.1136
Choline chloride,CrCl3?6H2O,C[N+](C)(C)CCO.[Cl-],O.O.O.O.O.O.[Cl-].[Cl-].[Cl-].[Cr+3],0.333333333,287.05
"(1R,2S,5R)-5-methyl-2-propan-2-ylcyclohexan-1-ol",decanoic acid,CC(C)[C@@H]1CC[C@@H](C)C[C@H]1O,CCCCCCCCCC(=O)O,0.5,287
"(1R,2S,5R)-5-methyl-2-propan-2-ylcyclohexan-1-ol",octanoic acid,CC(C)[C@@H]1CC[C@@H](C)C[C@H]1O,CCCCCCCC(=O)O,0.7,287
"(1R,2S,5R)-5-methyl-2-propan-2-ylcyclohexan-1-ol",octanoic acid,CC(C)[C@@H]1CC[C@@H](C)C[C@H]1O,CCCCCCCC(=O)O,0.6975,286.9
decanoic acid,phenylpropionic acid,CCCCCCCCCC(=O)O,C1=CC=C(C=C1)CCC(=O)O,0.536278496,286.32
5-methyl-2-propan-2-ylphenol,"(1R,2S,5R)-5-methyl-2-propan-2-ylcyclohexan-1-ol",Cc1ccc(C(C)C)c(O)c1,CC(C)[C@@H]1CC[C@@H](C)C[C@H]1O,0.7011,286.3
chromium(3+);trichloride;hexahydrate,urea,O.O.O.O.O.O.[Cl-].[Cl-].[Cl-].[Cr+3],NC(N)=O,0.599,286.167
Choline acetate,Glycerol,CC(=O)OCC[N+](C)(C)C,C(C(CO)O)O,0.4,286.15
2-hydroxyethyl(trimethyl)azanium;acetate,"propane-1,2,3-triol",CC(=O)[O-].C[N+](C)(C)CCO,OCC(O)CO,0.4,286.15
Choline chloride,D-fructose,C[N+](C)(C)CCO.[Cl-],C1[C@H]([C@H]([C@@H](C(O1)(CO)O)O)O)O,0.6,286.15
2-hydroxyethyl(trimethyl)azanium;chloride,"(3S,4R,5R)-2-(hydroxymethyl)oxane-2,3,4,5-tetrol",C[N+](C)(C)CCO.[Cl-],OCC1(O)OC[C@@H](O)[C@@H](O)[C@@H]1O,0.6,286.15
2-hydroxyethyl(trimethyl)azanium;chloride,(2S)-2-aminopentanedioic acid,C[N+](C)(C)CCO.[Cl-],N[C@@H](CCC(=O)O)C(=O)O,0.333,286.15
"(1R,2S,5R)-5-methyl-2-propan-2-ylcyclohexan-1-ol",octanoic acid,CC(C)[C@@H]1CC[C@@H](C)C[C@H]1O,CCCCCCCC(=O)O,0.1,286
1-dioctylphosphoryloctane,"(1R,2S,5R)-5-methyl-2-propan-2-ylcyclohexan-1-ol",CCCCCCCCP(=O)(CCCCCCCC)CCCCCCCC,CC(C)[C@@H]1CC[C@@H](C)C[C@H]1O,0.349,285.981
5-methyl-2-propan-2-ylcyclohexan-1-ol,decanoic acid,CC1CCC(C(C)C)C(O)C1,CCCCCCCCCC(=O)O,0.5,285.69
5-methyl-2-propan-2-ylphenol,"(1R,2S,5R)-5-methyl-2-propan-2-ylcyclohexan-1-ol",Cc1ccc(C(C)C)c(O)c1,CC(C)[C@@H]1CC[C@@H](C)C[C@H]1O,0.7032,285.65
2-methyl-5-propan-2-ylphenol,"(1R,2S,5R)-5-methyl-2-propan-2-ylcyclohexan-1-ol",Cc1ccc(C(C)C)cc1O,CC(C)[C@@H]1CC[C@@H](C)C[C@H]1O,0.2979,285.58
octanoic acid,dodecanoic acid,CCCCCCCC(=O)O,CCCCCCCCCCCC(=O)O,0.904,285.275
tetradecanol,10-undecenoic acid,CCCCCCCCCCCCCCO,C=CCCCCCCCCC(=O)O,0.215291432,285.24
5-methyl-2-propan-2-ylphenol,"(1R,2S,5R)-5-methyl-2-propan-2-ylcyclohexan-1-ol",Cc1ccc(C(C)C)c(O)c1,CC(C)[C@@H]1CC[C@@H](C)C[C@H]1O,0.278,285.178
2-hydroxyethyl(trimethyl)azanium;chloride,propanedioic acid,C[N+](C)(C)CCO.[Cl-],O=C(O)CC(=O)O,0.48,285.15
nonanoic acid,dodecanoic acid,CCCCCCCCC(=O)O,CCCCCCCCCCCC(=O)O,0.86,285.15
Choline chloride,Urea,C[N+](C)(C)CCO.[Cl-],C(=O)(N)N,0.333333333,285.15
octanoic acid,dodecanoic acid,CCCCCCCC(=O)O,CCCCCCCCCCCC(=O)O,0.668,285.15
5-methyl-2-propan-2-ylphenol,octanoic acid,Cc1ccc(C(C)C)c(O)c1,CCCCCCCC(=O)O,0.1,285.13
ChCl,glycolic acid,C[N+](C)(C)CCO.[Cl-],C(C(=O)O)O,0.466037795,285.11
tetrabutylazanium;chloride,tetradecanoic acid,CCCC[N+](CCCC)(CCCC)CCCC.[Cl-],CCCCCCCCCCCCCC(=O)O,0.506,285.1
dodecanoic acid,nonanoic acid,CCCCCCCCCCCC(=O)O,CCCCCCCCC(=O)O,0.143,285
dodecanoic acid,nonanoic acid,CCCCCCCCCCCC(=O)O,CCCCCCCCC(=O)O,0.333,285
lithium;bis(trifluoromethylsulfonyl)azanide,N-methylacetamide,O=S(=O)([N-]S(=O)(=O)C(F)(F)F)C(F)(F)F.[Li+],CNC(C)=O,0.249,284.795
zinc;dichloride,urea,[Cl-].[Cl-].[Zn+2],NC(N)=O,0.2522,284.4833
lithium;nitrate,N-methylacetamide,O=[N+]([O-])[O-].[Li+],CNC(C)=O,0.137,284.317
nonanoic acid,dodecanoic acid,CCCCCCCCC(=O)O,CCCCCCCCCCCC(=O)O,0.668,284.275
octanoic acid,dodecanoic acid,CCCCCCCC(=O)O,CCCCCCCCCCCC(=O)O,0.861,284.275
2-hydroxyethyl(trimethyl)azanium;chloride,urea,C[N+](C)(C)CCO.[Cl-],NC(N)=O,0.333,284.22
"(1R,2S,5R)-5-methyl-2-propan-2-ylcyclohexan-1-ol",3-phenylpropanoic acid,CC(C)[C@@H]1CC[C@@H](C)C[C@H]1O,O=C(O)CCc1ccccc1,0.6,284.21
5-methyl-2-propan-2-ylphenol,octanoic acid,Cc1ccc(C(C)C)c(O)c1,CCCCCCCC(=O)O,0.5,284.16
5-methyl-2-propan-2-ylphenol,undec-10-enoic acid,Cc1ccc(C(C)C)c(O)c1,C=CCCCCCCCCC(=O)O,0.5,284.15
Thymol,10-undecylenic,CC1=CC(=C(C=C1)C(C)C)O,C=CCCCCCCCCC(=O)O,0.5,284.15
"(1R,2S,5R)-5-methyl-2-propan-2-ylcyclohexan-1-ol",octanoic acid,CC(C)[C@@H]1CC[C@@H](C)C[C@H]1O,CCCCCCCC(=O)O,0.2,284
lithium;bis(trifluoromethylsulfonyl)azanide,N-methylacetamide,O=S(=O)([N-]S(=O)(=O)C(F)(F)F)C(F)(F)F.[Li+],CNC(C)=O,0.245,283.929
menthol,phenylpropionic acid,CC1CCC(C(C1)O)C(C)C,C1=CC=C(C=C1)CCC(=O)O,0.607393886,283.77
benzyl(tripropyl)azanium;chloride,2-hydroxypropanoic acid,CCC[N+](CCC)(CCC)Cc1ccccc1.[Cl-],CC(O)C(=O)O,0.66,283.721
"(1R,2S,5R)-5-methyl-2-propan-2-ylcyclohexan-1-ol",3-cyclohexylpropanoic acid,CC(C)[C@@H]1CC[C@@H](C)C[C@H]1O,O=C(O)CCC1CCCCC1,0.1,283.535
octanoic acid,dodecanoic acid,CCCCCCCC(=O)O,CCCCCCCCCCCC(=O)O,0.804,283.275
2-hydroxyethyl(trimethyl)azanium;chloride,propanedioic acid,C[N+](C)(C)CCO.[Cl-],O=C(O)CC(=O)O,0.5,283.15
Thymol,10-undecylenic,CC1=CC(=C(C=C1)C(C)C)O,C=CCCCCCCCCC(=O)O,0.333333333,283.15
Choline chloride,D-fructose,C[N+](C)(C)CCO.[Cl-],C1[C@H]([C@H]([C@@H](C(O1)(CO)O)O)O)O,0.666666667,283.15
2-hydroxyethyl(trimethyl)azanium;chloride,"(3S,4R,5R)-2-(hydroxymethyl)oxane-2,3,4,5-tetrol",C[N+](C)(C)CCO.[Cl-],OCC1(O)OC[C@@H](O)[C@@H](O)[C@@H]1O,0.666667,283.15
Choline chloride,Malonic acid,C[N+](C)(C)CCO.[Cl-],C(C(=O)O)C(=O)O,0.5,283.15
5-methyl-2-propan-2-ylphenol,undec-10-enoic acid,Cc1ccc(C(C)C)c(O)c1,C=CCCCCCCCCC(=O)O,0.3333,283.15
2-hydroxyethyl(trimethyl)azanium;chloride,2-methylphenol,C[N+](C)(C)CCO.[Cl-],Cc1ccccc1O,0.091,283
dodecanoic acid,nonanoic acid,CCCCCCCCCCCC(=O)O,CCCCCCCCC(=O)O,0.266425544,282.83
lithium;hexafluorophosphate,N-methylacetamide,F[P-](F)(F)(F)(F)F.[Li+],CNC(C)=O,0.072,282.806
"1H-Imidazolium, 3-[2-[(1R,5S)-6,6-dimethylbicyclo[3.1.1]hept-2-en-2-yl]ethyl]-1-methyl-, methanesulfonate (1:1) (ACI)",4-oxopentanoic acid,CS(=O)(=O)[O-].Cn1cc[n+](CCC2=CC[C@H]3C[C@@H]2C3(C)C)c1,CC(=O)CCC(=O)O,0.048,282.609
potassium;thiocyanate,"propane-1,2,3-triol",N#C[S-].[K+],OCC(O)CO,0.4,282.6
Thymol,10-undecylenic,CC1=CC(=C(C=C1)C(C)C)O,C=CCCCCCCCCC(=O)O,0.25,282.15
5-methyl-2-propan-2-ylphenol,undec-10-enoic acid,Cc1ccc(C(C)C)c(O)c1,C=CCCCCCCCCC(=O)O,0.25,282.15
octanoic acid,dodecanoic acid,CCCCCCCC(=O)O,CCCCCCCCCCCC(=O)O,0.75,282.15
nonanoic acid,dodecanoic acid,CCCCCCCCC(=O)O,CCCCCCCCCCCC(=O)O,0.75,282.15
Dodecanoic acid,Nonanoic acid,CCCCCCCCCCCC(=O)O,CCCCCCCCC(=O)O,0.25,282.15
Dodecanoic acid,Octanoic acid,CCCCCCCCCCCC(=O)O,CCCCCCCC(=O)O,0.25,282.15
chromium(3+);trichloride;hexahydrate,2-hydroxyethyl(trimethyl)azanium;chloride,O.O.O.O.O.O.[Cl-].[Cl-].[Cl-].[Cr+3],C[N+](C)(C)CCO.[Cl-],0.6667,282.15
Zinc chloride,Urea,[Cl-].[Cl-].[Zn+2],C(=O)(N)N,0.222222222,282.15
zinc;dichloride,urea,[Cl-].[Cl-].[Zn+2],NC(N)=O,0.2222,282.15
tetraoctylazanium;bromide,decanoic acid,CCCCCCCC[N+](CCCCCCCC)(CCCCCCCC)CCCCCCCC.[Br-],CCCCCCCCCC(=O)O,0.33,282.1
Tetraoctylammonium bromide,Decanoic acid,CCCCCCCC[N+](CCCCCCCC)(CCCCCCCC)CCCCCCCC.[Br-],CCCCCCCCCC(=O)O,0.333333333,282.1
tetraoctylazanium;bromide,decanoic acid,CCCCCCCC[N+](CCCCCCCC)(CCCCCCCC)CCCCCCCC.[Br-],CCCCCCCCCC(=O)O,0.3333,282.1
methyl(trioctyl)azanium;bromide,decanoic acid,CCCCCCCC[N+](C)(CCCCCCCC)CCCCCCCC.[Br-],CCCCCCCCCC(=O)O,0.3333,282.1
methyl(trioctyl)azanium;bromide,decanoic acid,CCCCCCCC[N+](C)(CCCCCCCC)CCCCCCCC.[Br-],CCCCCCCCCC(=O)O,0.33,282.1
Methyltrioctylammonium bromide,Decanoic acid,CCCCCCCC[N+](C)(CCCCCCCC)CCCCCCCC.[Br-],CCCCCCCCCC(=O)O,0.333333333,282.1
"(1R,2S,5R)-5-methyl-2-propan-2-ylcyclohexan-1-ol",cyclohexanecarboxylic acid,CC(C)[C@@H]1CC[C@@H](C)C[C@H]1O,O=C(O)C1CCCCC1,0.3,282
dodecanoic acid,nonanoic acid,CCCCCCCCCCCC(=O)O,CCCCCCCCC(=O)O,0.25,282
dodecanoic acid,octanoic acid,CCCCCCCCCCCC(=O)O,CCCCCCCC(=O)O,0.249036429,281.95
thymol,borneol,CC1=CC(=C(C=C1)C(C)C)O,CC1(C2CCC1(C(C2)O)C)C,0.626416689,281.68
menthol,decanoic acid,CC1CCC(C(C1)O)C(C)C,CCCCCCCCCC(=O)O,0.638613029,281.34
Choline chloride,Glycerol,C[N+](C)(C)CCO.[Cl-],C(C(CO)O)O,0.5,281.33
5-methyl-2-propan-2-ylphenol,"(1R,2S,5R)-5-methyl-2-propan-2-ylcyclohexan-1-ol",Cc1ccc(C(C)C)c(O)c1,CC(C)[C@@H]1CC[C@@H](C)C[C@H]1O,0.7,281.3
lithium;hexafluorophosphate,N-methylacetamide,F[P-](F)(F)(F)(F)F.[Li+],CNC(C)=O,0.202,281.295
lithium;nitrate,N-methylacetamide,O=[N+]([O-])[O-].[Li+],CNC(C)=O,0.598,281.295
2-hydroxyethyl(trimethyl)azanium;chloride,"propane-1,2,3-triol",C[N+](C)(C)CCO.[Cl-],OCC(O)CO,0.5,281.18
chromium(3+);trichloride;hexahydrate,urea,O.O.O.O.O.O.[Cl-].[Cl-].[Cl-].[Cr+3],NC(N)=O,0.6664,281.0762
decanoic acid,dodecanol,CCCCCCCCCC(=O)O,CCCCCCCCCCCCO,0.369714824,280.98
1-methyl-4-prop-1-en-2-ylcyclohexene,decanoic acid,C=C(C)C1CC=C(C)CC1,CCCCCCCCCC(=O)O,0.666667,280.95
5-methyl-2-propan-2-ylphenol,undec-10-enoic acid,Cc1ccc(C(C)C)c(O)c1,C=CCCCCCCCCC(=O)O,0.2,280.65
Thymol,10-undecylenic,CC1=CC(=C(C=C1)C(C)C)O,C=CCCCCCCCCC(=O)O,0.2,280.65
5-methyl-2-propan-2-ylphenol,undec-10-enoic acid,Cc1ccc(C(C)C)c(O)c1,C=CCCCCCCCCC(=O)O,0.19,280.541
ChCl,malonic acid,C[N+](C)(C)CCO.[Cl-],C(C(=O)O)C(=O)O,0.513770049,280.46
chromium(3+);trichloride;hexahydrate,urea,O.O.O.O.O.O.[Cl-].[Cl-].[Cl-].[Cr+3],NC(N)=O,0.666,280.333
"1,10-phenanthroline",5-methyl-2-propan-2-ylphenol,c1cnc2c(c1)ccc1cccnc12,Cc1ccc(C(C)C)c(O)c1,0.2026,280.2893
5-methyl-2-propan-2-ylphenol,octanoic acid,Cc1ccc(C(C)C)c(O)c1,CCCCCCCC(=O)O,0.2,280.16
bis(trifluoromethylsulfonyl)azanide;trimethylsulfanium,formamide,C[S+](C)C.O=S(=O)([N-]S(=O)(=O)C(F)(F)F)C(F)(F)F,NC=O,0.5968,279.7942
"1H-Imidazolium, 3-[2-[(1R,5S)-6,6-dimethylbicyclo[3.1.1]hept-2-en-2-yl]ethyl]-1-methyl-, methanesulfonate (1:1) (ACI)",4-oxopentanoic acid,CS(=O)(=O)[O-].Cn1cc[n+](CCC2=CC[C@H]3C[C@@H]2C3(C)C)c1,CC(=O)CCC(=O)O,0.301,279.71
2-hydroxyethyl(trimethyl)azanium;chloride,"benzene-1,3-diol",C[N+](C)(C)CCO.[Cl-],Oc1cccc(O)c1,0.505,279.632
ChCl,lactic acid,C[N+](C)(C)CCO.[Cl-],CC(C(=O)O)O,0.483514965,279.56
"(1R,2S,5R)-5-methyl-2-propan-2-ylcyclohexan-1-ol",octanoic acid,CC(C)[C@@H]1CC[C@@H](C)C[C@H]1O,CCCCCCCC(=O)O,0.3026,279.55
2-hydroxyethyl(trimethyl)azanium;chloride,2-methylphenol,C[N+](C)(C)CCO.[Cl-],Cc1ccccc1O,0.143,279.5
2-hydroxyethyl(trimethyl)azanium;chloride,phenol,C[N+](C)(C)CCO.[Cl-],Oc1ccccc1,0.119,279.3
"2-(diethylamino)-N-(2,6-dimethylphenyl)acetamide",dodecanoic acid,CCN(CC)CC(=O)Nc1c(C)cccc1C,CCCCCCCCCCCC(=O)O,0.43,279.15
5-methyl-2-propan-2-ylcyclohexan-1-ol,2-oxopropanoic acid,CC1CCC(C(C)C)C(O)C1,CC(=O)C(=O)O,0.333,279.15
"(1R,2S,5R)-5-methyl-2-propan-2-ylcyclohexan-1-ol",decanoic acid,CC(C)[C@@H]1CC[C@@H](C)C[C@H]1O,CCCCCCCCCC(=O)O,0.6,279
"(1R,2S,5R)-5-methyl-2-propan-2-ylcyclohexan-1-ol",octanoic acid,CC(C)[C@@H]1CC[C@@H](C)C[C@H]1O,CCCCCCCC(=O)O,0.3,279
"(1R,2S,5R)-5-methyl-2-propan-2-ylcyclohexan-1-ol",3-cyclohexylpropanoic acid,CC(C)[C@@H]1CC[C@@H](C)C[C@H]1O,O=C(O)CCC1CCCCC1,0.2,278.687
dodecanol,10-undecenoic acid,CCCCCCCCCCCCO,C=CCCCCCCCCC(=O)O,0.537513375,278.66
5-methyl-2-propan-2-ylphenol,"(1R,2S,5R)-5-methyl-2-propan-2-ylcyclohexan-1-ol",Cc1ccc(C(C)C)c(O)c1,CC(C)[C@@H]1CC[C@@H](C)C[C@H]1O,0.6015,278.55
5-methyl-2-propan-2-ylphenol,"(1R,2S,5R)-5-methyl-2-propan-2-ylcyclohexan-1-ol",Cc1ccc(C(C)C)c(O)c1,CC(C)[C@@H]1CC[C@@H](C)C[C@H]1O,0.602,278.3
2-hydroxyethyl(trimethyl)azanium;chloride,2-aminoethanol,C[N+](C)(C)CCO.[Cl-],NCCO,0.111111,278.23
didodecyl(dimethyl)azanium;chloride,2-hydroxyacetic acid,CCCCCCCCCCCC[N+](C)(C)CCCCCCCCCCCC.[Cl-],O=C(O)CO,0.25,278.15
potassium;thiocyanate,acetamide,N#C[S-].[K+],CC(N)=O,0.25,278.15
2-hydroxyethyl(trimethyl)azanium;chloride,4-oxopentanoic acid,C[N+](C)(C)CCO.[Cl-],CC(=O)CCC(=O)O,0.333333,278.15
Potassium thiocynate,Acetamide,C(#N)[S-].[K+],CC(=O)N,0.25,278.15
Ammonium thiocynate,Acetamide,C(#N)S.N,CC(=O)N,0.25,278.15
benzyl(triethyl)azanium;chloride,oxalic acid,CC[N+](CC)(CC)Cc1ccccc1.[Cl-],O=C(O)C(=O)O,0.5,278.15
azanium;thiocyanate,acetamide,N#C[S-].[NH4+],CC(N)=O,0.25,278.15
"(1R,2S,5R)-5-methyl-2-propan-2-ylcyclohexan-1-ol",decanoic acid,CC(C)[C@@H]1CC[C@@H](C)C[C@H]1O,CCCCCCCCCC(=O)O,0.5963,278.1
5-methyl-2-propan-2-ylphenol,"(1R,2S,5R)-5-methyl-2-propan-2-ylcyclohexan-1-ol",Cc1ccc(C(C)C)c(O)c1,CC(C)[C@@H]1CC[C@@H](C)C[C@H]1O,0.6012,277.8
5-methyl-2-propan-2-ylphenol,cyclohexanecarboxylic acid,Cc1ccc(C(C)C)c(O)c1,O=C(O)C1CCCCC1,0.29,277.6
Choline chloride,Ethylene glycol,C[N+](C)(C)CCO.[Cl-],C(CO)O,0.28,277.45
"(1R,2S,5R)-5-methyl-2-propan-2-ylcyclohexan-1-ol",cyclohexanecarboxylic acid,CC(C)[C@@H]1CC[C@@H](C)C[C@H]1O,O=C(O)C1CCCCC1,0.6,277.25
"(1R,2S,5R)-5-methyl-2-propan-2-ylcyclohexan-1-ol",octanoic acid,CC(C)[C@@H]1CC[C@@H](C)C[C@H]1O,CCCCCCCC(=O)O,0.5965,277.15
Choline nitrate,Urea,C[N+](C)(C)CCO.[N+](=O)([O-])[O-],C(=O)(N)N,0.333333333,277.15
Methyltriphenylphosphonium bromide,Glycerol,C[P+](C1=CC=CC=C1)(C2=CC=CC=C2)C3=CC=CC=C3.[Br-],C(C(CO)O)O,0.333333333,277.05
2-hydroxyethyl(trimethyl)azanium;chloride,2-aminoethanol,C[N+](C)(C)CCO.[Cl-],NCCO,0.166667,276.95
methyl(triphenyl)phosphanium;bromide,"propane-1,2,3-triol",C[P+](c1ccccc1)(c1ccccc1)c1ccccc1.[Br-],OCC(O)CO,0.3333,276.9
2-hydroxyethyl(trimethyl)azanium;chloride,2-aminoethanol,C[N+](C)(C)CCO.[Cl-],NCCO,0.142857,276.84
bis(trifluoromethylsulfonyl)azanide;trimethylsulfanium,formamide,C[S+](C)C.O=S(=O)([N-]S(=O)(=O)C(F)(F)F)C(F)(F)F,NC=O,0.5016,276.7626
2-hydroxyethyl(trimethyl)azanium;chloride,2-aminoethanol,C[N+](C)(C)CCO.[Cl-],NCCO,0.125,276.69
"(1R,2S,5R)-5-methyl-2-propan-2-ylcyclohexan-1-ol",octanoic acid,CC(C)[C@@H]1CC[C@@H](C)C[C@H]1O,CCCCCCCC(=O)O,0.5981,276.4
zinc;dichloride,urea,[Cl-].[Cl-].[Zn+2],NC(N)=O,0.2251,276.15
"(1R,2S,5R)-5-methyl-2-propan-2-ylcyclohexan-1-ol",octanoic acid,CC(C)[C@@H]1CC[C@@H](C)C[C@H]1O,CCCCCCCC(=O)O,0.6,276
n-hexadecane,p-xylene,CCCCCCCCCCCCCCCC,CC1=CC=C(C=C1)C,0.248937432,275.94
calcium;dichloride;hexahydrate,2-hydroxyethyl(trimethyl)azanium;chloride,O.O.O.O.O.O.[Ca+2].[Cl-].[Cl-],C[N+](C)(C)CCO.[Cl-],0.66,275.85
tetrabutylazanium;chloride,2-[2-(2-hydroxyethoxy)ethoxy]ethanol,CCCC[N+](CCCC)(CCCC)CCCC.[Cl-],OCCOCCOCCO,0.666667,275.57
Tetrabutylammonium chloride,Triethylene glycol,CCCC[N+](CCCC)(CCCC)CCCC.[Cl-],C(COCCOCCO)O,0.666666667,275.57
"(1R,2S,5R)-5-methyl-2-propan-2-ylcyclohexan-1-ol",cyclohexanecarboxylic acid,CC(C)[C@@H]1CC[C@@H](C)C[C@H]1O,O=C(O)C1CCCCC1,0.4,275.48
"(1R,2S,5R)-5-methyl-2-propan-2-ylcyclohexan-1-ol",3-cyclohexylpropanoic acid,CC(C)[C@@H]1CC[C@@H](C)C[C@H]1O,O=C(O)CCC1CCCCC1,0.6,275.455
5-methyl-2-propan-2-ylphenol,octanoic acid,Cc1ccc(C(C)C)c(O)c1,CCCCCCCC(=O)O,0.3,275.45
"1H-Imidazolium, 3-[2-[(1R,5S)-6,6-dimethylbicyclo[3.1.1]hept-2-en-2-yl]ethyl]-1-methyl-, methanesulfonate (1:1) (ACI)",4-oxopentanoic acid,CS(=O)(=O)[O-].Cn1cc[n+](CCC2=CC[C@H]3C[C@@H]2C3(C)C)c1,CC(=O)CCC(=O)O,0.103,275.362
benzyl(triethyl)azanium;chloride,4-methylbenzenesulfonic acid,CC[N+](CC)(CC)Cc1ccccc1.[Cl-],Cc1ccc(S(=O)(=O)O)cc1,0.7,275.15
diethyl(2-hydroxyethyl)azanium;chloride,"propane-1,2,3-triol",CC[NH+](CC)CCO.[Cl-],OCC(O)CO,0.2,275.15
benzyl(trimethyl)azanium;chloride,oxalic acid,C[N+](C)(C)Cc1ccccc1.[Cl-],O=C(O)C(=O)O,0.5,275.15
"N,N-Diethylenethanolammonium chloride",Glycerol,CC(C)(C)NCCO.Cl ,C(C(CO)O)O,0.2,275.12
tetraoctylazanium;chloride,decanoic acid,CCCCCCCC[N+](CCCCCCCC)(CCCCCCCC)CCCCCCCC.[Cl-],CCCCCCCCCC(=O)O,0.33,275.1
tetraoctylazanium;chloride,decanoic acid,CCCCCCCC[N+](CCCCCCCC)(CCCCCCCC)CCCCCCCC.[Cl-],CCCCCCCCCC(=O)O,0.3333,275.1
Tetraoctylammonium chloride,Decanoic acid,CCCCCCCC[N+](CCCCCCCC)(CCCCCCCC)CCCCCCCC.[Cl-],CCCCCCCCCC(=O)O,0.333333333,275.1
5-methyl-2-propan-2-ylphenol,octanoic acid,Cc1ccc(C(C)C)c(O)c1,CCCCCCCC(=O)O,0.35,275
5-methyl-2-propan-2-ylphenol,octanoic acid,Cc1ccc(C(C)C)c(O)c1,CCCCCCCC(=O)O,0.41,274.98
"N,N-Diethylenethanolammonium chloride",Glycerol,CC(C)(C)NCCO.Cl ,C(C(CO)O)O,0.25,274.85
diethyl(2-hydroxyethyl)azanium;chloride,"propane-1,2,3-triol",CC[NH+](CC)CCO.[Cl-],OCC(O)CO,0.25,274.85
trioctylphosphine oxide,"N,N′-dihexylthiourea",CCCCCCCCP(=O)(CCCCCCCC)CCCCCCCC,CCCCCCNC(=S)NCCCCCC,0.435886406,274.33
Choline fluoride,Urea,C[N+](C)(C)CCO.[F-],C(=O)(N)N,0.333333333,274.15
"(1R,2S,5R)-5-methyl-2-propan-2-ylcyclohexan-1-ol",octanoic acid,CC(C)[C@@H]1CC[C@@H](C)C[C@H]1O,CCCCCCCC(=O)O,0.4,274
lithium;hexafluorophosphate,N-methylacetamide,F[P-](F)(F)(F)(F)F.[Li+],CNC(C)=O,0.095,273.741
lithium;nitrate,N-methylacetamide,O=[N+]([O-])[O-].[Li+],CNC(C)=O,0.593,273.741
tetrabutylazanium;bromide,octanoic acid,CCCC[N+](CCCC)(CCCC)CCCC.[Br-],CCCCCCCC(=O)O,0.3333,273.73
2-hydroxyethyl(trimethyl)azanium;chloride,2-[2-(2-hydroxyethoxy)ethoxy]ethanol,C[N+](C)(C)CCO.[Cl-],OCCOCCOCCO,0.25,273.65
Tetrabutylammonium bromide,Ethanolamine,CCCC[N+](CCCC)(CCCC)CCCC.[Br-],C(CO)N,0.142857143,273.58
tetrabutylazanium;bromide,2-aminoethanol,CCCC[N+](CCCC)(CCCC)CCCC.[Br-],NCCO,0.142857,273.58
"(1R,2S,5R)-5-methyl-2-propan-2-ylcyclohexan-1-ol",3-cyclohexylpropanoic acid,CC(C)[C@@H]1CC[C@@H](C)C[C@H]1O,O=C(O)CCC1CCCCC1,0.3,273.434
thymol,octanoic acid,CC1=CC(=C(C=C1)C(C)C)O,CCCCCCCC(=O)O,0.355974248,273.33
Diethylethanolammonium chloride,Trifluoroacetamide,CC[NH+](CC)CCO.[Cl-],C(=O)(C(F)(F)F)N,0.333333333,273.2
2-hydroxyethyl(trimethyl)azanium;chloride,"3,4-dimethylphenol",C[N+](C)(C)CCO.[Cl-],Cc1ccc(O)cc1C,0.33,273.16
potassium;thiocyanate,azepan-2-one,N#C[S-].[K+],O=C1CCCCCN1,0.25,273.15
methyl(triphenyl)phosphanium;bromide,"2,2,2-trifluoroacetamide",C[P+](c1ccccc1)(c1ccccc1)c1ccccc1.[Br-],NC(=O)C(F)(F)F,0.333333,273.15
Potassium thiocynate,Caprolactam,C(#N)[S-].[K+],C1CCC(=O)NCC1,0.25,273.15
diethyl(2-hydroxyethyl)azanium;chloride,2-[2-(2-hydroxyethoxy)ethoxy]ethanol,CC[NH+](CC)CCO.[Cl-],OCCOCCOCCO,0.67,273.15
Methyltrioctylammonium chloride,Decanoic acid,CCCCCCCC[N+](C)(CCCCCCCC)CCCCCCCC.[Cl-],CCCCCCCCCC(=O)O,0.333333333,273.1
"N,N-Diethylenethanolammonium chloride",Triethylene glycol,CC(C)(C)NCCO.Cl ,C(COCCOCCO)O,0.333333333,273.1
methyl(trioctyl)azanium;chloride,decanoic acid,CCCCCCCC[N+](C)(CCCCCCCC)CCCCCCCC.[Cl-],CCCCCCCCCC(=O)O,0.33,273.1
"N,N-Diethylenethanolammonium chloride","2,2,2-trifluoroacetamide",CC(C)(C)NCCO.Cl ,C(=O)(C(F)(F)F)N,0.333333333,273.05
diethyl(2-hydroxyethyl)azanium;chloride,2-[2-(2-hydroxyethoxy)ethoxy]ethanol,CC[NH+](CC)CCO.[Cl-],OCCOCCOCCO,0.3333,273.05
"(1R,2S,5R)-5-methyl-2-propan-2-ylcyclohexan-1-ol",2-cyclohexylacetic acid,CC(C)[C@@H]1CC[C@@H](C)C[C@H]1O,O=C(O)CC1CCCCC1,0.45,272.9
methyl(triphenyl)phosphanium;bromide,2-aminoethanol,C[P+](c1ccccc1)(c1ccccc1)c1ccccc1.[Br-],NCCO,0.111111,272.72
Methyltriphenylphosphonium bromide,Mono ethanolamine,C[P+](C1=CC=CC=C1)(C2=CC=CC=C2)C3=CC=CC=C3.[Br-],C(CO)N,0.111111111,272.72
(Z)-octadec-9-enoic acid,5-methyl-2-propan-2-ylcyclohexan-1-ol,CCCCCCCC/C=C\CCCCCCCC(=O)O,CC1CCC(C(C)C)C(O)C1,0.5,272.64
5-methyl-2-propan-2-ylphenol,"(1R,2S,5R)-5-methyl-2-propan-2-ylcyclohexan-1-ol",Cc1ccc(C(C)C)c(O)c1,CC(C)[C@@H]1CC[C@@H](C)C[C@H]1O,0.3,272.4
benzyl(trimethyl)azanium;chloride,4-methylbenzenesulfonic acid,C[N+](C)(C)Cc1ccccc1.[Cl-],Cc1ccc(S(=O)(=O)O)cc1,0.7,272.15
5-methyl-2-propan-2-ylphenol,"(1R,2S,5R)-5-methyl-2-propan-2-ylcyclohexan-1-ol",Cc1ccc(C(C)C)c(O)c1,CC(C)[C@@H]1CC[C@@H](C)C[C@H]1O,0.62,272.011
Diethylethanolammonium chloride,Glycerol,CC[NH+](CC)CCO.[Cl-],C(C(CO)O)O,0.333333333,271.95
"N,N-Diethylenethanolammonium chloride",Glycerol,CC(C)(C)NCCO.Cl ,C(C(CO)O)O,0.333333333,271.82
diethyl(2-hydroxyethyl)azanium;chloride,"propane-1,2,3-triol",CC[NH+](CC)CCO.[Cl-],OCC(O)CO,0.333333,271.82
diethyl(2-hydroxyethyl)azanium;chloride,"propane-1,2,3-triol",CC[NH+](CC)CCO.[Cl-],OCC(O)CO,0.3333,271.82
5-methyl-2-propan-2-ylphenol,"(1R,2S,5R)-5-methyl-2-propan-2-ylcyclohexan-1-ol",Cc1ccc(C(C)C)c(O)c1,CC(C)[C@@H]1CC[C@@H](C)C[C@H]1O,0.3011,271.8
bis(trifluoromethylsulfonyl)azanide;trimethylsulfanium,formamide,C[S+](C)C.O=S(=O)([N-]S(=O)(=O)C(F)(F)F)C(F)(F)F,NC=O,0.2063,271.71
2-methyl-5-propan-2-ylphenol,"(1R,2S,5R)-5-methyl-2-propan-2-ylcyclohexan-1-ol",Cc1ccc(C(C)C)cc1O,CC(C)[C@@H]1CC[C@@H](C)C[C@H]1O,0.8997,270.05
2-hydroxyethyl(trimethyl)azanium;chloride,"2,2,2-trifluoroacetamide",C[N+](C)(C)CCO.[Cl-],NC(=O)C(F)(F)F,0.36,270
5-methyl-2-propan-2-ylphenol,"(1R,2S,5R)-5-methyl-2-propan-2-ylcyclohexan-1-ol",Cc1ccc(C(C)C)c(O)c1,CC(C)[C@@H]1CC[C@@H](C)C[C@H]1O,0.301,269.9
5-methyl-2-propan-2-ylcyclohexan-1-ol,octanoic acid,CC1CCC(C(C)C)C(O)C1,CCCCCCCC(=O)O,0.5,269.73
Choline chloride,Monoethanolamine,C[N+](C)(C)CCO.[Cl-],C(CO)N,0.125,269.65
Choline chloride,Monoethanolamine,C[N+](C)(C)CCO.[Cl-],C(CO)N,0.142857143,269.55
methyl(triphenyl)phosphanium;bromide,"ethane-1,2-diol",C[P+](c1ccccc1)(c1ccccc1)c1ccccc1.[Br-],OCCO,0.111111,269.37
Choline chloride,Monoethanolamine,C[N+](C)(C)CCO.[Cl-],C(CO)N,0.166666667,269.35
Propylammonium bromide,Glycerol,CCCN.Br,C(C(CO)O)O,0.333333333,269.15
menthol,cyclohexanecarboxylic acid,CC1CCC(C(C1)O)C(C)C,C1CCC(CC1)C(=O)O,0.518089537,269.12
Methyltriphenylphosphonium bromide,Glycerol,C[P+](C1=CC=CC=C1)(C2=CC=CC=C2)C3=CC=CC=C3.[Br-],C(C(CO)O)O,0.357142857,269.12
methyl(triphenyl)phosphanium;bromide,"propane-1,2,3-triol",C[P+](c1ccccc1)(c1ccccc1)c1ccccc1.[Br-],OCC(O)CO,0.363636,269.12
menthol,octanoic acid,CC1CCC(C(C1)O)C(C)C,CCCCCCCC(=O)O,0.534892936,268.74
bis(trifluoromethylsulfonyl)azanide;trimethylsulfanium,formamide,C[S+](C)C.O=S(=O)([N-]S(=O)(=O)C(F)(F)F)C(F)(F)F,NC=O,0.4032,268.6784
dodecanol,octanoic acid,CCCCCCCCCCCCO,CCCCCCCC(=O)O,0.315970055,268.46
Tetrapropylammonium bromide,Glycerol,CCC[N+](CCC)(CCC)CCC.[Br-],C(C(CO)O)O,0.2,268.45
tetrapropylazanium;bromide,"propane-1,2,3-triol",CCC[N+](CCC)(CCC)CCC.[Br-],OCC(O)CO,0.2,268.45
lithium;bis(trifluoromethylsulfonyl)azanide,N-methylacetamide,O=S(=O)([N-]S(=O)(=O)C(F)(F)F)C(F)(F)F.[Li+],CNC(C)=O,0.098,268.356
Choline chloride,Monoethanolamine,C[N+](C)(C)CCO.[Cl-],C(CO)N,0.111111111,268.15
"(1R,2S,5R)-5-methyl-2-propan-2-ylcyclohexan-1-ol",3-cyclohexylpropanoic acid,CC(C)[C@@H]1CC[C@@H](C)C[C@H]1O,O=C(O)CCC1CCCCC1,0.4,267.91
butyl(trimethyl)azanium;chloride,hexanoic acid,CCCC[N+](C)(C)C.[Cl-],CCCCCC(=O)O,0.25,267.79
Methyltriphenylphosphonium bromide,Glycerol,C[P+](C1=CC=CC=C1)(C2=CC=CC=C2)C3=CC=CC=C3.[Br-],C(C(CO)O)O,0.25,267.75
butyl(trimethyl)azanium;chloride,hexanoic acid,CCCC[N+](C)(C)C.[Cl-],CCCCCC(=O)O,0.3333,267.7
methyl(triphenyl)phosphanium;bromide,"propane-1,2,3-triol",C[P+](c1ccccc1)(c1ccccc1)c1ccccc1.[Br-],OCC(O)CO,0.25,267.6
butyl(trimethyl)azanium;chloride,hexanoic acid,CCCC[N+](C)(C)C.[Cl-],CCCCCC(=O)O,0.2,267.44
Ethylammonium bromide,Glycerol,CCN.Br,C(C(CO)O)O,0.333333333,267.15
benzyl-bis(2-hydroxyethyl)-methylazanium;chloride,urea,C[N+](CCO)(CCO)Cc1ccccc1.[Cl-],NC(N)=O,0.3333,267.15
"(1R,2S,5R)-5-methyl-2-propan-2-ylcyclohexan-1-ol",octanoic acid,CC(C)[C@@H]1CC[C@@H](C)C[C@H]1O,CCCCCCCC(=O)O,0.5,267
"(1R,2S,5R)-5-methyl-2-propan-2-ylcyclohexan-1-ol",octanoic acid,CC(C)[C@@H]1CC[C@@H](C)C[C@H]1O,CCCCCCCC(=O)O,0.4942,266.75
2-methyl-5-propan-2-ylphenol,"(1R,2S,5R)-5-methyl-2-propan-2-ylcyclohexan-1-ol",Cc1ccc(C(C)C)cc1O,CC(C)[C@@H]1CC[C@@H](C)C[C@H]1O,0.4013,266.25
didodecyl(dimethyl)azanium;chloride,2-phenylacetic acid,CCCCCCCCCCCC[N+](C)(C)CCCCCCCCCCCC.[Cl-],O=C(O)Cc1ccccc1,0.3333,266.15
2-(trimethylazaniumyl)acetate,2-phenylacetic acid,C[N+](C)(C)CC(=O)[O-],O=C(O)Cc1ccccc1,0.3333,266.15
Trimethylglycine,Phenyl acetic acid,C[N+](C)(C)CC(=O)[O-],C1=CC=C(C=C1)CC(=O)O,0.666666667,266.15
Tetrabutylammonium iodide,1-Nonanol,CCCC[N+](CCCC)(CCCC)CCCC.[I-],CCCCCCCCCO,0.047619048,266.05
Tetrapropylammonium bromide,Benzilic acid,CCC[N+](CCC)(CCC)CCC.[Br-],C1=CC=C(C=C1)C(C2=CC=CC=C2)(C(=O)O)O,0.5,265.61
tetrapropylazanium;bromide,"2-hydroxy-2,2-diphenylacetic acid",CCC[N+](CCC)(CCC)CCC.[Br-],O=C(O)C(O)(c1ccccc1)c1ccccc1,0.5,265.61
5-methyl-2-propan-2-ylphenol,"(1R,2S,5R)-5-methyl-2-propan-2-ylcyclohexan-1-ol",Cc1ccc(C(C)C)c(O)c1,CC(C)[C@@H]1CC[C@@H](C)C[C@H]1O,0.537,265.4
"(1R,2S,5R)-5-methyl-2-propan-2-ylcyclohexan-1-ol",acetic acid,CC(C)[C@@H]1CC[C@@H](C)C[C@H]1O,CC(=O)O,0.5,265.34
2-hydroxyethyl(trimethyl)azanium;chloride,"ethane-1,2-diol",C[N+](C)(C)CCO.[Cl-],OCCO,0.25,265.19
Methyltriphenylphosphonium bromide,Triethylene glycol,C[P+](C1=CC=CC=C1)(C2=CC=CC=C2)C3=CC=CC=C3.[Br-],C(COCCOCCO)O,0.25,265.15
tetrabutylazanium;bromide,2-aminoethanol,CCCC[N+](CCCC)(CCCC)CCCC.[Br-],NCCO,0.25,265.15
methyl(triphenyl)phosphanium;bromide,2-[2-(2-hydroxyethoxy)ethoxy]ethanol,C[P+](c1ccccc1)(c1ccccc1)c1ccccc1.[Br-],OCCOCCOCCO,0.25,264.9
menthol,cyclohexylpropionic acid,CC1CCC(C(C1)O)C(C)C,C1CCC(CC1)CCC(=O)O,0.502353669,264.78
lithium;nitrate,N-methylacetamide,O=[N+]([O-])[O-].[Li+],CNC(C)=O,0.244,264.676
"(1R,2S,5R)-5-methyl-2-propan-2-ylcyclohexan-1-ol",cyclohexanecarboxylic acid,CC(C)[C@@H]1CC[C@@H](C)C[C@H]1O,O=C(O)C1CCCCC1,0.5,264.22
2-hydroxyethyl(trimethyl)azanium;chloride,2-[2-(2-hydroxyethoxy)ethoxy]ethanol,C[N+](C)(C)CCO.[Cl-],OCCOCCOCCO,0.2,263.96
5-methyl-2-propan-2-ylphenol,"(1R,2S,5R)-5-methyl-2-propan-2-ylcyclohexan-1-ol",Cc1ccc(C(C)C)c(O)c1,CC(C)[C@@H]1CC[C@@H](C)C[C@H]1O,0.352,263.9
Tetrapropylammonium bromide,Triethylene glycol,CCC[N+](CCC)(CCC)CCC.[Br-],C(COCCOCCO)O,0.2,263.55
tetrapropylazanium;bromide,2-[2-(2-hydroxyethoxy)ethoxy]ethanol,CCC[N+](CCC)(CCC)CCC.[Br-],OCCOCCOCCO,0.2,263.55
Tetrabutylammonium chloride,Triethylene glycol,CCCC[N+](CCCC)(CCCC)CCCC.[Cl-],C(COCCOCCO)O,0.8,263.54
tetrabutylazanium;chloride,2-[2-(2-hydroxyethoxy)ethoxy]ethanol,CCCC[N+](CCCC)(CCCC)CCCC.[Cl-],OCCOCCOCCO,0.8,263.54
decanoic acid,decanol,CCCCCCCCCC(=O)O,CCCCCCCCCCO,0.251923138,263.21
2-hydroxyethyl(trimethyl)azanium;chloride,4-oxopentanoic acid,C[N+](C)(C)CCO.[Cl-],CC(=O)CCC(=O)O,0.166667,263.2
lithium;hexafluorophosphate,N-methylacetamide,F[P-](F)(F)(F)(F)F.[Li+],CNC(C)=O,0.119,263.165
lithium;hexafluorophosphate,N-methylacetamide,F[P-](F)(F)(F)(F)F.[Li+],CNC(C)=O,0.184,263.165
lithium;nitrate,N-methylacetamide,O=[N+]([O-])[O-].[Li+],CNC(C)=O,0.579,263.165
Butylammonium bromide,Glycerol,CCCCN.Br,C(C(CO)O)O,0.333333333,263.15
Ammonium thiocynate,Caprolactam,C(#N)S.N,C1CCC(=O)NCC1,0.25,263.15
2-methyl-5-propan-2-ylphenol,"(1R,2S,5R)-5-methyl-2-propan-2-ylcyclohexan-1-ol",Cc1ccc(C(C)C)cc1O,CC(C)[C@@H]1CC[C@@H](C)C[C@H]1O,0.7996,263.05
2-hydroxyethyl(trimethyl)azanium;chloride,4-oxopentanoic acid,C[N+](C)(C)CCO.[Cl-],CC(=O)CCC(=O)O,0.2,263
trioctylphosphine oxide,levulinic acid,CCCCCCCCP(=O)(CCCCCCCC)CCCCCCCC,CC(=O)CCC(=O)O,0.37604901,262.42
2-hydroxyethyl(trimethyl)azanium;chloride,"ethane-1,2-diol",C[N+](C)(C)CCO.[Cl-],OCCO,0.333,262.28
1-dioctylphosphoryloctane,phenol,CCCCCCCCP(=O)(CCCCCCCC)CCCCCCCC,Oc1ccccc1,0.5,262.15
"(1R,2S,5R)-5-methyl-2-propan-2-ylcyclohexan-1-ol",3-cyclohexylpropanoic acid,CC(C)[C@@H]1CC[C@@H](C)C[C@H]1O,O=C(O)CCC1CCCCC1,0.5,262.12
"(1R,2S,5R)-5-methyl-2-propan-2-ylcyclohexan-1-ol",3-cyclohexylpropanoic acid,CC(C)[C@@H]1CC[C@@H](C)C[C@H]1O,O=C(O)CCC1CCCCC1,0.5,262.1
Tetrabutylammonium hydrogen sulfate,1-Nonanol,CCCC[N+](CCCC)(CCCC)CCCC.OS(=O)(=O)[O-],CCCCCCCCCO,0.2,262.05
2-hydroxyethyl(trimethyl)azanium;chloride,4-oxopentanoic acid,C[N+](C)(C)CCO.[Cl-],CC(=O)CCC(=O)O,0.25,262
Tetrabutylammonium bromide,1-Nonanol,CCCC[N+](CCCC)(CCCC)CCCC.[Br-],CCCCCCCCCO,0.2,261.95
2-hydroxyethyl(trimethyl)azanium;chloride,"butane-1,4-diol",C[N+](C)(C)CCO.[Cl-],OCCCCO,0.34,261.71
Monoethanolamine hydrochloride,Ethyldiamine,C(CO)N.Cl,C(CN)N,0.5,261.65
tetrabutylazanium;chloride,decanoic acid,CCCC[N+](CCCC)(CCCC)CCCC.[Cl-],CCCCCCCCCC(=O)O,0.33,261.2
Tetrabutylammonium chloride,Decanoic acid,CCCC[N+](CCCC)(CCCC)CCCC.[Cl-],CCCCCCCCCC(=O)O,0.333333333,261.2
tetrabutylazanium;chloride,decanoic acid,CCCC[N+](CCCC)(CCCC)CCCC.[Cl-],CCCCCCCCCC(=O)O,0.333333,261.2
tetrabutylazanium;chloride,decanoic acid,CCCC[N+](CCCC)(CCCC)CCCC.[Cl-],CCCCCCCCCC(=O)O,0.3333,261.2
methyl(trioctyl)azanium;chloride,decanoic acid,CCCCCCCC[N+](C)(CCCCCCCC)CCCCCCCC.[Cl-],CCCCCCCCCC(=O)O,0.3333,261.2
Tetrapropylammonium bromide,Triethylene glycol,CCC[N+](CCC)(CCC)CCC.[Br-],C(COCCOCCO)O,0.285714286,261.15
tetrapropylazanium;bromide,2-[2-(2-hydroxyethoxy)ethoxy]ethanol,CCC[N+](CCC)(CCC)CCC.[Br-],OCCOCCOCCO,0.285714,261.15
Urea hydrochloride,Ethyldiamine,C(=O)(N)N.Cl,C(CN)N,0.25,260.65
tetrabutylazanium;chloride,2-[2-(2-hydroxyethoxy)ethoxy]ethanol,CCCC[N+](CCCC)(CCCC)CCCC.[Cl-],OCCOCCOCCO,0.75,260.46
Tetrabutylammonium chloride,Triethylene glycol,CCCC[N+](CCCC)(CCCC)CCCC.[Cl-],C(COCCOCCO)O,0.75,260.46
2-hydroxyethyl(trimethyl)azanium;chloride,2-[2-(2-hydroxyethoxy)ethoxy]ethanol,C[N+](C)(C)CCO.[Cl-],OCCOCCOCCO,0.167,260.46
Choline chloride,Phenol,C[N+](C)(C)CCO.[Cl-],C1=CC=C(C=C1)O,0.2,260.35
2-hydroxyethyl(trimethyl)azanium;chloride,phenol,C[N+](C)(C)CCO.[Cl-],Oc1ccccc1,0.2,260.2
"1,3,3-trimethyl-2-oxabicyclo[2.2.2]octane",2-[4-(2-methylpropyl)phenyl]propanoic acid,CC12CCC(CC1)C(C)(C)O2,CC(C)Cc1ccc(C(C)C(=O)O)cc1,0.6,260.15
5-methyl-2-propan-2-ylphenol,"(1R,2S,5R)-5-methyl-2-propan-2-ylcyclohexan-1-ol",Cc1ccc(C(C)C)c(O)c1,CC(C)[C@@H]1CC[C@@H](C)C[C@H]1O,0.549,260.022
butyl(trimethyl)azanium;chloride,butanoic acid,CCCC[N+](C)(C)C.[Cl-],CCCC(=O)O,0.2,260
tetrapropylazanium;bromide,"ethane-1,2-diol",CCC[N+](CCC)(CCC)CCC.[Br-],OCCO,0.25,259.85
tetrapropylazanium;chloride,"ethane-1,2-diol",CCC[N+](CCC)(CCC)CCC.[Cl-],OCCO,0.25,259.85
Tetrapropylammonium bromide,Ethylene glycol,CCC[N+](CCC)(CCC)CCC.[Br-],C(CO)O,0.25,259.85
decanol,10-undecenoic acid,CCCCCCCCCCO,C=CCCCCCCCCC(=O)O,0.687046452,259.83
"1,7,7-trimethylbicyclo[2.2.1]heptan-2-one",5-methyl-2-propan-2-ylphenol,CC12CCC(CC1=O)C2(C)C,Cc1ccc(C(C)C)c(O)c1,0.826,259.788
5-methyl-2-propan-2-ylphenol,"(1R,2S,5R)-5-methyl-2-propan-2-ylcyclohexan-1-ol",Cc1ccc(C(C)C)c(O)c1,CC(C)[C@@H]1CC[C@@H](C)C[C@H]1O,0.354,259.498
"2-Acetyloxy-N,N,N-trimethylethanaminium chloride",Urea,CC(=O)OCC[N+](C)(C)C.[Cl-],C(=O)(N)N,0.333333333,259.3
2-acetyloxyethyl(trimethyl)azanium;chloride,urea,CC(=O)OCC[N+](C)(C)C.[Cl-],NC(N)=O,0.3333,259.15
2-acetyloxyethyl(trimethyl)azanium;chloride,urea,CC(=O)OCC[N+](C)(C)C.[Cl-],NC(N)=O,0.67,259.15
2-hydroxyethyl(trimethyl)azanium;chloride,2-[2-(2-hydroxyethoxy)ethoxy]ethanol,C[N+](C)(C)CCO.[Cl-],OCCOCCOCCO,0.143,258.77
Tetrapropylammonium bromide,Glycerol,CCC[N+](CCC)(CCC)CCC.[Br-],C(C(CO)O)O,0.333333333,258.15
Trimethylglycine,Thymol,C[N+](C)(C)CC(=O)[O-],CC1=CC(=C(C=C1)C(C)C)O,0.75,258.15
tetrapropylazanium;bromide,"propane-1,2,3-triol",CCC[N+](CCC)(CCC)CCC.[Br-],OCC(O)CO,0.333333,258.15
2-(trimethylazaniumyl)acetate,5-methyl-2-propan-2-ylphenol,C[N+](C)(C)CC(=O)[O-],Cc1ccc(C(C)C)c(O)c1,0.25,258.15
2-(trimethylazaniumyl)acetate,2-hydroxyacetic acid,C[N+](C)(C)CC(=O)[O-],O=C(O)CO,0.5,257.99
5-methyl-2-propan-2-ylphenol,decan-1-ol,Cc1ccc(C(C)C)c(O)c1,CCCCCCCCCCO,0.6667,257.91
tetrabutylazanium;bromide,2-aminoethanol,CCCC[N+](CCCC)(CCCC)CCCC.[Br-],NCCO,0.166667,257.6
Monoethanolamine hydrochloride,Ethyldiamine,C(CO)N.Cl,C(CN)N,0.333333333,257.45
Ninhydrin,1-Nonanol,C1=CC=C2C(=C1)C(=O)C(C2=O)(O)O,CCCCCCCCCO,0.25,257.45
Zinc chloride,Acetamide,[Cl-].[Cl-].[Zn+2],CC(=O)N,0.2,257.15
zinc;dichloride,acetamide,[Cl-].[Cl-].[Zn+2],CC(N)=O,0.2,257.15
Choline chloride,Benzoic acid,C[N+](C)(C)CCO.[Cl-],C1=CC=C(C=C1)C(=O)O,0.5,257.09
Tetrapropylammonium bromide,Glycerol,CCC[N+](CCC)(CCC)CCC.[Br-],C(C(CO)O)O,0.25,257.05
tetrapropylazanium;bromide,"propane-1,2,3-triol",CCC[N+](CCC)(CCC)CCC.[Br-],OCC(O)CO,0.25,257.05
Monoethanolamine hydrochloride,Ethyldiamine,C(CO)N.Cl,C(CN)N,0.2,257.05
Triethanolamine hydrochloride,Ethyldiamine,C(CO)N(CCO)CCO.Cl,C(CN)N,0.25,256.85
Triethanolamine hydrochloride,Ethyldiamine,C(CO)N(CCO)CCO.Cl,C(CN)N,0.25,256.75
"N,N-Diethylenethanolammonium chloride",Triethylene glycol,CC(C)(C)NCCO.Cl ,C(COCCOCCO)O,0.2,256.56
Tetraheptylammonium chloride,Decanoic acid,CCCCCCC[N+](CCCCCCC)(CCCCCCC)CCCCCCC.[Cl-],CCCCCCCCCC(=O)O,0.333333333,256.5
tetraheptylazanium;chloride,decanoic acid,CCCCCCC[N+](CCCCCCC)(CCCCCCC)CCCCCCC.[Cl-],CCCCCCCCCC(=O)O,0.33,256.5
tetraheptylazanium;chloride,decanoic acid,CCCCCCC[N+](CCCCCCC)(CCCCCCC)CCCCCCC.[Cl-],CCCCCCCCCC(=O)O,0.3333,256.5
Zinc chloride,"1,2-diethanediol",[Cl-].[Cl-].[Zn+2],C(CO)O,0.142857143,256.45
zinc;dichloride,"ethane-1,2-diol",[Cl-].[Cl-].[Zn+2],OCCO,0.142857,256.45
tetrabutylazanium;chloride,"ethane-1,2-diol",CCCC[N+](CCCC)(CCCC)CCCC.[Cl-],OCCO,0.2,256.31
Tetrabutylammonium chloride,Ethylene glycol,CCCC[N+](CCCC)(CCCC)CCCC.[Cl-],C(CO)O,0.2,256.31
Monoethanolamine hydrochloride,Ethyldiamine,C(CO)N.Cl,C(CN)N,0.25,256.25
(3R)-3-hydroxy-4-(trimethylazaniumyl)butanoate,"1,1,1,3,3,3-hexafluoropropan-2-ol",C[N+](C)(C)C[C@H](O)CC(=O)[O-],OC(C(F)(F)F)C(F)(F)F,0.25,255.95
tetrapropylazanium;bromide,"ethane-1,2-diol",CCC[N+](CCC)(CCC)CCC.[Br-],OCCO,0.166667,255.65
Tetrapropylammonium bromide,Ethylene glycol,CCC[N+](CCC)(CCC)CCC.[Br-],C(CO)O,0.166666667,255.65
tetrapropylazanium;chloride,"ethane-1,2-diol",CCC[N+](CCC)(CCC)CCC.[Cl-],OCCO,0.166667,255.65
2-hydroxyethyl(trimethyl)azanium;chloride,phenol,C[N+](C)(C)CCO.[Cl-],Oc1ccccc1,0.167,255.6
tetrabutylazanium;bromide,2-aminoethanol,CCCC[N+](CCCC)(CCCC)CCCC.[Br-],NCCO,0.2,255.45
"(1R,2S,5R)-5-methyl-2-propan-2-ylcyclohexan-1-ol",decan-1-ol,CC(C)[C@@H]1CC[C@@H](C)C[C@H]1O,CCCCCCCCCCO,0.6667,255.23
butyl(trimethyl)azanium;chloride,butanoic acid,CCCC[N+](C)(C)C.[Cl-],CCCC(=O)O,0.3333,255.19
tetrabutylazanium;bromide,propanedioic acid,CCCC[N+](CCCC)(CCCC)CCCC.[Br-],O=C(O)CC(=O)O,0.5,255.17
Methyltriphenylphosphonium bromide,Triethylene glycol,C[P+](C1=CC=CC=C1)(C2=CC=CC=C2)C3=CC=CC=C3.[Br-],C(COCCOCCO)O,0.2,254.98
tetrabutylazanium;bromide,acetic acid,CCCC[N+](CCCC)(CCCC)CCCC.[Br-],CC(=O)O,0.5,254.7
(3R)-3-hydroxy-4-(trimethylazaniumyl)butanoate,"1,1,1,3,3,3-hexafluoropropan-2-ol",C[N+](C)(C)C[C@H](O)CC(=O)[O-],OC(C(F)(F)F)C(F)(F)F,0.3333,254.45
methyl(triphenyl)phosphanium;bromide,2-[2-(2-hydroxyethoxy)ethoxy]ethanol,C[P+](c1ccccc1)(c1ccccc1)c1ccccc1.[Br-],OCCOCCOCCO,0.2,254.3
tetrabutylazanium;bromide,propanoic acid,CCCC[N+](CCCC)(CCCC)CCCC.[Br-],CCC(=O)O,0.5,254.01
Tetrapropylammonium bromide,Triethylene glycol,CCC[N+](CCC)(CCC)CCC.[Br-],C(COCCOCCO)O,0.25,253.95
tetrapropylazanium;bromide,2-[2-(2-hydroxyethoxy)ethoxy]ethanol,CCC[N+](CCC)(CCC)CCC.[Br-],OCCOCCOCCO,0.25,253.95
Benzyltriphenylphosphonium chloride,Triethylene glycol,C1=CC=C(C=C1)C[P+](C2=CC=CC=C2)(C3=CC=CC=C3)C4=CC=CC=C4.[Cl-],C(COCCOCCO)O,0.111111111,253.66
Allyltriphenylphosphonium bromide,Triethylene glycol,C=CC[P+](C1=CC=CC=C1)(C2=CC=CC=C2)C3=CC=CC=C3.[Br-],C(COCCOCCO)O,0.090909091,253.63
triphenyl(prop-2-enyl)phosphanium;bromide,2-[2-(2-hydroxyethoxy)ethoxy]ethanol,C=CC[P+](c1ccccc1)(c1ccccc1)c1ccccc1.[Br-],OCCOCCOCCO,0.0909,253.63
2-hydroxyethyl(trimethyl)azanium;chloride,"ethane-1,2-diol",C[N+](C)(C)CCO.[Cl-],OCCO,0.104,253.524
bis(trifluoromethylsulfonyl)azanide;trimethylsulfanium,formamide,C[S+](C)C.O=S(=O)([N-]S(=O)(=O)C(F)(F)F)C(F)(F)F,NC=O,0.2857,253.5205
Choline chloride,Phenol,C[N+](C)(C)CCO.[Cl-],C1=CC=C(C=C1)O,0.25,253.25
didodecyl(dimethyl)azanium;chloride,5-methyl-2-propan-2-ylphenol,CCCCCCCCCCCC[N+](C)(C)CCCCCCCCCCCC.[Cl-],Cc1ccc(C(C)C)c(O)c1,0.3333,253.15
2-hydroxyethyl(trimethyl)azanium;chloride,phenol,C[N+](C)(C)CCO.[Cl-],Oc1ccccc1,0.25,253.1
butyl(trimethyl)azanium;chloride,butanoic acid,CCCC[N+](C)(C)C.[Cl-],CCCC(=O)O,0.25,252.94
lithium;nitrate,N-methylacetamide,O=[N+]([O-])[O-].[Li+],CNC(C)=O,0.277,252.59
Methyltriphenylphosphonium bromide,Triethylene glycol,C[P+](C1=CC=CC=C1)(C2=CC=CC=C2)C3=CC=CC=C3.[Br-],C(COCCOCCO)O,0.158730159,251.81
"N,N-Diethylenethanolammonium chloride",Ethylene glycol,CC(C)(C)NCCO.Cl ,C(CO)O,0.166666667,251.63
"N,N-Diethylenethanolammonium chloride",Ethylene glycol,CC(C)(C)NCCO.Cl ,C(CO)O,0.2,251.63
methyl(triphenyl)phosphanium;bromide,2-[2-(2-hydroxyethoxy)ethoxy]ethanol,C[P+](c1ccccc1)(c1ccccc1)c1ccccc1.[Br-],OCCOCCOCCO,0.1667,251.6
methyl(triphenyl)phosphanium;bromide,2-[2-(2-hydroxyethoxy)ethoxy]ethanol,C[P+](c1ccccc1)(c1ccccc1)c1ccccc1.[Br-],OCCOCCOCCO,0.166667,251.6
methyl(triphenyl)phosphanium;bromide,2-[2-(2-hydroxyethoxy)ethoxy]ethanol,C[P+](c1ccccc1)(c1ccccc1)c1ccccc1.[Br-],OCCOCCOCCO,0.16,251.6
diethyl(2-hydroxyethyl)azanium;chloride,"ethane-1,2-diol",CC[NH+](CC)CCO.[Cl-],OCCO,0.2,251.48
2-hydroxyethyl(trimethyl)azanium;chloride,2-methylphenol,C[N+](C)(C)CCO.[Cl-],Cc1ccccc1O,0.166,251.4
"1,7,7-trimethylbicyclo[2.2.1]heptan-2-one",5-methyl-2-propan-2-ylphenol,CC12CCC(CC1=O)C2(C)C,Cc1ccc(C(C)C)c(O)c1,0.756,251.167
2-hydroxyethyl(trimethyl)azanium;chloride,"propane-1,2,3-triol",C[N+](C)(C)CCO.[Cl-],OCC(O)CO,0.198,251.081
lithium;hexafluorophosphate,N-methylacetamide,F[P-](F)(F)(F)(F)F.[Li+],CNC(C)=O,0.177,251.079
"N,N-Diethylenethanolammonium chloride",Ethylene glycol,CC(C)(C)NCCO.Cl ,C(CO)O,0.25,251.05
tetrabutylazanium;bromide,oxalic acid,CCCC[N+](CCCC)(CCCC)CCCC.[Br-],O=C(O)C(=O)O,0.5,250.99
diethyl(2-hydroxyethyl)azanium;chloride,"ethane-1,2-diol",CC[NH+](CC)CCO.[Cl-],OCCO,0.25,250.9
lithium;bis(trifluoromethylsulfonyl)azanide,"ethane-1,2-diol",O=S(=O)([N-]S(=O)(=O)C(F)(F)F)C(F)(F)F.[Li+],OCCO,0.3333,250.721
2-hydroxyethyl(trimethyl)azanium;chloride,2-methylphenol,C[N+](C)(C)CCO.[Cl-],Cc1ccccc1O,0.203,250.3
decanol,octanoic acid,CCCCCCCCCCO,CCCCCCCC(=O)O,0.463433145,250.16
Zinc chloride,"1,6-hexanediol",[Cl-].[Cl-].[Zn+2],C(CCCO)CCO,0.25,250.15
lithium;bis(trifluoromethylsulfonyl)azanide,"ethane-1,2-diol",O=S(=O)([N-]S(=O)(=O)C(F)(F)F)C(F)(F)F.[Li+],OCCO,0.2,249.864
tetrapropylazanium;bromide,"ethane-1,2-diol",CCC[N+](CCC)(CCC)CCC.[Br-],OCCO,0.2,249.75
tetrapropylazanium;chloride,"ethane-1,2-diol",CCC[N+](CCC)(CCC)CCC.[Cl-],OCCO,0.2,249.75
Tetrapropylammonium bromide,Ethylene glycol,CCC[N+](CCC)(CCC)CCC.[Br-],C(CO)O,0.2,249.75
lithium;nitrate,N-methylacetamide,O=[N+]([O-])[O-].[Li+],CNC(C)=O,0.572,249.568
2-hydroxyethyl(trimethyl)azanium;chloride,"ethane-1,2-diol",C[N+](C)(C)CCO.[Cl-],OCCO,0.184,249.559
Choline chloride,O-cresol,C[N+](C)(C)CCO.[Cl-],CC1=CC=CC=C1O,0.2,249.55
Choline chloride,O-cresol,C[N+](C)(C)CCO.[Cl-],CC1=CC=CC=C1O,0.25,249.4
2-hydroxyethyl(trimethyl)azanium;chloride,2-methylphenol,C[N+](C)(C)CCO.[Cl-],Cc1ccccc1O,0.25,249.4
triphenyl(prop-2-enyl)phosphanium;bromide,"propane-1,2,3-triol",C=CC[P+](c1ccccc1)(c1ccccc1)c1ccccc1.[Br-],OCC(O)CO,0.0667,249.39
tetrabutylazanium;bromide,"propane-1,2,3-triol",CCCC[N+](CCCC)(CCCC)CCCC.[Br-],OCC(O)CO,0.2,249.09
2-hydroxyethyl(trimethyl)azanium;chloride,"butane-1,4-diol",C[N+](C)(C)CCO.[Cl-],OCCCCO,0.28,249.07
Tetraethylammonium bromide,Pyrogallol,CC[N+](CC)(CC)CC.[Br-],C1=CC(=C(C(=C1)O)O)O,0.333333333,248.85
zinc;dichloride,"ethane-1,2-diol",[Cl-].[Cl-].[Zn+2],OCCO,0.166667,248.72
Zinc chloride,"1,2-diethanediol",[Cl-].[Cl-].[Zn+2],C(CO)O,0.166666667,248.72
zinc;dichloride,"ethane-1,2-diol",[Cl-].[Cl-].[Zn+2],OCCO,0.25,248.42
Zinc chloride,"1,2-diethanediol",[Cl-].[Cl-].[Zn+2],C(CO)O,0.25,248.42
2-(trimethylazaniumyl)acetate,2-hydroxyacetic acid,C[N+](C)(C)CC(=O)[O-],O=C(O)CO,0.4,248.31
Decyltrimethylammonium bromide,Hexafluoroisopropanol,CCCCCCCCCC[N+](C)(C)C.[Br-],C(C(F)(F)F)(C(F)(F)F)O,0.333333333,248.25
tetrabutylazanium;bromide,"ethane-1,2-diol",CCCC[N+](CCCC)(CCCC)CCCC.[Br-],OCCO,0.3333,248.22
tetrabutylazanium;bromide,"ethane-1,2-diol",CCCC[N+](CCCC)(CCCC)CCCC.[Br-],OCCO,0.33,248.22
5-methyl-2-propan-2-ylphenol,"(1R,2S,5R)-5-methyl-2-propan-2-ylcyclohexan-1-ol",Cc1ccc(C(C)C)c(O)c1,CC(C)[C@@H]1CC[C@@H](C)C[C@H]1O,0.5,247.95
2-hydroxyethyl(trimethyl)azanium;chloride,"ethane-1,2-diol",C[N+](C)(C)CCO.[Cl-],OCCO,0.303,247.577
menthol,borneol,CC1CCC(C(C1)O)C(C)C,CC1(C2CCC1(C(C2)O)C)C,0.705291762,247.22
lithium;bis(trifluoromethylsulfonyl)azanide,"ethane-1,2-diol",O=S(=O)([N-]S(=O)(=O)C(F)(F)F)C(F)(F)F.[Li+],OCCO,0.25,247.007
2-(trimethylazaniumyl)acetate,2-hydroxyacetic acid,C[N+](C)(C)CC(=O)[O-],O=C(O)CO,0.3,246.38
"1H-Imidazolium, 3-[2-[(1R,5S)-6,6-dimethylbicyclo[3.1.1]hept-2-en-2-yl]ethyl]-1-methyl-, methanesulfonate (1:1) (ACI)",4-oxopentanoic acid,CS(=O)(=O)[O-].Cn1cc[n+](CCC2=CC[C@H]3C[C@@H]2C3(C)C)c1,CC(=O)CCC(=O)O,0.186,246.377
"2-(diethylamino)-N-(2,6-dimethylphenyl)acetamide",2-[4-(2-methylpropyl)phenyl]propanoic acid,CCN(CC)CC(=O)Nc1c(C)cccc1C,CC(C)Cc1ccc(C(C)C(=O)O)cc1,0.5,246.15
benzyl(tripropyl)azanium;chloride,2-hydroxypropanoic acid,CCC[N+](CCC)(CCC)Cc1ccccc1.[Cl-],CC(O)C(=O)O,0.496,244.961
"1,7,7-trimethylbicyclo[2.2.1]heptan-2-one",5-methyl-2-propan-2-ylphenol,CC12CCC(CC1=O)C2(C)C,Cc1ccc(C(C)C)c(O)c1,0.679,244.702
2-methyl-5-propan-2-ylphenol,"(1R,2S,5R)-5-methyl-2-propan-2-ylcyclohexan-1-ol",Cc1ccc(C(C)C)cc1O,CC(C)[C@@H]1CC[C@@H](C)C[C@H]1O,0.6019,244.25
Dodecyltrimethylammonium bromide,Hexafluoroisopropanol,CCCCCCCCCCCC[N+](C)(C)C.[Br-],C(C(F)(F)F)(C(F)(F)F)O,0.333333333,244.15
2-methyl-5-propan-2-ylphenol,"(1R,2S,5R)-5-methyl-2-propan-2-ylcyclohexan-1-ol",Cc1ccc(C(C)C)cc1O,CC(C)[C@@H]1CC[C@@H](C)C[C@H]1O,0.5038,244.05
2-methyl-5-propan-2-ylphenol,"(1R,2S,5R)-5-methyl-2-propan-2-ylcyclohexan-1-ol",Cc1ccc(C(C)C)cc1O,CC(C)[C@@H]1CC[C@@H](C)C[C@H]1O,0.6943,243.55
lithium;hexafluorophosphate,N-methylacetamide,F[P-](F)(F)(F)(F)F.[Li+],CNC(C)=O,0.167,243.525
lithium;nitrate,N-methylacetamide,O=[N+]([O-])[O-].[Li+],CNC(C)=O,0.307,243.525
2-methyl-5-propan-2-ylphenol,"(1R,2S,5R)-5-methyl-2-propan-2-ylcyclohexan-1-ol",Cc1ccc(C(C)C)cc1O,CC(C)[C@@H]1CC[C@@H](C)C[C@H]1O,0.58,243.3
Zinc chloride,Ethylene glycol,[Cl-].[Cl-].[Zn+2],C(CO)O,0.2,243.15
Tetrabutylammonium hydrogen sulfate,Ninhydrin,CCCC[N+](CCCC)(CCCC)CCCC.OS(=O)(=O)[O-],C1=CC=C2C(=C1)C(=O)C(C2=O)(O)O,0.588235294,243.15
Zirconyl chloride octahydrate,Urea,O.O.O.O.O.O.O.O.[O-2].[Cl-].[Cl-].[Zr+4],C(=O)(N)N,0.166666667,243.15
2-hydroxyethyl(trimethyl)azanium;chloride,"2,2,2-trifluoroacetamide",C[N+](C)(C)CCO.[Cl-],NC(=O)C(F)(F)F,0.333,243.14
Tetrabutylammonium chloride,Ethylene glycol,CCCC[N+](CCCC)(CCCC)CCCC.[Cl-],C(CO)O,0.333333333,243.02
ChCl,phenol,C[N+](C)(C)CCO.[Cl-],C1=CC=C(C=C1)O,0.227439199,243.02
tetrabutylazanium;chloride,"ethane-1,2-diol",CCCC[N+](CCCC)(CCCC)CCCC.[Cl-],OCCO,0.333333,243.02
2-hydroxyethyl(trimethyl)azanium;chloride,"2,2,2-trifluoroacetamide",C[N+](C)(C)CCO.[Cl-],NC(=O)C(F)(F)F,0.33,243
Tetrapropylammonium bromide,Pyrogallol,CCC[N+](CCC)(CCC)CCC.[Br-],C1=CC(=C(C(=C1)O)O)O,0.5,242.62
"N,N-Diethylenethanolammonium chloride",Ethylene glycol,CC(C)(C)NCCO.Cl ,C(CO)O,0.333333333,242.3
tetrabutylazanium;chloride,"ethane-1,2-diol",CCCC[N+](CCCC)(CCCC)CCCC.[Cl-],OCCO,0.25,242.27
Tetrabutylammonium chloride,Ethylene glycol,CCCC[N+](CCCC)(CCCC)CCCC.[Cl-],C(CO)O,0.25,242.27
diethyl(2-hydroxyethyl)azanium;chloride,"ethane-1,2-diol",CC[NH+](CC)CCO.[Cl-],OCCO,0.333333,242.15
"(E)-1-N'-[2-[[5-[(dimethylamino)methyl]furan-2-yl]methylsulfanyl]ethyl]-1-N-methyl-2-nitroethene-1,1-diamine",urea,CN/C(=C\[N+](=O)[O-])NCCSCc1ccc(CN(C)C)o1,NC(N)=O,0.67,242.15
diethyl(2-hydroxyethyl)azanium;chloride,"ethane-1,2-diol",CC[NH+](CC)CCO.[Cl-],OCCO,0.3333,242.15
Zinc chloride,"1,2-diethanediol",[Cl-].[Cl-].[Zn+2],C(CO)O,0.2,242.02
zinc;dichloride,"ethane-1,2-diol",[Cl-].[Cl-].[Zn+2],OCCO,0.2,242.02
2-hydroxyethyl(trimethyl)azanium;chloride,"ethane-1,2-diol",C[N+](C)(C)CCO.[Cl-],OCCO,0.398,241.63
methyl(triphenyl)phosphanium;bromide,"2,2,2-trifluoroacetamide",C[P+](c1ccccc1)(c1ccccc1)c1ccccc1.[Br-],NC(=O)C(F)(F)F,0.25,241.36
Choline chloride,"1,4-butanediol",C[N+](C)(C)CCO.[Cl-],C(CCO)CO,0.25,241.15
2-hydroxyethyl(trimethyl)azanium;chloride,"butane-1,4-diol",C[N+](C)(C)CCO.[Cl-],OCCCCO,0.25,241.15
[N2222]Cl,glutaric acid,CC[N+](CC)(CC)CC.[Cl-],C(CC(=O)O)CC(=O)O,0.531440752,240.97
lithium;nitrate,N-methylacetamide,O=[N+]([O-])[O-].[Li+],CNC(C)=O,0.56,240.504
2-hydroxyethyl(trimethyl)azanium;chloride,"propane-1,2,3-triol",C[N+](C)(C)CCO.[Cl-],OCC(O)CO,0.25,240.5
Choline chloride,Glycerol,C[N+](C)(C)CCO.[Cl-],C(C(CO)O)O,0.25,240.5
ChCl,ethylene glycol,C[N+](C)(C)CCO.[Cl-],C(CO)O,0.3744988,240.23
1-dioctylphosphoryloctane,phenol,CCCCCCCCP(=O)(CCCCCCCC)CCCCCCCC,Oc1ccccc1,0.3333,240.15
benzyl-(2-hydroxyethyl)-dimethylazanium;chloride,urea,C[N+](C)(CCO)Cc1ccccc1.[Cl-],NC(N)=O,0.3333,240.15
"1,7,7-trimethylbicyclo[2.2.1]heptan-2-one",5-methyl-2-propan-2-ylphenol,CC12CCC(CC1=O)C2(C)C,Cc1ccc(C(C)C)c(O)c1,0.3,240.15
Choline chloride,Ethylene glycol,C[N+](C)(C)CCO.[Cl-],C(CO)O,0.36,239.98
2-(trimethylazaniumyl)acetate,"1,1,1,3,3,3-hexafluoropropan-2-ol",C[N+](C)(C)CC(=O)[O-],OC(C(F)(F)F)C(F)(F)F,0.2857,239.85
Tetradecyltrimethylammonium bromide,Hexafluoroisopropanol,CCCCCCCCCCCCCC[N+](C)(C)C.[Br-],C(C(F)(F)F)(C(F)(F)F)O,0.333333333,239.75
2-hydroxyethyl(trimethyl)azanium;chloride,furan-2-ylmethanol,C[N+](C)(C)CCO.[Cl-],OCc1ccco1,0.166667,239.4
2-hydroxyethyl(trimethyl)azanium;chloride,furan-2-ylmethanol,C[N+](C)(C)CCO.[Cl-],OCc1ccco1,0.2,238.6
2-(trimethylazaniumyl)acetate,"1,1,1,3,3,3-hexafluoropropan-2-ol",C[N+](C)(C)CC(=O)[O-],OC(C(F)(F)F)C(F)(F)F,0.25,238.45
butyl(trimethyl)azanium;chloride,pentanoic acid,CCCC[N+](C)(C)C.[Cl-],CCCCC(=O)O,0.2,238.26
"1,7,7-trimethylbicyclo[2.2.1]heptan-2-one",5-methyl-2-propan-2-ylphenol,CC12CCC(CC1=O)C2(C)C,Cc1ccc(C(C)C)c(O)c1,0.399,238.236
butyl(trimethyl)azanium;chloride,pentanoic acid,CCCC[N+](C)(C)C.[Cl-],CCCCC(=O)O,0.25,238.19
benzyl-(2-hydroxyethyl)-dimethylazanium;chloride,urea,C[N+](C)(CCO)Cc1ccccc1.[Cl-],NC(N)=O,0.67,238.15
butyl(trimethyl)azanium;chloride,pentanoic acid,CCCC[N+](C)(C)C.[Cl-],CCCCC(=O)O,0.3333,237.84
2-hydroxyethyl(trimethyl)azanium;chloride,"ethane-1,2-diol",C[N+](C)(C)CCO.[Cl-],OCCO,0.167,237.71
zinc;bis(trifluoromethylsulfonyl)azanide,acetamide,O=S(=O)([N-]S(=O)(=O)C(F)(F)F)C(F)(F)F.O=S(=O)([N-]S(=O)(=O)C(F)(F)F)C(F)(F)F.[Zn+2],CC(N)=O,0.2,237.45
2-hydroxyethyl(trimethyl)azanium;chloride,furan-2-ylmethanol,C[N+](C)(C)CCO.[Cl-],OCc1ccco1,0.25,237.4
2-(trimethylazaniumyl)acetate,2-hydroxyacetic acid,C[N+](C)(C)CC(=O)[O-],O=C(O)CO,0.333,237.15
Trimethylglycine,Glycolic acid,C[N+](C)(C)CC(=O)[O-],C(C(=O)O)O,0.666666667,237.15
ChCl,o-cresol,C[N+](C)(C)CCO.[Cl-],CC1=CC=CC=C1O,0.228862174,237.06
octanoic acid,octanol,CCCCCCCC(=O)O,CCCCCCCCO,0.268747872,237.04
2-hydroxyethyl(trimethyl)azanium;chloride,"propane-1,2,3-triol",C[N+](C)(C)CCO.[Cl-],OCC(O)CO,0.333,237
zinc;bis(trifluoromethylsulfonyl)azanide,acetamide,O=S(=O)([N-]S(=O)(=O)C(F)(F)F)C(F)(F)F.O=S(=O)([N-]S(=O)(=O)C(F)(F)F)C(F)(F)F.[Zn+2],CC(N)=O,0.1667,236.95
2-hydroxyethyl(trimethyl)azanium;chloride,"ethane-1,2-diol",C[N+](C)(C)CCO.[Cl-],OCCO,0.2,236.71
1-dioctylphosphoryloctane,phenol,CCCCCCCCP(=O)(CCCCCCCC)CCCCCCCC,Oc1ccccc1,0.4,236.65
(3R)-3-hydroxy-4-(trimethylazaniumyl)butanoate,"1,1,1,3,3,3-hexafluoropropan-2-ol",C[N+](C)(C)C[C@H](O)CC(=O)[O-],OC(C(F)(F)F)C(F)(F)F,0.2857,236.65
"1,7,7-trimethylbicyclo[2.2.1]heptan-2-one",5-methyl-2-propan-2-ylphenol,CC12CCC(CC1=O)C2(C)C,Cc1ccc(C(C)C)c(O)c1,0.4,236.15
lithium;bis(trifluoromethylsulfonyl)azanide,urea,O=S(=O)([N-]S(=O)(=O)C(F)(F)F)C(F)(F)F.[Li+],NC(N)=O,0.2174,235.55
ethyl-(2-hydroxyethyl)-dimethylazanium;chloride,urea,CC[N+](C)(C)CCO.[Cl-],NC(N)=O,0.3333,235.15
azanium;thiocyanate,"propane-1,2,3-triol",N#C[S-].[NH4+],OCC(O)CO,0.4,234.5
2-(trimethylazaniumyl)acetate,"1,1,1,3,3,3-hexafluoropropan-2-ol",C[N+](C)(C)CC(=O)[O-],OC(C(F)(F)F)C(F)(F)F,0.3333,233.75
Choline chloride,Hexafluoroisopropanol,C[N+](C)(C)CCO.[Cl-],C(C(F)(F)F)(C(F)(F)F)O,0.4,233.15
lithium;nitrate,N-methylacetamide,O=[N+]([O-])[O-].[Li+],CNC(C)=O,0.328,232.95
Tetrabutylammonium bromide,Pyrogallol,CCCC[N+](CCCC)(CCCC)CCCC.[Br-],C1=CC(=C(C(=C1)O)O)O,0.5,232.75
tetrabutylazanium;chloride,"propane-1,2,3-triol",CCCC[N+](CCCC)(CCCC)CCCC.[Cl-],OCC(O)CO,0.25,231.51
Tetrabutylammonium chloride,Glycerol,CCCC[N+](CCCC)(CCCC)CCCC.[Cl-],C(C(CO)O)O,0.25,231.51
lithium;nitrate,N-methylacetamide,O=[N+]([O-])[O-].[Li+],CNC(C)=O,0.547,231.439
Tetrabutylammonium chloride,Glycerol,CCCC[N+](CCCC)(CCCC)CCCC.[Cl-],C(C(CO)O)O,0.2,230.54
tetrabutylazanium;chloride,"propane-1,2,3-triol",CCCC[N+](CCCC)(CCCC)CCCC.[Cl-],OCC(O)CO,0.2,230.54
Tetrabutylammonium chloride,Glycerol,CCCC[N+](CCCC)(CCCC)CCCC.[Cl-],C(C(CO)O)O,0.166666667,230.37
tetrabutylazanium;chloride,"propane-1,2,3-triol",CCCC[N+](CCCC)(CCCC)CCCC.[Cl-],OCC(O)CO,0.1667,230.37
tetrabutylazanium;chloride,"propane-1,2,3-triol",CCCC[N+](CCCC)(CCCC)CCCC.[Cl-],OCC(O)CO,0.166667,230.37
methyl(triphenyl)phosphanium;bromide,"ethane-1,2-diol",C[P+](c1ccccc1)(c1ccccc1)c1ccccc1.[Br-],OCCO,0.333333,230.03
thymol,camphor,CC1=CC(=C(C=C1)C(C)C)O,CC1(C2CCC1(C(=O)C2)C)C,0.494436372,229.83
"1,7,7-trimethylbicyclo[2.2.1]heptan-2-one",5-methyl-2-propan-2-ylphenol,CC12CCC(CC1=O)C2(C)C,Cc1ccc(C(C)C)c(O)c1,0.508,229.616
menthol,camphor,CC1CCC(C(C1)O)C(C)C,CC1(C2CCC1(C(=O)C2)C)C,0.552102963,229.25
Thymol,Camphor,CC1=CC(=C(C=C1)C(C)C)O,CC1(C2CCC1(C(=O)C2)C)C,0.5,229.15
"1,7,7-trimethylbicyclo[2.2.1]heptan-2-one",5-methyl-2-propan-2-ylphenol,CC12CCC(CC1=O)C2(C)C,Cc1ccc(C(C)C)c(O)c1,0.5,229.15
2-hydroxyethyl(trimethyl)azanium;chloride,"2,2,2-trifluoroacetamide",C[N+](C)(C)CCO.[Cl-],NC(=O)C(F)(F)F,0.29,229
"2-(diethylamino)ethyl 2,2-diphenylacetate;hydrochloride",urea,[Cl-].CC[NH+](CC)CCOC(=O)C(c1ccccc1)c1ccccc1,NC(N)=O,0.67,228.15
Choline chloride,Trifluoroacetamide,C[N+](C)(C)CCO.[Cl-],C(=O)(C(F)(F)F)N,0.285714286,228.15
ChCl,glycerol,C[N+](C)(C)CCO.[Cl-],C(C(CO)O)O,0.350382048,227.49
Methyltriphenylphosphonium bromide,Ethylene glycol,C[P+](C1=CC=CC=C1)(C2=CC=CC=C2)C3=CC=CC=C3.[Br-],C(CO)O,0.25,227.05
methyl(triphenyl)phosphanium;bromide,"ethane-1,2-diol",C[P+](c1ccccc1)(c1ccccc1)c1ccccc1.[Br-],OCCO,0.25,226.9
benzyl(tripropyl)azanium;chloride,2-hydroxypropanoic acid,CCC[N+](CCC)(CCC)Cc1ccccc1.[Cl-],CC(O)C(=O)O,0.331,226.357
azanium;thiocyanate,"ethane-1,2-diol",N#C[S-].[NH4+],OCCO,0.25,225.7
lithium;hexafluorophosphate,N-methylacetamide,F[P-](F)(F)(F)(F)F.[Li+],CNC(C)=O,0.158,225.396
Methyltriphenylphosphonium bromide,Ethylene glycol,C[P+](C1=CC=CC=C1)(C2=CC=CC=C2)C3=CC=CC=C3.[Br-],C(CO)O,0.158730159,224.75
Methyltriphenylphosphonium bromide,Triethylene glycol,C[P+](C1=CC=CC=C1)(C2=CC=CC=C2)C3=CC=CC=C3.[Br-],C(COCCOCCO)O,0.166666667,224.75
Methyltriphenylphosphonium bromide,Ethylene glycol,C[P+](C1=CC=CC=C1)(C2=CC=CC=C2)C3=CC=CC=C3.[Br-],C(CO)O,0.166666667,224.75
methyl(triphenyl)phosphanium;bromide,"ethane-1,2-diol",C[P+](c1ccccc1)(c1ccccc1)c1ccccc1.[Br-],OCCO,0.166667,224.6
Dodecyltrimethylammonium bromide,Pyrogallol,CCCCCCCCCCCC[N+](C)(C)C.[Br-],C1=CC(=C(C(=C1)O)O)O,0.333333333,224.05
methyl(triphenyl)phosphanium;bromide,"2,2,2-trifluoroacetamide",C[P+](c1ccccc1)(c1ccccc1)c1ccccc1.[Br-],NC(=O)C(F)(F)F,0.2,223.88
Methyltriphenylphosphonium bromide,Ethylene glycol,C[P+](C1=CC=CC=C1)(C2=CC=CC=C2)C3=CC=CC=C3.[Br-],C(CO)O,0.2,223.81
methyl(triphenyl)phosphanium;bromide,"ethane-1,2-diol",C[P+](c1ccccc1)(c1ccccc1)c1ccccc1.[Br-],OCCO,0.2,223.81
zinc;dichloride,1-butyl-3-methylimidazol-3-ium;chloride,[Cl-].[Cl-].[Zn+2],CCCCn1cc[n+](C)c1.[Cl-],0.5,223.05
1-butyl-3-methyl imidazolium chloride,Zinc chloride,CCCCN1C=C[N+](=C1)C.[Cl-],[Cl-].[Cl-].[Zn+2],0.5,223.05
benzyl(triphenyl)phosphanium;chloride,"propane-1,2,3-triol",[Cl-].c1ccc(C[P+](c2ccccc2)(c2ccccc2)c2ccccc2)cc1,OCC(O)CO,0.076923,222.88
Benzyltriphenylphosphonium chloride,Glycerol,C1=CC=C(C=C1)C[P+](C2=CC=CC=C2)(C3=CC=CC=C3)C4=CC=CC=C4.[Cl-],C(C(CO)O)O,0.076923077,222.88
lithium;nitrate,N-methylacetamide,O=[N+]([O-])[O-].[Li+],CNC(C)=O,0.351,222.374
Choline chloride,Pyrogallol,C[N+](C)(C)CCO.[Cl-],C1=CC(=C(C(=C1)O)O)O,0.333333333,222.25
zinc;bis(trifluoromethylsulfonyl)azanide,acetamide,O=S(=O)([N-]S(=O)(=O)C(F)(F)F)C(F)(F)F.O=S(=O)([N-]S(=O)(=O)C(F)(F)F)C(F)(F)F.[Zn+2],CC(N)=O,0.125,221.83
azanium;thiocyanate,"propane-1,2,3-triol",N#C[S-].[NH4+],OCC(O)CO,0.3333,221.8
benzyl(tripropyl)azanium;chloride,2-hydroxypropanoic acid,CCC[N+](CCC)(CCC)Cc1ccccc1.[Cl-],CC(O)C(=O)O,0.284,221.705
zinc;bis(trifluoromethylsulfonyl)azanide,acetamide,O=S(=O)([N-]S(=O)(=O)C(F)(F)F)C(F)(F)F.O=S(=O)([N-]S(=O)(=O)C(F)(F)F)C(F)(F)F.[Zn+2],CC(N)=O,0.1,221.64
lithium;nitrate,N-methylacetamide,O=[N+]([O-])[O-].[Li+],CNC(C)=O,0.542,220.863
benzyl(tripropyl)azanium;chloride,2-hydroxypropanoic acid,CCC[N+](CCC)(CCC)Cc1ccccc1.[Cl-],CC(O)C(=O)O,0.199,220.155
ChCl,"1,3-propanediol",C[N+](C)(C)CCO.[Cl-],C(CO)CO,0.214643497,218.13
tetrapropylazanium;bromide,boric acid,CCC[N+](CCC)(CCC)CCC.[Br-],OB(O)O,0.8021,218.129
[ClEtMe3N]Cl,glycerol,C[N+](C)(C)CCCl.[Cl-],C(C(CO)O)O,0.183652279,217.51
"2-(diethylamino)-N-(2,6-dimethylphenyl)acetamide",hexanoic acid,CCN(CC)CC(=O)Nc1c(C)cccc1C,CCCCCC(=O)O,0.5,217.15
ChCl,acetic acid,C[N+](C)(C)CCO.[Cl-],CC(=O)O,0.413140742,216.95
Benzytripropylammonium chloride,Lactic acid,CCC[N+](CCC)(CCC)CC1=CC=CC=C1.[Cl-],CC(C(=O)O)O,0.25,216.86
benzyl(tripropyl)azanium;chloride,2-hydroxypropanoic acid,CCC[N+](CCC)(CCC)Cc1ccccc1.[Cl-],CC(O)C(=O)O,0.245,216.279
lithium;nitrate,N-methylacetamide,O=[N+]([O-])[O-].[Li+],CNC(C)=O,0.37,214.82
[N3333]Br,glycerol,CCC[N+](CCC)(CCC)CCC.[Br-],C(C(CO)O)O,0.177902191,213.88
Diethylethanolammonium chloride,Urea,CC[NH+](CC)CCO.[Cl-],C(=O)(N)N,0.333333333,213.88
azanium;thiocyanate,"propane-1,2,3-triol",N#C[S-].[NH4+],OCC(O)CO,0.2,213.6
1-methylnaphthalene,n-octane,CC1=CC=CC2=CC=CC=C12,CCCCCCCC,0.286628056,212.74
azanium;thiocyanate,"propane-1,2,3-triol",N#C[S-].[NH4+],OCC(O)CO,0.25,212.3
lithium;nitrate,N-methylacetamide,O=[N+]([O-])[O-].[Li+],CNC(C)=O,0.53,211.799
Choline chloride,Pyrogallol,C[N+](C)(C)CCO.[Cl-],C1=CC(=C(C(=C1)O)O)O,0.5,211.25
methyl(triphenyl)phosphanium;bromide,"2,2,2-trifluoroacetamide",C[P+](c1ccccc1)(c1ccccc1)c1ccccc1.[Br-],NC(=O)C(F)(F)F,0.142857,211.16
methyl(trioctyl)azanium;chloride,4-hydroxybenzonitrile,CCCCCCCC[N+](C)(CCCCCCCC)CCCCCCCC.[Cl-],N#Cc1ccc(O)cc1,0.5,211.15
Acetylcholine chloride,Imidazole,CC(=O)OCC[N+](C)(C)C.[Cl-],C1=CN=CN1,0.4,211.08
Tetrabutylammonium hydrogen sulfate,Chloroacetic acid,CCCC[N+](CCCC)(CCCC)CCCC.OS(=O)(=O)[O-],C(C(=O)O)Cl,0.5,210.95
methyl(trioctyl)azanium;chloride,4-hydroxybenzonitrile,CCCCCCCC[N+](C)(CCCCCCCC)CCCCCCCC.[Cl-],N#Cc1ccc(O)cc1,0.6667,210.15
methyl(trioctyl)azanium;chloride,4-hydroxybenzonitrile,CCCCCCCC[N+](C)(CCCCCCCC)CCCCCCCC.[Cl-],N#Cc1ccc(O)cc1,0.3333,210.15
Acetylcholine chloride,Imidazole,CC(=O)OCC[N+](C)(C)C.[Cl-],C1=CN=CN1,0.333333333,209.84
Acetylcholine chloride,"1,10-Decanediol",CC(=O)OCC[N+](C)(C)C.[Cl-],C(CCCCCO)CCCCO,0.5,209.5
Tetrabutylammonium bromide,Chloroacetic acid,CCCC[N+](CCCC)(CCCC)CCCC.[Br-],C(C(=O)O)Cl,0.5,208.45
Acetylcholine chloride,"1,2,4-triazol",CC(=O)OCC[N+](C)(C)C.[Cl-],C1=NC=NN1,0.25,208.05
Choline chloride,Ethylene glycol,C[N+](C)(C)CCO.[Cl-],C(CO)O,0.33,207.29
Choline chloride,Ethylene glycol,C[N+](C)(C)CCO.[Cl-],C(CO)O,0.333333333,207.15
5-methyl-2-propan-2-ylphenol,"2-methylpentane-2,4-diol",Cc1ccc(C(C)C)c(O)c1,CC(O)CC(C)(C)O,0.6667,206.48
methyl(triphenyl)phosphanium;bromide,"2,2,2-trifluoroacetamide",C[P+](c1ccccc1)(c1ccccc1)c1ccccc1.[Br-],NC(=O)C(F)(F)F,0.066667,206.37
Lithium bis[trifluoromethyl sulfonyl]imide,Acetamide,[Li+].C(F)(F)(F)S(=O)(=O)[N-]S(=O)(=O)C(F)(F)F,CC(=O)N,0.2,206.15
lithium;bis(trifluoromethylsulfonyl)azanide,acetamide,O=S(=O)([N-]S(=O)(=O)C(F)(F)F)C(F)(F)F.[Li+],CC(N)=O,0.2,206.15
methyl(triphenyl)phosphanium;bromide,"2,2,2-trifluoroacetamide",C[P+](c1ccccc1)(c1ccccc1)c1ccccc1.[Br-],NC(=O)C(F)(F)F,0.090909,206.11
Tetrabutylammonium bromide,Diethanol amine,CCCC[N+](CCCC)(CCCC)CCCC.[Br-],C(CO)NCCO,0.142857143,205.55
tetrabutylazanium;bromide,2-(2-hydroxyethylamino)ethanol,CCCC[N+](CCCC)(CCCC)CCCC.[Br-],OCCNCCO,0.142857,205.39
Choline chloride,Ninhydrin,C[N+](C)(C)CCO.[Cl-],C1=CC=C2C(=C1)C(=O)C(C2=O)(O)O,0.571428571,204.45
lithium;nitrate,N-methylacetamide,O=[N+]([O-])[O-].[Li+],CNC(C)=O,0.386,204.245
1-(diaminomethylidene)-2-(2-phenylethyl)guanidine,"propane-1,2,3-triol",NC(N)=NC(N)=NCCc1ccccc1,OCC(O)CO,0.333333,204.15
methyl(triphenyl)phosphanium;bromide,"2,2,2-trifluoroacetamide",C[P+](c1ccccc1)(c1ccccc1)c1ccccc1.[Br-],NC(=O)C(F)(F)F,0.1111,203.9
methyl(triphenyl)phosphanium;bromide,"2,2,2-trifluoroacetamide",C[P+](c1ccccc1)(c1ccccc1)c1ccccc1.[Br-],NC(=O)C(F)(F)F,0.1111,203.86
Methyltriphenylphosphonium bromide,"2,2,2-Trifluoroacetamide",C[P+](C1=CC=CC=C1)(C2=CC=CC=C2)C3=CC=CC=C3.[Br-],C(=O)(C(F)(F)F)N,0.111111111,203.86
methyl(triphenyl)phosphanium;bromide,"2,2,2-trifluoroacetamide",C[P+](c1ccccc1)(c1ccccc1)c1ccccc1.[Br-],NC(=O)C(F)(F)F,0.111111,203.86
lithium;nitrate,N-methylacetamide,O=[N+]([O-])[O-].[Li+],CNC(C)=O,0.521,201.223
lithium;bis(trifluoromethylsulfonyl)azanide,N-methylacetamide,O=S(=O)([N-]S(=O)(=O)C(F)(F)F)C(F)(F)F.[Li+],CNC(C)=O,0.2,201.15
[EtNH4]Cl,glycerol,CCN.Cl,C(C(CO)O)O,0.173935625,200.6
Tetrapropylammonium bromide,Chloroacetic acid,CCC[N+](CCC)(CCC)CCC.[Br-],C(C(=O)O)Cl,0.333333333,200.45
tetraheptylazanium;chloride,2-[4-(2-methylpropyl)phenyl]propanoic acid,CCCCCCC[N+](CCCCCCC)(CCCCCCC)CCCCCCC.[Cl-],CC(C)Cc1ccc(C(C)C(=O)O)cc1,0.7,200.33
lithium;bis(trifluoromethylsulfonyl)azanide,N-methylacetamide,O=S(=O)([N-]S(=O)(=O)C(F)(F)F)C(F)(F)F.[Li+],CNC(C)=O,0.199,199.315
Tetrabutylammonium bromide,Chloroacetic acid,CCCC[N+](CCCC)(CCCC)CCCC.[Br-],C(C(=O)O)Cl,0.333333333,199.05
Tetrabutylammonium hydrogen sulfate,Chloroacetic acid,CCCC[N+](CCCC)(CCCC)CCCC.OS(=O)(=O)[O-],C(C(=O)O)Cl,0.333333333,198.55
[ACC]Cl,glycerol,CC(=O)OCC[N+](C)(C)C.[Cl-],C(C(CO)O)O,0.171135769,197.19
tetrabutylazanium;bromide,2-[bis(2-hydroxyethyl)amino]ethanol,CCCC[N+](CCCC)(CCCC)CCCC.[Br-],OCCN(CCO)CCO,0.25,196.57
methyl(trioctyl)azanium;chloride,"benzene-1,4-diol",CCCCCCCC[N+](C)(CCCCCCCC)CCCCCCCC.[Cl-],Oc1ccc(O)cc1,0.5,195.15
Tetraethylammnoium bromide,Chloroacetic acid,CC[N+](CC)(CC)CC.[Br-],C(C(=O)O)Cl,0.333333333,193.95
lithium;nitrate,N-methylacetamide,O=[N+]([O-])[O-].[Li+],CNC(C)=O,0.398,193.669
methyl(triphenyl)phosphanium;bromide,2-aminoethanol,C[P+](c1ccccc1)(c1ccccc1)c1ccccc1.[Br-],NCCO,0.125,190.7
Methyltriphenylphosphonium bromide,Mono ethanolamine,C[P+](C1=CC=CC=C1)(C2=CC=CC=C2)C3=CC=CC=C3.[Br-],C(CO)N,0.125,190.7
lithium;nitrate,N-methylacetamide,O=[N+]([O-])[O-].[Li+],CNC(C)=O,0.505,189.137
methyl(triphenyl)phosphanium;bromide,2-aminoethanol,C[P+](c1ccccc1)(c1ccccc1)c1ccccc1.[Br-],NCCO,0.142857,187.76
Methyltriphenylphosphonium bromide,Mono ethanolamine,C[P+](C1=CC=CC=C1)(C2=CC=CC=C2)C3=CC=CC=C3.[Br-],C(CO)N,0.142857143,187.76
tetrapropylazanium;bromide,boric acid,CCC[N+](CCC)(CCC)CCC.[Br-],OB(O)O,0.7005,186.7742
lithium;nitrate,N-methylacetamide,O=[N+]([O-])[O-].[Li+],CNC(C)=O,0.407,184.604
lithium;nitrate,N-methylacetamide,O=[N+]([O-])[O-].[Li+],CNC(C)=O,0.491,183.094
n-Butyltriphenylphosphonium bromide,Ethylene glycol,CCCC[P+](C1=CC=CC=C1)(C2=CC=CC=C2)C3=CC=CC=C3.[Br-],C(CO)O,0.076923077,182.51
butyl(triphenyl)phosphanium;bromide,"ethane-1,2-diol",CCCC[P+](c1ccccc1)(c1ccccc1)c1ccccc1.[Br-],OCCO,0.076923,182.51
