min_val: [ 1.27956915e+00 -5.67590177e-01 -1.31312551e+01 -1.49402552e+01
  5.33216715e-01 -5.97892141e+00 -1.02851410e+01 -1.69880714e+01
 -1.18237028e+01 -2.21201935e+01 -1.21790237e+01 -1.25410995e+01
 -7.90147781e+00 -8.95460701e+00 -2.32773972e+01 -6.08348894e+00
  4.84433746e+00 -8.42528057e+00 -1.19758015e+01 -3.57140326e+00
 -4.03494978e+00 -1.16229410e+01 -2.12535419e+01 -7.71369743e+00
 -2.03054380e+00 -9.96835232e+00 -9.80574989e+00 -3.28248858e+00
 -1.08596659e+01 -8.18384552e+00  6.65441811e-01 -5.70863485e+00
 -1.59613810e+01 -1.36647730e+01 -1.20649347e+01  1.60383582e-02
 -8.87214279e+00 -1.54677610e+01 -1.33480587e+01 -2.25429964e+00
 -1.99648495e+01 -3.62619758e+00 -6.33909988e+00 -2.03958492e+01
 -2.24265461e+01 -2.05992222e+00 -9.06737089e-01 -8.00245476e+00
 -6.12625122e-01 -1.36805515e+01 -7.25180817e+00 -8.04817688e+02
 -1.99170475e+01 -9.82912731e+00 -7.56416130e+00 -1.67332344e+01
 -5.14887047e+00 -4.94506216e+00 -1.50069714e+01 -1.59229898e+00
 -1.86437283e+01 -9.73762321e+00 -1.00515306e+00 -1.74736190e+00
 -6.66282368e+00 -9.02683163e+00 -2.13007889e+01 -1.06263809e+01
 -1.16309881e+01 -9.84854507e+00 -1.16379519e+01 -7.34315157e+00
  3.42030883e+00 -1.22724419e+01 -2.88544846e+00 -1.36526003e+01
 -1.34007587e+01 -7.94218969e+00 -2.34292746e+00 -1.48253546e+01
 -5.73741913e+00 -5.42577505e+00 -2.42374325e+00 -1.13386507e+01
 -2.08813133e+01 -1.55773563e+01 -1.31606495e+00 -1.13115759e+01
 -2.07884598e+01 -6.58859444e+00 -2.60464344e+01 -2.58808112e+00
 -1.66857796e+01 -9.75185394e+00  3.21271515e+00 -1.59652042e+01
 -4.45423889e+00 -5.79628897e+00 -8.77505779e-01 -7.28933239e+00
 -1.74069941e+00 -1.47463274e+01 -1.09197884e+01 -7.20296574e+00
 -4.38192749e+00 -1.18574800e+01 -6.32766724e-01 -4.06617832e+00
 -5.35178709e+00 -2.64174581e+00 -2.32055020e+00 -6.38417149e+00
  4.67751980e+00 -6.59705353e+00 -6.03019285e+00  2.10513353e-01
  8.45955849e+00 -1.03241930e+01 -8.99972725e+00 -1.66427517e+01
 -8.29943657e+00 -6.53918791e+00 -1.31836205e+01 -5.82994795e+00
 -4.34829187e+00 -1.37804976e+01 -1.42555790e+01 -9.53852558e+00
 -8.11569214e-01 -6.42403889e+00  1.81404138e+00  1.79965937e+00
 -6.09136868e+00  5.44725478e-01 -5.97941732e+00 -4.90861511e+00
 -6.54074192e+00 -1.22396383e+01 -1.69975412e+00 -1.07484655e+01
 -8.64464664e+00 -6.00265503e+00 -2.87016940e+00 -1.55274048e+01
 -1.72548275e+01 -1.07267570e+01 -1.04927855e+01 -1.51298809e+01
 -1.39701242e+01 -1.85744705e+01 -1.51021795e+01 -1.91466465e+01
 -5.42709160e+00 -4.56185722e+00 -1.52876282e+01 -4.80460119e+00
 -1.26981630e+01 -2.50794530e+00 -2.31135788e+01 -2.47651501e+01
 -1.26515949e+00 -1.01024952e+01 -8.81160355e+00 -9.57802105e+00
 -2.99097328e+01  1.01970166e-01 -8.16633224e+00 -4.34594202e+00
 -6.19673681e+00 -2.59209538e+00 -4.79789877e+00 -1.40070496e+01
 -1.55299244e+01 -2.00347328e+01 -1.47075834e+01 -8.48271084e+00
 -1.12095881e+01 -1.66831760e+01 -9.36922073e+00 -4.86261463e+00
 -1.07278576e+01 -7.19569874e+00  1.77077723e+00 -1.25770674e+01
 -4.31016350e+00 -1.82706985e+01 -2.28868523e+01 -1.04543285e+01
 -4.75538683e+00 -4.88573170e+00 -1.26060476e+01 -7.08152056e+00
 -5.57481766e+00 -4.23621655e+00 -3.49264145e+00 -1.89999599e+01
 -2.63333035e+00 -4.39174509e+00 -1.82366257e+01 -2.45248928e+01
 -4.48346996e+00 -2.26722851e+01 -1.47166145e+00 -6.43702221e+00
 -1.89985142e+01 -1.24910145e+01 -1.11397123e+01 -2.03006725e+01
 -2.02766151e+01 -5.38937283e+00 -7.34825277e+00 -3.26625371e+00
 -2.62702255e+01 -7.85089254e+00 -2.82383323e-01 -1.69565907e+01
  3.60271311e+00 -2.08809319e+01 -1.94467316e+01 -2.18498573e+01
 -7.94377518e+00 -4.98467779e+00 -1.46417732e+01 -1.00504923e+01
 -2.25325584e+01 -2.20415573e+01 -1.21601257e+01 -5.86275911e+00
 -8.66902637e+00 -8.20827293e+00 -6.09128952e+00 -1.12818289e+01
  5.48594522e+00 -5.32019520e+00  5.16500950e-01 -1.57669792e+01
 -1.78376503e+01 -1.64240856e+01 -1.30108805e+01 -1.48352280e+01
 -9.22089863e+00 -1.89192696e+01 -1.36528339e+01 -1.26363710e-01
 -2.55164433e+01 -7.13423014e+00 -1.39335871e+01 -7.11450386e+00
 -1.19938669e+01 -3.04436994e+00 -2.24358292e+01 -2.80493870e+01
  3.65651727e-01 -1.85974026e+00 -1.99915524e+01 -1.67161789e+01
 -6.33104515e+00 -1.75837231e+01 -1.54792976e+01 -1.12104635e+01
 -2.04288387e+00  1.63195479e+00 -1.46233921e+01 -1.15682516e+01
 -9.55636859e-01 -2.23436146e+01 -1.45216036e+01  7.43749380e-01
 -7.35337305e+00 -5.01536942e+00 -8.22167301e+00 -2.18466396e+01
 -1.34263239e+01 -1.67495232e+01 -8.76759720e+00 -1.83737481e+00
 -1.31920404e+01 -6.95481825e+00 -2.59414816e+00 -1.03052254e+01
 -1.79147644e+01 -4.24308538e+00 -4.63243484e+00 -1.33243074e+01
 -7.53395557e+00 -3.09734535e+00 -3.09877825e+00 -1.00829830e+01
 -8.94925022e+00 -1.36992064e+01 -1.58852453e+01 -1.60158272e+01
 -9.42801952e+00 -2.11402779e+01 -1.31948023e+01 -1.25136051e+01
 -8.83227062e+00 -5.67682934e+00 -1.05159435e+01 -1.47742290e+01
  3.84504175e+00 -3.02847600e+00 -2.57550788e+00 -8.92842484e+00
  1.67048073e+00 -1.17300739e+01 -3.22746801e+00 -1.23006277e+01
 -3.08064222e+00 -1.72253914e+01 -1.32366419e+01 -1.00430059e+01
 -1.04918509e+01 -1.04054070e+01  2.54206038e+00 -1.19900713e+01
 -8.34348869e+00 -2.43279877e+01 -2.06213799e+01 -5.19519615e+00
  4.99419498e+00 -1.62448616e+01  1.40650177e+00 -2.02611561e+01
  2.28468323e+00 -3.41124392e+00 -6.63557243e+00 -1.41815357e+01
 -1.30528917e+01 -2.32953014e+01  2.30031395e+00 -1.60882683e+01
 -1.15475454e+01 -6.93797684e+00 -1.35962191e+01 -9.46767807e+00
 -1.61105938e+01 -4.06785727e+00 -3.67836380e+00 -1.53872514e+00
 -2.02946796e+01 -1.34097242e+01  5.72952795e+00 -9.37322617e+00
 -7.77298594e+00 -1.65894947e+01 -1.27168846e+01 -6.53935862e+00
 -7.16012096e+00 -2.67780352e+00 -1.01862516e+01 -6.02749538e+00
 -9.39852333e+00 -3.08165574e+00 -6.83976460e+00 -1.83075409e+01
 -6.11504030e+00 -3.15288486e+01 -5.64758873e+00 -9.34150219e+00
 -1.16262550e+01 -1.21689892e+01 -2.41713867e+01 -9.50711632e+00
 -2.18287010e+01 -1.31577988e+01 -1.16935720e+01 -9.14298534e+00
 -1.25034857e+01  2.42108321e+00 -7.67046165e+00 -1.81602383e+01
 -2.07998543e+01 -2.47002258e+01 -8.77317810e+00 -1.49231462e+01
 -7.65500450e+00 -1.04274950e+01 -1.27864075e+01 -1.22499065e+01
 -5.78003454e+00 -2.26223564e+01  3.37858963e+01 -2.05022793e+01
 -6.79733658e+00  1.16692507e+00 -4.48538160e+00 -1.64705086e+01
 -2.35140061e+00 -8.65283489e+00 -1.45849085e+01 -8.77103710e+00
 -9.20776749e+00  2.20996618e+00 -3.28891850e+00 -2.09305058e+01
 -1.22642708e+01 -6.66548109e+00 -2.71312771e+01 -4.93781281e+00
 -1.73327613e+00 -4.63228655e+00 -1.45314751e+01  4.39579678e+00
 -6.32457542e+00 -7.14432335e+00 -2.84009705e+01 -1.67717953e+01
 -1.20170422e+01 -6.34072447e+00 -1.38212185e+01 -1.71958656e+01
 -3.24030828e+00 -1.54692669e+01 -2.62220120e+00  6.84769344e+00
 -9.26474667e+00 -1.66643600e+01 -3.45981836e+00 -4.52068424e+00
 -5.00831699e+00 -4.54251432e+00 -1.41129055e+01 -5.21889448e+00
  2.79219389e-01 -1.02230015e+01 -9.79256248e+00 -1.24103632e+01
 -5.35086918e+00 -3.64205694e+00 -5.70801640e+00 -1.43477211e+01
 -1.36887360e+01 -1.10141926e+01 -1.11981308e+00 -1.03598566e+01
 -1.11621437e+01 -9.02705097e+00 -1.59181614e+01  2.35564053e-01
 -2.40395260e+01 -1.81375389e+01 -8.70204830e+00 -1.06533432e+01
  2.83087778e+00 -2.14091969e+01 -6.00048971e+00 -1.61423206e+01
 -6.62539673e+00 -2.11270809e+00 -4.67373276e+00 -2.68095922e+00
 -6.52262306e+00 -7.03080750e+00 -1.52528372e+01 -7.89416695e+00
  6.59103346e+00 -1.15769138e+01 -1.57819633e+01 -2.53752494e+00
 -1.45555782e+01 -6.32950401e+00 -9.17418289e+00 -4.29817438e+00
 -8.52549267e+00 -4.59585047e+00 -2.78807812e+01 -2.34908047e+01
 -9.06407833e+00 -2.28964424e+00 -2.03600082e+01 -9.48034191e+00
 -9.13843250e+00 -8.68202496e+00 -5.91952181e+00 -8.30754757e+00
 -1.69845810e+01 -7.99976158e+00 -1.05471115e+01 -1.07362852e+01
 -3.68769431e+00 -8.02506447e+00  5.25795221e-01 -6.39306879e+00
 -7.40766048e+00 -1.69255676e+01 -1.10098419e+01 -1.31988645e+00
 -7.60607862e+00 -1.44181480e+01 -3.94526577e+00 -1.24897604e+01
 -5.11601830e+00 -6.22362900e+00  2.13675451e+00 -4.70215321e+00
  3.14199662e+00 -8.22723389e+00 -2.39593196e+00 -1.42084408e+01
 -2.07220955e+01 -1.14655132e+01 -6.44525576e+00 -1.52191820e+01
  4.01209414e-01 -3.26022315e+00 -4.90412807e+00 -5.33110285e+00
 -1.07895098e+01  3.28248215e+00  7.23800707e+00 -5.68435097e+00
 -1.79080563e+01 -2.27065754e+01 -1.89853745e+01 -3.97030759e+00
 -2.81996250e+00 -2.56646366e+01 -1.85597038e+01  6.26771879e+00
 -3.40446930e+01 -8.48217106e+00 -8.04765987e+00 -1.15629568e+01
 -4.18397999e+00 -1.61754284e+01 -1.58177061e+01 -1.23653040e+01
 -7.03934622e+00  5.81044054e+00 -1.36341505e+01 -1.04968948e+01
 -2.89615965e+00 -1.95886211e+01 -1.83326855e+01 -1.57736530e+01
 -4.88418818e+00 -7.29655147e-01 -2.67424297e+01 -1.06523066e+01
 -1.05651007e+01 -8.91179276e+00 -7.97263432e+00 -1.41792984e+01
 -1.52616720e+01 -8.69225025e+00 -4.48676825e+00 -6.18949556e+00
 -4.54810095e+00 -8.08984661e+00  2.84093928e+00 -7.01587486e+00
 -3.05721831e+00 -1.92910938e+01 -1.06276770e+01  1.79950738e+00
 -1.10182297e+00 -4.14872074e+00 -1.28219290e+01 -1.64374943e+01
 -1.16545162e+01 -4.33584881e+00 -2.00212898e+01 -1.92229652e+01
 -4.70691109e+00 -1.21746950e+01 -3.98390710e-01  3.25356627e+00
  4.71629667e+00 -8.05294812e-01 -1.30149822e+01 -2.08910904e+01
 -1.06046200e+01  2.48352289e+00 -1.16680994e+01 -8.38896561e+00
 -8.99181557e+00 -5.59864092e+00 -1.05954587e+00 -1.87719479e+01
  1.76007175e+00 -2.43434286e+00  2.97300398e-01 -2.27406788e+01
 -2.60209298e+00 -2.07185936e+00  8.01230907e+00 -1.05064130e+00
 -1.57434254e+01 -8.24260712e+00 -6.08539534e+00 -3.78312874e+00
 -2.01839905e+01 -7.82861042e+00 -9.05008030e+00 -1.78031206e+00
 -1.64705586e+00 -2.52681637e+01 -1.56880465e+01  1.50693774e-01
 -2.81208363e+01 -1.82803898e+01 -8.57096004e+00 -2.68294716e+00
 -1.09574242e+01 -9.78124142e+00 -1.69985027e+01 -1.49043560e+01
 -3.83799601e+00 -3.66438532e+00 -2.27252156e-01 -8.16756916e+00
 -7.62611866e+00 -8.52857685e+00  4.01962817e-01 -3.89456582e+00
 -1.43422594e+01 -7.43730593e+00 -4.99016380e+00 -6.22942352e+00
 -6.61994553e+00 -1.02446070e+01 -2.08456001e+01 -6.46093512e+00
 -8.14011765e+00 -9.48847485e+00 -8.93253040e+00 -1.97561703e+01
 -1.30266562e+01 -6.73612738e+00 -1.58497791e+01 -1.06242962e+01
 -2.78880835e+00 -2.09192581e+01 -7.29613018e+00  1.86126363e+00
 -1.67736797e+01 -1.60250092e+01 -1.12948656e+01 -2.70020962e+00
 -4.23052740e+00 -5.87516594e+00 -1.16976910e+01 -1.22809477e+01
 -7.85732555e+00 -1.59593353e+01 -9.06511974e+00 -1.89173012e+01
 -5.98290348e+00 -4.51468182e+00 -1.84828625e+01  5.18107474e-01
 -4.85319090e+00 -4.68969774e+00 -6.77728987e+00 -2.32380371e+01
 -6.89589596e+00 -9.48332977e+00 -7.79803181e+00 -1.77752228e+01
  1.06012845e+00 -2.65446396e+01 -4.91174221e+00 -1.05978317e+01
 -1.88035259e+01 -1.75528908e+01 -1.29468670e+01 -2.16455173e+01
 -1.14065208e+01 -1.85676880e+01 -2.40531998e+01 -7.73188496e+00
 -9.95212364e+00 -1.01038914e+01 -8.69506168e+00 -5.17079878e+00
 -8.87970066e+00 -4.31922579e+00 -2.13690205e+01 -1.69963303e+01
 -1.01213179e+01 -1.42985373e+01  1.84579670e-01 -5.60034609e+00
 -2.43397350e+01  3.44071555e+00 -5.92560005e+00 -8.61355972e+00
 -1.53558245e+01 -1.10749722e+01 -5.35311270e+00 -1.57933645e+01
 -9.77266788e+00 -1.14421854e+01 -9.90764999e+00 -1.30823288e+01
  1.88159800e+00  4.20232487e+00 -1.11173925e+01  2.91918683e+00
 -1.08242397e+01 -2.59877186e+01 -1.74655952e+01 -5.63305950e+00
 -1.91188869e+01 -3.76736546e+00 -1.41704760e+01 -7.75265598e+00
 -1.38877478e+01 -3.79487228e+00 -4.23945951e+00  2.43727016e+00
 -1.32489738e+01 -1.19120054e+01 -1.12381239e+01 -7.15581131e+00
 -4.82840967e+00 -1.48817158e+01 -3.04420853e+00 -3.90181589e+00
 -1.07723036e+01 -3.56584854e+01 -2.86851692e+00 -1.00706997e+01
 -1.26416798e+01 -1.16143618e+01 -1.05749254e+01 -1.31565895e+01
 -4.61657047e+00 -2.73754501e+00 -1.91236477e+01 -2.33077192e+00
 -1.34703245e+01  1.33174837e+00 -1.60694904e+01 -8.49721336e+00
 -1.28084908e+01 -3.23954844e+00 -2.91289272e+01 -2.04089298e+01
 -1.43524704e+01 -1.39907217e+01 -1.55609436e+01 -2.00202312e+01
 -2.26233120e+01 -9.81538105e+00 -7.59799480e+00 -1.50216427e+01
 -1.49306583e+01 -1.68770771e+01 -7.98086691e+00 -3.16923904e+00
 -5.17496109e+00 -1.53851831e+00 -4.21021509e+00 -3.54330635e+01
 -1.96795292e+01 -7.80663118e-02 -9.73730183e+00 -5.86562538e+00
 -1.98635912e+00 -4.87415880e-01 -2.09689021e+00 -1.32911282e+01
 -9.11065292e+00 -1.53873539e+01 -6.91910267e+00 -5.01300859e+00
 -8.11279583e+00 -1.19392776e+01 -4.52663517e+00 -2.00676937e+01
 -1.09115400e+01 -9.65913582e+00 -8.59649372e+00 -1.14810982e+01
 -1.81586380e+01 -7.16397953e+00 -2.58377132e+01 -5.30564404e+00
 -1.53678627e+01 -4.60464430e+00 -1.36969995e+01 -2.74690685e+01
 -7.40516281e+00 -5.97285175e+00 -1.22166424e+01 -4.84486389e+00
 -5.93679476e+00 -7.74478149e+00 -1.86483154e+01 -2.71563492e+01
 -2.92632151e+00 -5.70064974e+00 -2.00467205e+01 -5.15841532e+00
 -9.04593945e+00 -1.25483456e+01 -3.29437065e+00 -2.31119843e+01
 -1.07517624e+01 -6.39128733e+00  3.13681364e+00 -1.66977730e+01
 -1.11381884e+01 -1.02735777e+01 -9.57124615e+00 -4.35451651e+00
 -1.15392866e+01 -7.46053886e+00 -2.23933816e+00 -1.56495762e+01
 -2.20804977e+00  1.30227953e-01 -9.47408581e+00 -2.20563354e+01
 -9.26107407e+00 -8.05870533e+00 -2.45323582e+01 -1.76966190e+01
 -2.02390747e+01 -1.60535946e+01 -5.03820038e+00 -1.32994595e+01
 -4.80763435e+00 -1.40504732e+01 -4.30002272e-01 -9.04792595e+00
 -9.15036488e+00 -1.13909960e+01 -1.83280964e+01 -5.61810970e+00
 -1.44892073e+00 -9.03765583e+00 -1.47503824e+01  1.91348910e+00
 -2.02898331e+01 -1.22655058e+01 -2.75077915e+01 -9.27189827e+00
 -6.16568708e+00 -1.34741459e+01 -6.87556982e+00 -9.79614258e-03
 -3.20417094e+00 -1.00443907e+01 -5.40569496e+00 -9.53915024e+00
 -1.47695789e+01 -1.20405502e+01 -9.82929134e+00  1.86680782e+00
 -3.00190282e+00 -2.27140598e+01 -9.25140095e+00 -9.17975521e+00
 -5.35882902e+00 -1.63581550e+00 -4.21920872e+00 -7.54622984e+00
 -1.17971592e+01 -2.31382656e+01 -1.25403280e+01 -8.27114105e+00
 -1.48395958e+01 -4.90806913e+00 -6.45734882e+00 -9.00954247e+00
 -9.74788666e+00 -3.43600869e+00 -2.13691902e+01  5.37255478e+00
 -1.13340340e+01 -4.02370310e+00 -1.28477440e+01 -9.64465523e+00
 -8.26487637e+00 -8.31171417e+00 -1.21099949e+01 -9.53031635e+00
  2.99141812e+00  3.63149047e+00 -1.91008053e+01  9.57314777e+00
 -1.73989334e+01 -1.93715534e+01 -4.47696114e+00 -6.33219862e+00
  2.20456719e-01 -6.23604250e+00  1.87690616e+00  1.64068902e+00
 -4.60970831e+00 -6.34136820e+00 -1.21829596e+01  3.39674234e+00
 -1.15115461e+01 -3.81246519e+00 -1.00291481e+01 -1.08941879e+01
 -1.31462822e+01 -1.93725185e+01 -7.97926092e+00 -1.64318676e+01
 -5.10069180e+00 -1.36605234e+01  2.68460512e-02 -4.06655598e+00
 -9.97875404e+00 -2.30397773e+00 -1.35789394e+01 -3.08259368e-01
 -1.70709858e+01 -2.22492085e+01 -1.34308538e+01 -1.46346436e+01
 -1.44713469e+01 -1.55471897e+01 -1.21520920e+01 -1.08613157e+01
 -4.04476833e+00 -7.16691136e-01 -8.01909828e+00 -1.80174339e+00
  2.60823637e-01 -2.42614079e+01 -9.07074738e+00 -3.97848272e+00
  3.98243642e+00 -1.32824259e+01 -1.04919214e+01 -1.52259989e+01
 -1.51665430e+01 -1.53279314e+01 -1.17765493e+01 -1.17639723e+01
 -1.35592473e+00 -6.96868324e+00 -4.08560371e+01 -1.52796459e+01
 -1.58261948e+01 -6.31045198e+00 -3.81616473e-01 -1.12199345e+01
 -1.21355009e+01 -1.09356766e+01 -2.80383611e+00 -1.26262512e+01
 -1.40757160e+01 -1.00411472e+01 -1.21726961e+01  9.32441711e-01
 -9.66368961e+00 -9.10533142e+00 -1.48569317e+01  3.61459136e+00
 -1.73390980e+01 -3.78310084e-02 -1.62353396e+00  1.39296412e+00
 -3.19532146e+01 -2.23294849e+01 -1.14642868e+01 -9.36984539e+00
 -1.77977085e+01 -7.01229286e+00 -1.80200157e+01 -2.21743412e+01
 -5.72746563e+00 -8.61511421e+00 -9.74090290e+00 -2.19484234e+00
 -6.23546600e+00 -4.21039671e-01 -7.34354353e+00 -2.97823286e+00
 -4.08955717e+00 -1.85547543e+01 -7.84525275e-03  2.84829569e+00
 -2.93795156e+00 -9.93130112e+00 -5.61990404e+00 -1.68468971e+01
  6.84797001e+00 -8.77545071e+00 -2.58625507e+01 -1.05882263e+01
 -1.09677944e+01 -1.21278086e+01 -6.46040630e+00 -1.19775124e+01
 -9.23443890e+00  2.96317792e+00 -1.89902458e+01 -1.76281414e+01
 -1.31282673e+01  5.78637123e+00 -1.02592859e+01 -2.07425861e+01
 -7.01783609e+00 -3.89151764e+00 -6.06771040e+00 -1.54145393e+01
 -1.26744823e+01 -9.06395340e+00 -2.08539333e+01  3.64740157e+00
 -2.47560406e+01 -1.11337299e+01 -6.78573322e+00 -6.09424162e+00
 -8.86723804e+00 -1.91741657e+01 -1.39774323e+01 -1.89383640e+01
 -1.50799131e+00 -3.30931878e+00 -2.68886518e+00 -2.13919830e+00
 -2.45056987e+00  1.73355997e+00 -8.44552135e+00 -1.83294067e+01
 -1.14665012e+01 -6.19661474e+00 -1.30998726e+01 -2.86804676e+00
 -7.51742125e+00 -2.02875066e+00 -2.59861648e-01 -4.38757086e+00
 -2.15417252e+01 -1.36709166e+01 -4.83161831e+00 -1.33080978e+01
 -7.75514364e+00 -1.77609024e+01 -1.46864138e+01 -2.22058201e+01
 -9.44860554e+00 -7.22104836e+00 -2.09855595e+01 -1.46307030e+01
  4.72823191e+00  6.90253544e+00 -2.21521902e+00  1.41919279e+00
 -9.75999260e+00 -8.49468899e+00 -7.66580296e+00  3.35320026e-01
 -1.81089993e+01 -1.59700537e+01 -9.47958946e+00 -1.53230610e+01
 -3.51242852e+00 -1.70570297e+01 -1.55364456e+01 -1.98914013e+01
 -1.55286541e+01 -2.98895550e+00  7.07520008e-01 -1.25439034e+01
  2.09092593e+00 -1.17220716e+01 -5.63851643e+00 -1.97281094e+01
 -2.03038979e+01 -3.10691051e+01 -7.09941435e+00 -1.39197750e+01
 -1.17686300e+01  8.60929787e-02 -1.12590837e+01 -1.10147142e+01
 -7.07028913e+00  4.74230576e+00 -2.52869167e+01 -4.18175268e+00
 -1.30467129e+01 -1.04673471e+01 -7.00909376e+00 -1.27432947e+01
 -1.48187790e+01 -3.21673155e+00 -2.13118019e+01 -3.25381064e+00
 -2.72458506e+00 -8.31413555e+00 -3.94155502e+00 -8.13653946e+00
 -9.24589872e-01 -1.36906767e+01 -4.77042246e+00 -1.06919651e+01
 -7.95150101e-01 -4.30770874e+00 -1.00823116e+01 -2.00110168e+01
 -2.16079388e+01 -1.70608654e+01 -9.19311619e+00 -1.34169655e+01
 -1.67061749e+01  1.35636640e+00 -9.97075319e-01 -3.71459436e+00
 -1.24411612e+01 -1.99996471e+00 -8.18193531e+00 -1.90465355e+01
 -5.42788744e+00 -2.11317444e+01 -9.76063442e+00 -9.93069267e+00
 -1.12393579e+01 -2.58500996e+01 -1.10567217e+01 -2.37575579e+00
 -7.64005661e+00 -7.00734758e+00 -1.01232891e+01 -1.78053818e+01
 -3.53648758e+00 -4.38210249e+00 -1.36468811e+01 -1.91904850e+01
 -9.55252743e+00 -9.67241287e+00 -2.22134447e+00 -1.41609182e+01
  3.36652684e+00 -4.06537104e+00 -2.02660160e+01 -1.66442432e+01
 -2.80378799e+01 -6.75338459e+00 -1.56086340e+01 -2.16960392e+01
 -1.14732666e+01 -1.15271339e+01 -1.85819187e+01 -9.87784672e+00
 -9.01681423e-01 -1.15129814e+01 -5.56289339e+00 -2.14912453e+01
 -9.10788631e+00 -7.17202902e+00 -8.01264954e+00 -1.37305098e+01
 -4.30488396e+00 -1.24548225e+01 -1.42407455e+01 -2.02742271e+01
 -1.29385061e+01 -2.68998032e+01 -1.02053118e+01 -1.40652447e+01
 -3.25356960e-01 -1.19692001e+01 -1.12339258e+01 -2.96754360e+01
 -1.11111889e+01 -2.82091665e+00 -4.24030256e+00 -9.63273144e+00
 -1.56441479e+01 -7.45278692e+00 -2.68342757e+00 -1.19906712e+01
 -6.13631248e+00 -1.03722582e+01 -8.65205956e+00 -1.05692215e+01
 -1.31487191e-01 -2.84587841e+01 -1.43383226e+01 -7.18395805e+00
 -2.10694828e+01 -1.62969666e+01 -1.61599083e+01 -1.49864635e+01
 -9.75526810e+00 -1.38620930e+01 -7.70998764e+00 -2.20297122e+00
 -2.12411842e+01 -1.45321474e+01 -1.57962532e+01 -7.21105671e+00
 -2.00055599e+01 -5.27532053e+00 -6.61412334e+00 -3.02302780e+01
 -7.98510075e-01 -9.44335270e+00  3.60298008e-01 -1.90930653e+01
 -1.59607899e+00 -1.17870407e+01 -1.37038965e+01 -1.16971359e+01
 -3.70214558e+00 -2.06963062e+01 -1.05645370e+01  5.45129251e+00
 -1.44078894e+01 -6.38808203e+00 -1.01418848e+01 -9.16030979e+00
 -1.49181767e+01 -1.15298576e+01 -1.00334530e+01 -2.04236865e-01
 -1.24473648e+01 -2.16363983e+01 -2.83621273e+01 -2.89229894e+00
 -2.92820215e+00 -6.43705034e+00 -7.65672350e+00 -1.46610632e+01
 -3.46788120e+00 -1.27681017e+01 -6.35310316e+00 -5.97138882e+00
 -9.85959721e+00 -1.52643347e+01 -2.14058113e+01 -8.01185989e+00
 -1.33103669e-01 -1.17772827e+01 -2.21153402e+00 -1.83003330e+01
 -1.25960445e+01 -2.14049721e+01  4.93570662e+00 -2.45194435e+01
 -1.35281973e+01 -1.84305801e+01 -9.71286488e+00 -7.54330254e+00
 -9.60493946e+00 -1.94210446e+00 -9.54364300e+00 -8.01447272e-01
 -1.02071724e+01 -4.33205509e+00 -1.03067579e+01 -4.72897959e+00
 -5.43721294e+00 -5.08882713e+00  4.76329327e+00 -1.71375523e+01
  2.05343461e+00 -2.10497208e+01 -2.13247375e+01 -8.41105175e+00
 -3.18651333e+01 -8.00781536e+00 -9.35627842e+00 -1.31976137e+01
 -1.43659372e+01 -1.34213867e+01 -2.25821114e+01 -6.47563601e+00
 -1.62562847e+01  1.69502342e+00 -2.09644470e+01 -8.82239342e+00
 -1.62381706e+01 -1.50648365e+01 -5.91967916e+00  6.09853029e+00
 -1.40656137e+01 -1.34267130e+01 -9.31702971e-01 -1.27193041e+01
 -8.92293739e+00  2.41209769e+00 -6.08259583e+00 -2.40790272e+01
 -1.11688290e+01 -7.99245262e+00 -1.35806990e+01 -8.51916122e+00
 -7.21982288e+00 -1.13697834e+01 -2.37529731e+00 -1.01054907e+01
 -1.89881897e+00 -1.86394167e+00 -1.81267529e+01 -1.95780909e+00
 -1.43282709e+01 -3.30316758e+00 -1.61903439e+01 -1.48884211e+01
 -1.56037960e+01 -2.59766388e+01 -1.49728546e+01 -1.04028358e+01
 -1.28988562e+01 -1.07266645e+01 -1.88439357e+00 -1.37711773e+01
 -7.65589285e+00 -2.09293594e+01 -2.12577782e+01 -5.64324617e+00
 -1.00874147e+01 -1.38186874e+01 -2.21900673e+01 -6.56567907e+00
 -7.42111397e+00 -8.22996998e+00 -1.46532221e+01 -1.43322496e+01
 -7.78644037e+00 -1.22099810e+01 -7.85009956e+00 -1.23617659e+01
 -1.60140133e+01 -9.49146557e+00 -1.04222984e+01 -1.06742144e+01
 -2.30180240e+00 -8.58750725e+00 -8.49208641e+00  1.39571881e+00
 -3.18962884e+00 -8.01924515e+00 -6.92660713e+00  1.62077606e+00
 -3.47907090e+00 -1.43406219e+01 -2.70065308e+00 -6.87598562e+00
 -9.52628613e+00 -6.09335899e+00 -2.11445179e+01 -1.41135426e+01
 -1.86102905e+01 -1.20296545e+01 -1.75549316e+01 -1.40460806e+01
 -6.77156591e+00 -4.86939001e+00 -2.12998772e+01 -2.68422508e+01
 -1.13621893e+01  2.11649513e+00 -1.38918009e+01 -3.45206413e+01
  4.09451294e+00 -2.14941177e+01 -7.50971127e+00 -6.16604900e+00
 -1.26768370e+01 -5.67477179e+00 -7.88607883e+00 -1.49064302e+01
 -1.42498760e+01 -1.33800287e+01 -7.71938562e+00 -5.84620953e+00
 -9.03329849e+00 -9.35893250e+00 -1.15896263e+01 -1.44430561e+01
 -3.64426875e+00 -8.77025795e+00 -9.21549606e+00 -8.95745087e+00
 -1.10630493e+01 -1.70705414e+01 -8.19127274e+00  6.74415588e-01
 -1.59594812e+01 -1.21045923e+00 -5.72891045e+00 -6.18438339e+00
 -5.20555115e+00 -1.11053410e+01 -9.05614257e-01 -9.04874325e+00
 -1.93724480e+01  6.74429226e+00 -2.34477592e+00 -1.46305504e+01
 -1.03553200e+01 -1.44790673e+00 -1.54173458e+00 -2.02085247e+01
 -1.17933440e+00  2.12808907e-01 -1.30571299e+01 -9.40557194e+00
 -7.82416248e+00 -1.42164392e+01 -8.92303371e+00 -6.58239365e+00
 -1.64626713e+01 -3.15090084e+00 -1.11315842e+01 -6.62994003e+00
 -1.22970467e+01 -1.25274105e+01 -4.59272528e+00 -6.92962408e+00
 -3.07710719e+00 -1.05705433e+01 -1.11034737e+01 -1.88896999e+01
 -1.51059198e+01 -3.42532516e+00 -7.44083071e+00 -2.45889530e+01
 -2.10892448e+01 -1.78900166e+01 -3.56700540e-01 -9.58425426e+00
 -3.08407612e+01 -7.56761408e+00 -1.25880289e+00 -1.19245319e+01
 -1.49121642e+00 -1.43629103e+01 -2.63422799e+00 -1.65345306e+01
 -1.49194880e+01 -1.21992931e+01 -1.91323433e+01 -4.51445246e+00
 -5.72808075e+00 -8.10282707e+00 -1.34329281e+01 -4.53053713e+00
 -3.72782373e+00 -9.72675705e+00  3.48407984e+00 -2.99122214e+00
 -1.63031654e+01 -2.44643955e+01 -1.25199957e+01 -9.04280472e+00
 -1.31783333e+01 -1.63098812e-01 -2.73777275e+01 -5.02148485e+00
 -1.38631086e+01 -8.61042881e+00 -1.50675631e+01 -1.38572140e+01
 -1.05190487e+01 -1.83338814e+01 -2.02115974e+01 -1.04022913e+01
 -1.31287556e+01 -2.30461349e+01 -1.16881886e+01 -2.45065141e+00
 -8.87520599e+00 -2.15029163e+01  3.90716267e+00 -4.72101355e+00
 -1.74058495e+01 -9.10727882e+00 -3.36101985e+00 -2.62394180e+01
 -6.03648567e+00 -3.52153349e+00 -3.53526306e+00  3.35468960e+00
 -8.46571255e+00 -2.71610212e+00 -9.47464848e+00 -1.42285395e+01
 -8.53300333e-01 -1.41866989e+01 -1.37777061e+01 -6.18371248e+00
 -9.99544239e+00 -1.51864243e+01 -1.78764999e+00 -1.01870203e+01
 -1.30400476e+01 -1.54780397e+01 -6.23689032e+00  4.28974915e+00
 -1.11226070e+00 -3.91073036e+00 -1.10995417e+01 -4.95254219e-01
 -1.97461967e+01 -2.33640537e+01 -6.83906698e+00 -2.06965866e+01
 -1.54517784e+01 -4.25913239e+00  4.06795359e+00 -1.32364798e+01
 -7.99709320e+00 -2.32762966e+01 -1.36642227e+01 -1.89839897e+01
 -1.69102097e+01 -2.01161880e+01  3.59617412e-01 -8.08959103e+00
 -1.87962933e+01 -5.67828226e+00 -1.20329618e+00 -3.99686384e+00
 -3.14115500e+00  6.53118849e+00 -4.84504843e+00 -1.35304403e+01
  6.41579211e-01 -2.55994568e+01 -1.81779499e+01  1.93905830e-02
 -4.40666008e+00 -6.52437592e+00 -1.77186871e+01 -1.31094913e+01
 -6.51753235e+00 -2.79494643e+00 -1.01970215e+01 -1.33270235e+01
 -9.88681030e+00 -4.76211452e+00 -3.36258221e+00 -9.23368931e+00
 -2.55113840e-03 -1.48718464e+00 -1.30884323e+01 -1.54179382e+01
 -2.07847619e+00 -5.81603813e+00 -7.93656540e+00 -1.87941742e+01
 -1.34550705e+01 -2.49953575e+01 -1.18205166e+01 -1.25249519e+01
 -9.32529736e+00 -7.50070667e+00 -2.42870216e+01 -4.90331841e+00
  5.53101015e+00 -7.87209272e+00 -1.68195648e+01 -4.44898272e+00
 -7.75933647e+00 -1.24445763e+01 -1.79493294e+01 -7.01026154e+00
 -2.49419355e+00 -7.94167805e+00 -7.99065971e+00 -3.40296292e+00
 -1.08596659e+01 -9.27051640e+00  3.20799065e+00 -2.55679989e+00
 -1.26121988e+01 -1.29534035e+01 -1.33206701e+01 -3.02329588e+00
 -1.17907953e+01 -1.36800346e+01 -1.29980135e+01 -7.13684416e+00
 -2.02360744e+01 -1.83509541e+00 -1.04897108e+01 -2.16697235e+01
 -2.04438992e+01 -3.09929538e+00 -2.21747732e+00 -6.88121796e+00
 -1.10601258e+00 -1.33154945e+01 -5.43912315e+00 -7.54929626e+02
 -1.90767727e+01 -9.25196838e+00 -5.47131824e+00 -1.76419735e+01
 -5.70325041e+00 -4.69780397e+00 -1.57210951e+01  5.54370165e-01
 -1.83302727e+01 -1.00990858e+01 -1.00515306e+00 -1.99544060e+00
 -6.67338228e+00 -8.85501862e+00 -1.86985130e+01 -8.83790302e+00
 -1.16386375e+01 -1.11143913e+01 -1.16148987e+01 -6.83327389e+00
  1.14506543e-01 -1.17943068e+01 -4.92892170e+00 -1.40263662e+01
 -1.36925068e+01 -7.86851597e+00 -5.41980028e+00 -1.38331499e+01
 -5.85644341e+00 -4.31744242e+00 -1.02049375e+00 -8.08356857e+00
 -1.75360489e+01 -1.62550755e+01 -2.42196012e+00 -1.01288567e+01
 -2.30932388e+01 -7.29873848e+00 -2.54474983e+01 -3.48317671e+00
 -1.45853004e+01 -1.02463284e+01  4.51577616e+00 -1.54781637e+01
 -4.30597687e+00 -5.55391359e+00 -2.37211049e-01 -5.62096596e+00
  2.19755888e+00 -1.47463284e+01 -7.06532240e+00 -6.14550018e+00
 -4.96063471e+00 -1.08003044e+01 -1.88410330e+00 -4.34164906e+00
 -4.03592491e+00 -3.77642298e+00 -1.18280780e+00 -6.82063913e+00
 -1.49611473e-01 -6.61905622e+00 -3.34340620e+00 -9.61438715e-01
  1.02056980e+01 -1.32045841e+01 -8.99972725e+00 -1.89348927e+01
 -7.84815741e+00 -7.12401867e+00 -1.08875256e+01 -5.46501493e+00
 -6.32983828e+00 -1.22363720e+01 -1.23233433e+01 -6.63142920e+00
  3.62850523e+00 -6.62608719e+00  1.32631361e+00  1.88032246e+00
 -7.51610279e+00  1.18879676e+00 -3.77783108e+00 -4.11952066e+00
 -6.45766068e+00 -1.26165419e+01  9.94642615e-01 -1.11150770e+01
 -8.27175426e+00 -3.92249012e+00 -2.60926557e+00 -1.55274048e+01
 -1.73222923e+01 -1.06736670e+01 -1.07284193e+01 -1.48486996e+01
 -1.39613552e+01 -1.77942181e+01 -1.59987869e+01 -1.73865108e+01
 -4.66454172e+00 -2.03535020e-01 -1.57573757e+01 -3.66760802e+00
 -1.29789610e+01 -2.69875383e+00 -2.32728252e+01 -2.62606068e+01
 -1.02287424e+00 -8.07543373e+00 -7.79444695e+00 -1.03610992e+01
 -2.76643429e+01 -1.57908499e+00 -9.72505379e+00 -3.30332470e+00
 -3.81615639e+00 -3.84714079e+00 -5.33620834e+00 -1.49314795e+01
 -1.56470642e+01 -1.68623333e+01 -1.70168648e+01 -1.05196142e+01
 -1.22242422e+01 -1.50589838e+01 -1.05952425e+01 -3.22883368e+00
 -8.01298618e+00 -7.55841541e+00  1.77077723e+00 -9.53093338e+00
 -6.66371059e+00 -1.75357914e+01 -2.41632652e+01 -1.22389393e+01
 -2.34201252e-01 -5.57281971e+00 -1.09012299e+01 -8.95314503e+00
 -3.07840753e+00 -4.76188946e+00 -3.88480163e+00 -1.58232288e+01
 -3.69448638e+00 -3.50664663e+00 -1.90024376e+01 -2.49335251e+01
 -3.76045370e+00 -2.09870796e+01 -1.20853424e+00 -5.95724916e+00
 -1.96296387e+01 -1.05262623e+01 -9.47040749e+00 -1.80694828e+01
 -2.34705391e+01 -6.36141396e+00 -3.01992178e+00 -3.42341614e+00
 -2.49092064e+01 -8.78278923e+00 -2.80114269e+00 -1.82947006e+01
  4.68905640e+00 -2.34615002e+01 -1.95531788e+01 -2.01509933e+01
 -1.00032701e+01 -3.29944062e+00 -1.84354038e+01 -1.03049994e+01
 -2.13904839e+01 -1.77145672e+01 -1.28046551e+01 -7.25379276e+00
 -6.21294117e+00 -8.97466564e+00 -5.60816813e+00 -1.18486776e+01
  4.26880217e+00 -6.28445482e+00  1.89486861e-01 -1.33782492e+01
 -1.58291254e+01 -8.56325245e+00 -1.30108929e+01 -1.37922773e+01
 -8.66504669e+00 -1.72386703e+01 -1.14847498e+01  3.20169151e-01
 -2.26904755e+01 -7.60178185e+00 -1.14248409e+01 -8.85227776e+00
 -1.16369247e+01 -2.17293692e+00 -2.46078224e+01 -2.62946701e+01
 -3.06940496e-01 -3.48814511e+00 -1.86827278e+01 -1.60579796e+01
 -4.91400766e+00 -1.55514393e+01 -1.46417980e+01 -1.06122427e+01
 -1.38755667e+00  3.85664582e+00 -1.37156162e+01 -1.15716095e+01
 -5.11817813e-01 -1.97403793e+01 -1.60770741e+01 -3.39200687e+00
 -9.45720005e+00 -1.96870255e+00 -6.87396908e+00 -2.01660938e+01
 -1.33150702e+01 -1.47329149e+01 -5.41425276e+00 -1.47766542e+00
 -1.32110958e+01 -7.63951778e+00 -6.44348049e+00 -1.02416153e+01
 -1.85421600e+01 -5.61346912e+00 -5.71338987e+00 -1.19716635e+01
 -7.59961653e+00 -3.44738483e+00 -3.43304586e+00 -1.09264498e+01
 -8.40085411e+00 -1.34062185e+01 -1.50141506e+01 -1.45462370e+01
 -1.01444464e+01 -2.01422787e+01 -1.47931213e+01 -1.13359137e+01
 -5.33810663e+00 -5.51318264e+00 -7.21325159e+00 -9.77657604e+00
  4.54570913e+00 -3.25571251e+00 -4.02128744e+00 -8.76463032e+00
  6.75283670e-02 -1.21630964e+01 -3.86679769e-02 -1.27428312e+01
 -3.43225408e+00 -1.58148546e+01 -1.17976618e+01 -9.74591827e+00
 -1.04918509e+01 -1.25031729e+01  3.82153988e+00 -1.09473410e+01
 -7.69419956e+00 -2.46331825e+01 -2.23292694e+01 -5.75750351e+00
  4.69218254e+00 -1.70770969e+01  8.53516579e-01 -1.82705116e+01
  2.06727457e+00 -1.86047459e+00 -7.83150291e+00 -1.40296059e+01
 -1.32955980e+01 -2.24821625e+01  2.79404211e+00 -1.82165699e+01
 -9.18284035e+00 -4.74259567e+00 -1.13501968e+01 -1.11049557e+01
 -1.63022461e+01 -2.67848754e+00 -3.94607639e+00  1.01123786e+00
 -2.20715008e+01 -1.43952427e+01  7.64476919e+00 -8.84719276e+00
 -6.65572071e+00 -1.87777519e+01 -1.04909468e+01 -6.44104004e+00
 -7.83017540e+00 -4.69879806e-01 -1.00822287e+01 -6.49522924e+00
 -8.24373245e+00 -9.06518102e-03 -7.37680674e+00 -1.74659443e+01
 -4.44338512e+00 -3.19492817e+01 -5.00878906e+00 -9.71403790e+00
 -1.02865906e+01 -1.27749538e+01 -2.72945251e+01 -8.98077965e+00
 -1.88711472e+01 -1.07379761e+01 -9.19435501e+00 -5.94875765e+00
 -1.54040537e+01  1.84500384e+00 -7.57705927e+00 -1.75620632e+01
 -2.08357315e+01 -2.47172527e+01 -7.66128445e+00 -1.51614304e+01
 -1.32023354e+01 -1.09304743e+01 -1.31909828e+01 -1.35371246e+01
 -7.55585861e+00 -2.37622070e+01  3.15101738e+01 -2.17667923e+01
 -6.94278574e+00  1.50459993e+00 -3.70191002e+00 -1.84150620e+01
 -2.20510244e+00 -9.07395840e+00 -1.37956352e+01 -1.08560886e+01
 -1.22058363e+01  3.64283991e+00 -3.55477881e+00 -2.23265190e+01
 -1.20201702e+01 -4.72840977e+00 -2.54261398e+01 -7.00985193e+00
  3.26545405e+00 -3.69658256e+00 -1.37708788e+01  6.85236549e+00
 -6.84093523e+00 -6.82896423e+00 -2.73174877e+01 -1.42408600e+01
 -1.31260138e+01 -2.96551466e+00 -1.20158558e+01 -1.37092056e+01
 -3.03869724e+00 -1.03694153e+01 -2.09654617e+00  7.35237789e+00
 -7.91935158e+00 -1.45416594e+01 -3.70889330e+00 -3.62217069e+00
 -2.56653476e+00 -2.70635176e+00 -1.40601625e+01 -5.78242922e+00
 -1.95174646e+00 -1.14404974e+01 -7.95168114e+00 -1.24300013e+01
 -4.95584774e+00 -1.64108467e+00 -3.07763433e+00 -1.20289211e+01
 -1.38428659e+01 -1.12474899e+01 -1.75244224e+00 -9.14234447e+00
 -1.10602198e+01 -7.55560303e+00 -1.29952402e+01  3.27084875e+00
 -2.51287289e+01 -1.95605450e+01 -1.08715878e+01 -1.09207096e+01
  6.28044176e+00 -2.27822380e+01 -7.84305382e+00 -1.27120628e+01
 -2.99734402e+00 -2.36032248e+00 -6.88469648e+00 -1.04261243e+00
 -5.17922449e+00 -8.63259983e+00 -1.59531174e+01 -4.91506672e+00
  7.05913258e+00 -1.00284939e+01 -1.34457836e+01 -5.47615862e+00
 -1.01374416e+01 -1.01598215e+01 -6.31258059e+00 -4.24089766e+00
 -6.76829863e+00 -8.28940773e+00 -2.81863728e+01 -2.22211056e+01
 -8.10852337e+00 -2.57022142e+00 -1.78616123e+01 -1.02126255e+01
 -1.01755724e+01 -5.67431498e+00 -7.40399027e+00 -1.04031887e+01
 -1.89259071e+01 -8.40064812e+00 -5.21778202e+00 -1.30953789e+01
 -3.40758848e+00 -1.46453791e+01  1.88337672e+00 -7.67068052e+00
 -9.15697861e+00 -1.76816711e+01 -1.12734909e+01 -2.60449624e+00
 -1.24330959e+01 -1.23903790e+01 -3.94596672e+00 -1.14829893e+01
 -5.00834322e+00 -6.14059830e+00  1.23552442e+00 -2.80872822e+00
 -3.31679732e-02 -8.57286167e+00 -2.58227110e+00 -1.41249857e+01
 -2.44941673e+01 -8.63321495e+00 -7.22051287e+00 -1.60879383e+01
 -1.24424303e+00 -3.00499487e+00 -5.32167816e+00 -5.77958250e+00
 -1.04921532e+01  5.82572269e+00  3.77970958e+00 -4.90166426e+00
 -1.93913097e+01 -1.63249588e+01 -1.92062531e+01 -4.55674744e+00
 -4.26752806e+00 -2.44295101e+01 -1.88193817e+01  7.90433931e+00
 -3.55365639e+01 -6.61499310e+00 -7.84512997e+00 -7.33767271e+00
 -5.14392900e+00 -1.46255426e+01 -1.44612799e+01 -2.91055059e+00
 -6.02731133e+00  5.45643520e+00 -1.42957172e+01 -9.84976101e+00
 -2.54747629e+00 -1.55693769e+01 -2.09852333e+01 -1.74271774e+01
 -4.59507608e+00 -1.03383154e-01 -2.74839573e+01 -1.12700109e+01
 -1.05340214e+01 -8.94244099e+00 -9.97861290e+00 -1.17871323e+01
 -8.74698448e+00 -9.69405842e+00 -1.89243996e+00 -4.19696569e+00
 -8.35725880e+00 -9.13618374e+00  3.16499615e+00 -5.03673744e+00
 -4.34370089e+00 -1.66960278e+01 -6.76870680e+00 -8.48506153e-01
 -1.49065089e+00 -4.02295971e+00 -1.23318062e+01 -1.66148643e+01
 -1.19015989e+01 -6.10015678e+00 -1.70798874e+01 -1.76509075e+01
 -1.91690445e+00 -1.28618412e+01  8.77000213e-01  4.85146332e+00
  3.02796626e+00  3.24732065e-03 -1.29781065e+01 -1.96196842e+01
 -9.81747723e+00  1.38093972e+00 -9.93690205e+00 -9.65810776e+00
 -9.26909065e+00 -5.84504223e+00 -1.52399683e+00 -1.73310928e+01
  3.26277685e+00 -1.50052166e+00  4.05370474e-01 -2.28164845e+01
 -9.92295980e-01 -3.06681252e+00  9.17388916e+00 -7.74644315e-03
 -1.74177628e+01 -7.03327942e+00 -6.10735369e+00 -6.33586121e+00
 -2.01778488e+01 -9.24062252e+00 -9.89519596e+00 -3.95478177e+00
 -2.08284616e+00 -2.41359406e+01 -1.77557697e+01 -1.56309202e-01
 -2.84192600e+01 -1.70032673e+01 -1.01441135e+01 -2.31608272e+00
 -1.13358459e+01 -9.77263355e+00 -1.84699078e+01 -1.26788092e+01
 -2.80027342e+00 -5.81705713e+00 -8.28663528e-01 -6.11965179e+00
 -7.27259254e+00 -6.12937260e+00 -6.22433662e-01 -4.77182055e+00
 -1.62592793e+01 -7.46833658e+00 -3.01614285e+00 -6.13233662e+00
 -7.97898531e+00 -8.27873325e+00 -1.90421257e+01 -6.84373331e+00
 -8.15423965e+00 -9.08215427e+00 -9.34949589e+00 -1.59937468e+01
 -1.33473482e+01 -6.30751801e+00 -1.60339222e+01 -1.18785467e+01
 -3.64780605e-01 -1.69278393e+01 -9.25597095e+00  3.24064755e+00
 -1.38343601e+01 -1.63004265e+01 -1.41688719e+01  2.07869363e+00
 -6.75230980e+00 -3.77286792e+00 -1.13616343e+01 -1.22902861e+01
 -9.13974285e+00 -1.57252731e+01 -1.05630131e+01 -2.00114269e+01
 -4.91949034e+00 -4.58511543e+00 -1.89686813e+01  7.67634273e-01
 -6.93165016e+00 -3.75622177e+00 -5.08701754e+00 -2.16123371e+01
 -4.82203674e+00 -9.14621353e+00 -9.74944305e+00 -1.81578178e+01
  2.35756660e+00 -1.95371284e+01 -6.24488735e+00 -7.35026407e+00
 -1.84613914e+01 -1.22844391e+01 -1.40515709e+01 -1.91102505e+01
 -1.06110859e+01 -2.05498409e+01 -2.40446625e+01 -6.98710394e+00
 -8.96744347e+00 -1.04171925e+01 -9.20836830e+00 -5.37952709e+00
 -9.58276081e+00 -5.62694788e+00 -1.92441139e+01 -1.41609659e+01
 -8.94194603e+00 -1.56923761e+01  3.49705905e-01 -8.38283825e+00
 -2.28032417e+01  4.69791222e+00 -3.77880812e+00 -6.18703079e+00
 -1.67440300e+01 -9.62006187e+00 -4.19914341e+00 -1.39645758e+01
 -1.08139372e+01 -1.09506435e+01 -9.14753532e+00 -1.64569054e+01
  2.01686859e+00  4.48159361e+00 -1.24567137e+01  1.51095200e+00
 -1.17881060e+01 -2.21115551e+01 -1.91852093e+01 -3.11852050e+00
 -1.91485462e+01 -3.16559219e+00 -1.26374416e+01 -6.21512032e+00
 -1.63880844e+01 -3.79153466e+00 -5.97130394e+00  1.41305649e+00
 -1.33940287e+01 -1.25235844e+01 -8.65409946e+00 -7.15060234e+00
 -5.62852573e+00 -9.65067101e+00 -2.94497275e+00 -3.79507113e+00
 -1.24231424e+01 -3.07058296e+01 -4.76209784e+00 -9.95858955e+00
 -1.01990080e+01 -1.07040272e+01 -1.07395897e+01 -1.35944500e+01
 -3.10966992e+00 -2.04024887e+00 -1.76918793e+01 -2.81057668e+00
 -1.18273239e+01  4.26771224e-01 -1.20044680e+01 -6.46050024e+00
 -1.25411940e+01 -3.49309468e+00 -2.65790482e+01 -1.95426807e+01
 -1.25152702e+01 -1.36040478e+01 -1.26281490e+01 -1.85968838e+01
 -2.10011826e+01 -9.81538105e+00 -7.34606075e+00 -1.42082033e+01
 -1.46336603e+01 -1.82689838e+01 -1.00108137e+01 -3.00564170e+00
 -3.29836321e+00 -1.49719179e+00 -4.88321590e+00 -3.38194084e+01
 -1.70749035e+01  1.23122239e+00 -1.06837130e+01 -6.34345961e+00
 -1.95638919e+00  1.69151008e+00 -1.55472183e+00 -1.41671801e+01
 -1.10456181e+01 -1.46747570e+01 -6.99403906e+00 -4.92876005e+00
 -9.69304657e+00 -1.03777494e+01 -4.28442001e+00 -2.02921734e+01
 -8.98120308e+00 -1.23518972e+01 -1.02610149e+01 -1.44402676e+01
 -1.53677626e+01 -2.80669594e+00 -2.59426975e+01 -3.88763428e+00
 -1.16956654e+01 -4.00550508e+00 -1.65765972e+01 -2.83461456e+01
 -8.63630581e+00 -7.39855671e+00 -1.14588070e+01 -6.44488001e+00
 -5.28350163e+00 -7.18047571e+00 -1.71188660e+01 -2.45300331e+01
 -4.09997416e+00 -6.02188396e+00 -2.31924782e+01 -5.24367523e+00
 -6.92762184e+00 -1.22010679e+01 -1.11034346e+00 -2.35937462e+01
 -1.02204771e+01 -8.46424580e+00  4.93869209e+00 -2.01468678e+01
 -1.18147564e+01 -1.30692606e+01 -9.10513401e+00 -2.68227267e+00
 -1.14540920e+01 -7.35651159e+00 -4.20584106e+00 -1.46626863e+01
 -5.31027985e+00 -4.15826738e-02 -9.08055115e+00 -1.96663017e+01
 -9.26107597e+00 -6.96149158e+00 -2.42903976e+01 -1.76966190e+01
 -1.83928680e+01 -1.65745029e+01 -1.26547480e+00 -1.27649708e+01
 -5.97586489e+00 -1.31834307e+01 -7.96782136e-01 -8.87101173e+00
 -9.10466099e+00 -8.71713543e+00 -1.39337378e+01 -3.75693083e+00
  1.21813440e+00 -7.77862930e+00 -1.16816902e+01  4.02312577e-01
 -1.82869091e+01 -1.45872498e+01 -2.78182220e+01 -1.01489067e+01
 -4.54096317e+00 -1.35967102e+01 -6.41655922e+00 -9.79614258e-03
 -2.49523520e-01 -1.38847961e+01 -4.38755083e+00 -6.63200760e+00
 -1.75386791e+01 -1.16468296e+01 -9.83434296e+00  1.52246147e-01
 -3.38100767e+00 -1.98693600e+01 -7.03592300e+00 -6.95958042e+00
 -5.59512424e+00 -1.84419870e+00 -8.50507641e+00 -8.91931343e+00
 -1.09992790e+01 -2.09219379e+01 -1.35415545e+01 -8.92240238e+00
 -1.47281122e+01 -6.42483425e+00 -5.63781548e+00 -7.46368313e+00
 -8.80462646e+00 -8.91435981e-01 -2.05379696e+01  5.10606718e+00
 -1.14497185e+01 -3.64869118e+00 -1.34642229e+01 -1.01383486e+01
 -5.80838537e+00 -7.41864300e+00 -9.65551758e+00 -9.90299034e+00
  3.12522554e+00  6.17371368e+00 -1.45661077e+01  1.05244837e+01
 -1.58107109e+01 -2.34482117e+01 -3.61651468e+00 -9.47991562e+00
  1.59890199e+00 -6.94818449e+00  2.00525784e+00  1.46902752e+00
 -4.60970497e+00 -7.80370522e+00 -1.65372715e+01  1.32135093e+00
 -1.01089096e+01 -3.45785451e+00 -9.24530315e+00 -1.03686113e+01
 -1.17779827e+01 -2.10835934e+01 -4.43711758e+00 -1.48299904e+01
 -5.85136461e+00 -1.40451756e+01 -1.51565599e+00 -4.53881788e+00
 -1.14428835e+01 -1.93605769e+00 -1.55783672e+01 -6.04796946e-01
 -1.70492439e+01 -1.90652027e+01 -1.39035187e+01 -1.19820633e+01
 -1.46164007e+01 -1.44462061e+01 -7.28666019e+00 -9.40994167e+00
 -3.03221226e+00 -1.37150586e-01 -7.43547964e+00  5.62021971e-01
  3.05630624e-01 -2.35803661e+01 -1.03131504e+01 -8.54214859e+00
  6.49961138e+00 -1.20170946e+01 -1.04352713e+01 -1.29529209e+01
 -1.50171747e+01 -1.10085287e+01 -1.18464088e+01 -1.56659908e+01
 -1.43414068e+00 -7.47763872e+00 -3.86598129e+01 -1.52796459e+01
 -1.57375956e+01 -1.79987001e+00 -5.19265079e+00 -1.36486549e+01
 -1.21614847e+01 -8.44756889e+00 -4.99853182e+00 -1.03447285e+01
 -1.46581717e+01 -8.99505138e+00 -7.72466183e+00 -1.08902872e+00
 -7.71242857e+00 -9.11044693e+00 -1.39526491e+01  2.91148639e+00
 -1.65983887e+01 -8.10754836e-01 -1.01147354e+00  1.47346973e+00
 -2.97265987e+01 -1.92211113e+01 -1.00678110e+01 -9.38826561e+00
 -1.62728462e+01 -7.01229286e+00 -1.68012676e+01 -2.38218269e+01
 -4.99427080e+00 -7.75749826e+00 -8.80278206e+00 -1.28207362e+00
 -5.66982555e+00 -4.21039671e-01 -8.30182171e+00 -1.56055486e+00
 -2.58243322e+00 -1.89841251e+01  7.56646872e-01  2.94493699e+00
 -2.12991381e+00 -1.03854752e+01 -4.81909323e+00 -1.77113647e+01
  7.82289982e+00 -9.44656563e+00 -2.04235115e+01 -1.39808350e+01
 -1.16100864e+01 -1.24427557e+01 -6.20544529e+00 -1.25892811e+01
 -8.16252041e+00  1.47203064e+00 -1.97300930e+01 -1.67204971e+01
 -1.08474054e+01  5.14376926e+00 -1.12082443e+01 -1.68501720e+01
 -5.80101538e+00 -3.17721272e+00 -5.46651745e+00 -1.38669386e+01
 -1.47527523e+01 -8.69416142e+00 -2.06175613e+01  1.97282469e+00
 -2.41620789e+01 -1.40559111e+01 -6.92093277e+00 -3.62506771e+00
 -9.45536804e+00 -1.87672386e+01 -1.47512741e+01 -1.54243460e+01
 -3.83523822e-01 -2.61117125e+00 -2.46700048e+00  5.71369410e-01
 -6.68792725e-01  5.08751106e+00 -1.18654547e+01 -1.81540718e+01
 -1.25610428e+01 -6.16314697e+00 -1.36932669e+01 -1.35303259e+00
 -8.76481819e+00 -5.50903440e-01 -9.43142891e-01 -4.25038624e+00
 -2.01621723e+01 -1.41675797e+01 -5.16653728e+00 -1.26327686e+01
 -7.84170437e+00 -1.90909729e+01 -1.36968746e+01 -2.30597363e+01
 -1.08191814e+01 -8.30119419e+00 -1.79717884e+01 -1.25578861e+01
  5.19126701e+00  4.98384762e+00 -1.43703592e+00  2.93882847e+00
 -9.76373768e+00 -6.70359707e+00 -8.98807049e+00 -1.73283017e+00
 -1.78692360e+01 -1.71903019e+01 -8.81769848e+00 -1.80196762e+01
 -4.71815729e+00 -1.89153900e+01 -1.49808836e+01 -1.62127590e+01
 -1.56509676e+01 -6.90807486e+00  2.79686451e+00 -1.26793919e+01
  5.43962479e+00 -1.20085955e+01 -3.51256824e+00 -2.03438377e+01
 -1.90194416e+01 -2.56100922e+01 -3.07160449e+00 -1.17463121e+01
 -8.24287415e+00  1.76630950e+00 -1.06400356e+01 -1.22887754e+01
 -8.89210224e+00  4.16341829e+00 -2.51505470e+01 -6.85587764e-01
 -1.00538425e+01 -9.10755539e+00 -6.38795376e+00 -1.28543139e+01
 -1.24912014e+01 -2.59153938e+00 -2.08444386e+01  2.11082506e+00
 -4.19960451e+00 -7.42529821e+00 -3.79132724e+00 -5.69936514e+00
 -2.54884052e+00 -1.55250797e+01 -3.73486137e+00 -1.15657139e+01
 -8.00323486e-03 -9.36671734e-01 -9.29287815e+00 -1.99835758e+01
 -2.39462471e+01 -1.43467121e+01 -1.12521973e+01 -1.43393202e+01
 -1.88439388e+01  1.78752255e+00  1.60378611e+00 -4.08772373e+00
 -1.35680676e+01  2.32900083e-01 -9.28583527e+00 -1.71257515e+01
 -6.53210354e+00 -2.27559452e+01 -7.23427963e+00 -1.01435728e+01
 -1.12393579e+01 -2.69644051e+01 -1.34554605e+01 -2.37575579e+00
 -7.61164093e+00 -8.39350033e+00 -9.97642899e+00 -1.85515156e+01
 -7.08304405e+00 -3.78044558e+00 -1.33844757e+01 -1.78676529e+01
 -9.57847309e+00 -9.55825138e+00 -1.22547603e+00 -1.46154985e+01
  4.82081175e+00 -3.77856398e+00 -1.59324465e+01 -1.49617624e+01
 -2.56842937e+01 -7.22932482e+00 -1.56086340e+01 -2.41169662e+01
 -9.71582127e+00 -1.16218147e+01 -1.85819187e+01 -1.09183340e+01
  3.62447590e-01 -7.91780472e+00 -6.69752789e+00 -2.05464764e+01
 -7.87953234e+00 -7.62470102e+00 -5.65781116e+00 -1.44078436e+01
 -2.47942901e+00 -1.04439545e+01 -1.42569094e+01 -1.92948132e+01
 -1.36471329e+01 -2.71647606e+01 -8.80796051e+00 -1.74709454e+01
  3.76971602e-01 -1.30137968e+01 -1.20884275e+01 -2.94868126e+01
 -9.40424252e+00 -1.33731341e+00 -2.65163153e-01 -1.09217157e+01
 -1.39346733e+01 -7.62806177e+00 -4.26606560e+00 -1.01373711e+01
 -5.23609447e+00 -8.71693134e+00 -9.07380486e+00 -1.27555494e+01
 -5.53806186e-01 -2.42487774e+01 -1.47102890e+01 -7.92225981e+00
 -2.17124634e+01 -1.58371782e+01 -1.53171272e+01 -1.38212643e+01
 -8.85502529e+00 -1.69816170e+01 -7.81524467e+00 -1.62852275e+00
 -1.83665028e+01 -1.32965565e+01 -1.78414898e+01 -1.05993471e+01
 -1.88057957e+01 -3.21030712e+00 -2.76717329e+00 -2.86494770e+01
 -1.29628372e+00 -8.74844265e+00 -8.64947796e-01 -2.20678196e+01
 -9.93626952e-01 -1.23339720e+01 -1.46079903e+01 -8.36937428e+00
 -4.72199917e+00 -2.06963062e+01 -1.19259186e+01  3.46143055e+00
 -1.26792803e+01 -6.66186619e+00 -1.00306940e+01 -1.18112936e+01
 -1.71307507e+01 -1.08621197e+01 -9.84038544e+00 -4.90437269e-01
 -1.24473648e+01 -2.17353973e+01 -2.80081806e+01 -4.02283955e+00
 -2.01864409e+00 -3.74388242e+00 -8.12160301e+00 -1.46610632e+01
 -2.76789236e+00 -1.15924234e+01 -5.46215105e+00 -4.53951120e+00
 -6.36669254e+00 -1.63003407e+01 -2.21256371e+01 -8.96255302e+00
  2.87130356e+00 -8.15160942e+00 -3.81283140e+00 -1.72929153e+01
 -1.15534477e+01 -2.06418209e+01  4.61290503e+00 -2.30777359e+01
 -1.34523029e+01 -1.73147335e+01 -8.54541874e+00 -8.33743191e+00
 -8.79068947e+00 -4.19473219e+00 -1.23994589e+01 -8.01447272e-01
 -6.47298622e+00 -4.75687313e+00 -9.73575783e+00 -3.09578133e+00
 -5.05480766e+00 -6.20244694e+00  6.02093506e+00 -1.60222073e+01
  4.16289854e+00 -1.96150990e+01 -2.24827023e+01 -7.13499641e+00
 -3.17505836e+01 -8.30299091e+00 -6.85597467e+00 -7.28660774e+00
 -1.43659372e+01 -1.31894464e+01 -1.96893597e+01 -8.75158978e+00
 -2.03729610e+01  1.36898446e+00 -2.04642429e+01 -8.96844006e+00
 -1.57932158e+01 -1.45736294e+01 -5.98114252e+00  7.73370457e+00
 -1.10665588e+01 -1.03113985e+01 -1.19849348e+00 -1.16601791e+01
 -8.74323559e+00  3.72759938e+00 -5.00974274e+00 -1.89934235e+01
 -8.89511871e+00 -1.03984165e+01 -1.31590748e+01 -9.43191624e+00
 -8.04641342e+00 -1.36301394e+01 -2.69383013e-01 -8.26763344e+00
  5.26625335e-01 -9.89940286e-01 -1.82208481e+01 -3.00768733e+00
 -1.38734407e+01 -3.36947155e+00 -1.62263317e+01 -1.16171894e+01
 -1.56939249e+01 -2.65758686e+01 -1.60664616e+01 -1.04488258e+01
 -9.19830799e+00 -9.70413017e+00 -2.80515051e+00 -1.50453472e+01
 -5.74360847e+00 -2.06808681e+01 -1.86815834e+01 -4.13860607e+00
 -9.72883987e+00 -1.24647341e+01 -2.03047409e+01 -7.51938868e+00
 -8.29107189e+00 -1.03483658e+01 -1.43387804e+01 -1.71535873e+01
 -8.98600578e+00 -1.17550421e+01 -7.92932892e+00 -1.13669596e+01
 -1.28262587e+01 -9.68072605e+00 -1.08070755e+01 -1.27777185e+01
 -3.18873835e+00 -6.70253038e+00 -6.21145248e+00 -2.04901099e+00
 -3.79590583e+00 -7.83389807e+00 -1.01402292e+01  3.57060790e+00
 -5.02238750e+00 -1.48728466e+01 -1.44107962e+00 -6.06065512e+00
 -1.04648485e+01 -5.41818810e+00 -2.17177525e+01 -1.49259186e+01
 -1.81770344e+01 -1.04941292e+01 -1.67342987e+01 -1.39526072e+01
 -6.52677155e+00 -5.57781887e+00 -2.08632679e+01 -2.27489491e+01
 -1.26677256e+01  1.00923228e+00 -1.75614510e+01 -3.22304344e+01
  1.06675768e+00 -2.17692890e+01 -3.75516105e+00 -8.39116287e+00
 -1.21940937e+01 -2.05454135e+00 -7.51189566e+00 -1.56700134e+01
 -1.56298265e+01 -1.21136303e+01 -8.77194118e+00 -6.38223505e+00
 -5.95035934e+00 -8.63670254e+00 -8.90262222e+00 -1.59910498e+01
 -4.58297253e+00 -9.19918823e+00 -9.23685074e+00 -9.18513298e+00
 -1.17899399e+01 -1.83055840e+01 -7.23214626e+00  8.64449310e+00
 -1.65472164e+01 -1.83779263e+00 -5.72891045e+00 -5.05783606e+00
 -3.35418367e+00 -1.15292597e+01  2.28288245e+00 -1.07835541e+01
 -1.57854509e+01  6.98066711e+00 -2.67001128e+00 -1.43820677e+01
 -1.12133694e+01 -1.41065788e+00 -5.10596752e-01 -2.29511948e+01
 -1.47593832e+00 -6.26354456e-01 -1.30571299e+01 -6.51829481e+00
 -1.02113762e+01 -1.57001419e+01 -9.09414673e+00 -6.32012463e+00
 -1.61717682e+01 -1.55033445e+00 -1.37514858e+01 -5.64756393e+00
 -1.15232401e+01 -1.07652092e+01 -5.47409105e+00 -4.75524282e+00
 -3.42861438e+00 -1.11908436e+01 -9.35066986e+00 -1.88896999e+01
 -1.33680668e+01 -4.94039392e+00 -8.14628029e+00 -2.31270485e+01
 -1.93899822e+01 -2.02195091e+01  1.86229110e+00 -1.00613184e+01
 -3.13043766e+01 -6.08794641e+00 -7.02056646e-01 -1.13497181e+01
 -3.60658795e-01 -1.36961746e+01 -4.04589367e+00 -1.66390305e+01
 -1.49448814e+01 -1.27385063e+01 -1.94449406e+01 -3.35425115e+00
 -5.13448906e+00 -7.17473221e+00 -1.39284458e+01 -4.37782001e+00
 -4.03643227e+00 -1.07260733e+01  3.97124863e+00 -6.20834637e+00
 -1.67634888e+01 -2.44643955e+01 -1.37477160e+01 -6.92081022e+00
 -1.33556852e+01  1.40610313e+00 -2.96915264e+01 -5.02147818e+00
 -1.01555080e+01 -9.74042988e+00 -1.48727350e+01 -1.17739515e+01
 -1.10648174e+01 -1.60232410e+01 -1.96708984e+01 -1.01012878e+01
 -1.26351385e+01 -2.29571743e+01 -1.06848764e+01 -3.19811416e+00
 -8.16158581e+00 -2.38567009e+01  1.36950779e+00 -4.02592707e+00
 -1.90798893e+01 -1.01369915e+01 -6.48880100e+00 -2.71834106e+01
 -6.03648567e+00 -4.25788784e+00 -5.34434748e+00  3.58770680e+00
 -8.59520149e+00 -2.71610212e+00 -7.21875286e+00 -1.68851433e+01
 -1.47503197e+00 -1.64767704e+01 -1.45570059e+01 -8.15588856e+00
 -9.99544239e+00 -1.73252487e+01 -2.11722660e+00 -9.48414993e+00
 -1.02869864e+01 -1.61175900e+01 -8.01130390e+00  2.50294089e+00
 -1.73190379e+00 -1.13226783e+00 -8.37778187e+00 -4.03908342e-01
 -1.91776752e+01 -2.47066536e+01 -4.20075703e+00 -2.22236500e+01
 -1.64868603e+01 -2.21739459e+00  6.54781914e+00 -1.11748047e+01
 -6.61007786e+00 -2.56662598e+01 -1.35128946e+01 -1.86391010e+01
 -1.58538961e+01 -1.94775295e+01  2.02217937e+00 -1.12646837e+01
 -1.69107323e+01 -8.46372032e+00 -8.39522064e-01 -3.58895063e+00
 -3.31285477e+00  7.46197367e+00 -4.27116346e+00 -1.59288845e+01
  4.02768087e+00 -2.63478699e+01 -1.83571148e+01  6.39019966e-01
 -2.60864317e-01 -7.26731825e+00 -1.62395802e+01 -1.31094913e+01
 -6.43915272e+00 -1.89797413e+00 -1.12872353e+01 -1.24711533e+01
 -9.18968582e+00 -4.86462641e+00  1.64036250e+00 -8.55134487e+00
  1.48380050e-02]
max_val: [ 1.27264194e+01  1.46275215e+01  4.33876801e+00 -2.66410589e+00
  1.27094097e+01  1.84838638e+01  5.20962048e+00  7.45198727e+00
  9.36142635e+00  7.75796652e+00  2.46142864e+00  1.34408436e+01
  1.61591733e+00  8.51769352e+00  6.41053677e+00  1.58146553e+01
  1.87785206e+01  8.89570236e+00  1.35750561e+01  1.65310440e+01
  1.02875862e+01 -1.20533586e+00 -9.06304061e-01  1.12837257e+01
  2.25995617e+01  7.53527498e+00  1.14106283e+01  1.19260187e+01
  5.68555260e+00  5.41760159e+00  1.40261488e+01  2.47333984e+01
  4.62894487e+00  6.03086901e+00  6.34120655e+00  1.03171568e+01
  2.70153165e+00  1.47292318e+01  3.69011211e+00  1.74368992e+01
  7.86360264e+00  1.87604790e+01  1.87883377e+01  5.90817213e+00
 -1.01060057e+00  1.57132597e+01  1.92888794e+01  9.92064762e+00
  1.30429649e+01  1.26683855e+01  9.40359211e+00  4.45283234e+02
 -1.71188021e+00  6.63657284e+00  1.20857935e+01  1.08732100e+01
  2.21830406e+01  1.66161461e+01  7.42569065e+00  1.84469681e+01
  8.32238317e-01  8.18247223e+00  1.58110018e+01  1.71539021e+01
  9.68944550e+00  4.90134335e+00 -3.97067833e+00  6.82938147e+00
  1.25464592e+01  7.78777027e+00  1.12784376e+01  8.16965294e+00
  2.03863049e+01  3.37948608e+00  2.25508080e+01  6.30409765e+00
  1.01451092e+01  1.36519775e+01  1.94591808e+01  2.75853539e+00
  1.14879494e+01  1.88103867e+01  1.92255707e+01  6.87306356e+00
 -1.91416204e+00  5.13979149e+00  1.80440826e+01  4.25643396e+00
  5.00095129e+00  1.08981600e+01  1.08514872e+01  1.35507889e+01
  9.63111019e+00  9.95717621e+00  1.92975254e+01  3.57582331e+00
  1.40212946e+01  1.29852505e+01  1.76741867e+01  9.02869987e+00
  2.02874203e+01  6.39128351e+00  5.75656176e+00  1.66603870e+01
  1.52501192e+01  5.73883438e+00  1.60236378e+01  1.31595678e+01
  2.01051903e+01  1.25731869e+01  1.67214985e+01  2.16317654e+01
  2.21185551e+01  1.12651262e+01  1.58170071e+01  2.05059109e+01
  3.55010719e+01  1.59211111e+01  1.92559605e+01  3.76090002e+00
  1.17731915e+01  1.24005804e+01  1.94398570e+00  1.53781614e+01
  7.30922413e+00  4.11066198e+00  1.00844965e+01  7.29260015e+00
  1.82905827e+01  1.81711884e+01  2.32076397e+01  1.68148499e+01
  1.18567963e+01  2.80190945e+01  1.98376656e+01  1.22431383e+01
  1.78989029e+01  1.26071692e+01  2.32100697e+01  7.18389416e+00
  9.05972099e+00  2.37418804e+01  1.48427534e+01  8.15374565e+00
  1.22549944e+01  1.07109566e+01  1.08921709e+01  7.82981539e+00
  8.76994228e+00  5.44046545e+00  1.37123070e+01  2.69483829e+00
  2.47545509e+01  2.14410229e+01  6.50253057e+00  1.26705341e+01
  8.11392403e+00  1.07091389e+01  5.43614197e+00  9.78428173e+00
  2.11481018e+01  1.52102947e+01  7.15087032e+00  3.87005591e+00
 -3.55350280e+00  1.55966578e+01  1.09589567e+01  1.70578327e+01
  7.16181469e+00  1.54482040e+01  1.29597130e+01  1.41631308e+01
 -2.90229988e+00  5.41491175e+00  2.03905487e+00  9.72230434e+00
  1.16092072e+01  7.25341702e+00  3.12424707e+00  1.69902954e+01
  7.98343182e+00  1.71755562e+01  3.30427132e+01  1.06361303e+01
  1.21070881e+01  1.24602089e+01  5.86588335e+00  5.30329847e+00
  2.13834286e+01  1.04018517e+01  8.71087742e+00  9.27787304e+00
  1.38754168e+01  1.41025801e+01  1.06694012e+01  2.57558680e+00
  1.20975304e+01  1.38334160e+01  7.44431591e+00  5.21818638e+00
  1.03698416e+01  6.20069563e-01  1.73557587e+01  1.14078074e+01
  1.59705234e+00  1.26057396e+01  1.31387949e+01  8.43997097e+00
  5.23490286e+00  8.01272011e+00  6.31830120e+00  2.59914627e+01
  2.01141268e-01  7.67081213e+00  1.80799923e+01  6.72739077e+00
  2.69373989e+01  7.31779242e+00  9.24183369e+00  7.30663538e+00
  8.30236053e+00  2.48896675e+01  1.04340515e+01  1.08915882e+01
  2.51068592e+00  7.36175156e+00  1.46882896e+01  1.23301229e+01
  1.50764961e+01  1.65337238e+01  1.07921352e+01  4.41345167e+00
  2.03533154e+01  1.84166069e+01  2.78758373e+01  1.30815802e+01
  4.29927397e+00  1.04214344e+01  6.45836878e+00 -1.44125426e+00
  7.21107960e+00 -7.33240545e-02 -6.43141687e-01  1.55854025e+01
  5.83565950e+00  1.22817726e+01  5.93484306e+00  9.42948818e+00
  1.38840160e+01  1.72062016e+01 -1.23282814e+00 -3.13592434e+00
  2.05342846e+01  1.19063349e+01  1.10188923e+01  7.53860950e+00
  8.77896500e+00 -5.51447868e-01  3.99198294e+00  1.30602741e+01
  1.49880180e+01  2.08284397e+01  6.10779667e+00  2.78786707e+00
  2.02113895e+01 -3.84373331e+00  2.18377705e+01  1.47974901e+01
  1.11778460e+01  1.42812986e+01  1.19908857e+01  5.99432051e-01
  6.71921444e+00 -3.85085034e+00  9.94818974e+00  1.35766678e+01
  1.72774029e+01  1.00981474e+01  1.78106899e+01  1.17533121e+01
  3.06290627e+00  2.06015434e+01  1.20795898e+01  3.91377163e+00
  7.34243822e+00  1.65096912e+01  1.80984402e+01  7.98910046e+00
  1.32727423e+01  9.24197865e+00  1.32894669e+01  5.99192810e+00
  9.71875381e+00 -3.29910755e+00  2.87698984e+00  9.08654594e+00
  1.45466146e+01  1.35076523e+01  1.07342777e+01  6.47027302e+00
  2.98823090e+01  1.87809429e+01  1.88232517e+01  1.57895250e+01
  1.44224777e+01  1.33870869e+01  2.41877861e+01  5.58071375e+00
  1.00899134e+01  8.19640541e+00  4.35122633e+00  1.39508352e+01
  1.05512514e+01  5.63790083e+00  3.07524281e+01  8.19191742e+00
  1.20836744e+01  3.68630791e+00  2.03612685e+00  1.57915268e+01
  2.24708939e+01  2.62434649e+00  1.71045914e+01 -2.98039103e+00
  2.64318657e+01  7.75318718e+00  2.19743118e+01  4.28763056e+00
  7.41547537e+00  3.90370011e-01  2.01460209e+01  5.89509439e+00
  3.57257652e+00  8.84521580e+00  3.04118013e+00  3.77586055e+00
  4.26845741e+00  3.32360840e+01  1.37305841e+01  3.12574482e+01
  4.19402313e+00  5.28705549e+00  3.12673397e+01  8.72946167e+00
  8.75389004e+00  3.11581230e+00  9.49888515e+00  1.89186420e+01
  6.06836319e+00  2.57835236e+01  5.91542864e+00  9.87815189e+00
  1.66328926e+01  2.13848419e+01  8.01807976e+00  8.19263840e+00
  1.31645451e+01 -1.56248736e+00  1.65139179e+01  1.32516346e+01
  7.08215904e+00  1.46165252e+00 -2.73487926e+00  2.36965981e+01
  1.28516874e+01  5.71971989e+00  6.41654491e+00  1.45229940e+01
  1.75943108e+01  2.55990276e+01  1.45211830e+01  6.23456669e+00
  1.54843187e+00 -1.49300277e+00  1.38961992e+01  3.94574857e+00
  2.04610577e+01  9.23422337e+00  3.86345744e+00  1.41090882e+00
  9.34060287e+00  5.48418331e+00  2.27892502e+02  3.15668249e+00
  1.72526474e+01  2.29280548e+01  1.45902662e+01  8.84420395e+00
  1.31294212e+01  2.43025742e+01  3.28306079e+00  1.86678619e+01
  1.68229637e+01  2.77169456e+01  1.28973827e+01  1.63051605e+00
  6.88589191e+00  8.76440716e+00  1.07975912e+01  1.48266497e+01
  2.17150249e+01  9.83233833e+00  4.73895311e+00  2.86442814e+01
  1.08594179e+01  8.94479847e+00  2.30542660e+00  4.13176298e+00
  1.28122225e+01  2.09776478e+01  2.87850952e+00  6.28927565e+00
  9.27412796e+00  5.12115812e+00  1.18838997e+01  2.19210129e+01
  5.94683599e+00  3.70316863e+00  1.04706364e+01  1.68596306e+01
  1.54321146e+01  1.34121923e+01  7.68637037e+00  1.42361059e+01
  1.87433319e+01  6.01191473e+00  7.35399961e+00  1.14481297e+01
  1.38219948e+01  1.42530003e+01  1.02848148e+01  1.11937571e+01
  2.01746368e+00  2.32867384e+00  1.26842852e+01  5.02559137e+00
  1.37571049e+01  1.50130072e+01  9.43637848e-01  1.75975094e+01
  5.90565300e+00  5.84154367e+00  6.48616982e+00  1.83600636e+01
  2.20874786e+01 -2.56204987e+00  1.05865002e+01  1.85898762e+01
  2.53787899e+01  1.54773445e+01  1.57235994e+01  1.50792046e+01
  6.15684128e+00  1.13499498e+01  4.20715427e+00  1.01175079e+01
  2.10852394e+01  1.43154993e+01  5.60309458e+00  1.40145140e+01
  4.88188696e+00  1.52463322e+01  2.59999537e+00  3.57150803e+01
  1.03594847e+01  1.16273460e+01 -1.92931592e-02 -2.59779572e+00
  9.94542885e+00  9.87577248e+00  1.85450292e+00  1.02277689e+01
  9.71637249e+00  6.52852583e+00  9.12249947e+00  1.26534567e+01
  3.25180864e+00  9.79476070e+00  1.06159487e+01  1.92009068e+01
  1.73670406e+01  1.12135668e+01  2.36831646e+01  8.07884312e+00
  1.17153454e+01  6.11105776e+00  1.37634287e+01  1.52110834e+01
  1.58737831e+01  1.19742851e+01  1.31481133e+01  1.74546516e+00
  2.00905895e+01  7.20550156e+00  2.64119511e+01  1.23396358e+01
  1.99264412e+01  7.17043591e+00  1.30143270e+01  8.53567410e+00
  3.23035889e+01  1.37282896e+01  1.41451406e+01  5.94642878e+00
  1.99746437e+01  1.20990562e+01  9.35274220e+00  9.14301491e+00
  6.19140434e+00  1.64989052e+01  2.94565525e+01  1.34688015e+01
  1.30318985e+01  3.23578572e+00 -2.56061077e+00  1.11362009e+01
  2.36317863e+01 -3.98263931e-01  1.27001457e+01  2.93644123e+01
  9.60273266e-01  6.73836803e+00  2.55311537e+00  1.13098259e+01
  2.09213924e+01  1.04186792e+01  5.84263134e+00  3.66978798e+01
  6.98810816e+00  2.59854202e+01  6.44320774e+00  9.13614750e+00
  2.11849041e+01  2.80616379e+00  9.60914230e+00  1.39087267e+01
  1.49525490e+01  1.82732792e+01 -1.49121010e+00  5.16970158e+00
  1.09893751e+01  1.15934124e+01  1.09681787e+01  1.26560688e-01
  2.32085705e+01  8.18675041e+00  1.50485048e+01  9.08081627e+00
  8.99837685e+00  9.77462387e+00  2.20093231e+01  1.70269108e+01
  8.93655300e+00  1.02031555e+01  1.17118139e+01  1.51788473e+01
  1.74527206e+01  1.16349640e+01  7.15454006e+00  5.37721157e-01
  5.23784876e+00  9.16673565e+00  4.96088356e-01 -3.13286853e+00
  1.80877285e+01  3.91683674e+00  2.20575008e+01  2.35650406e+01
  2.59310665e+01  1.74969559e+01  2.24252629e+00 -2.85694003e+00
  7.73265743e+00  2.47819767e+01  1.16898108e+01  9.29642296e+00
  4.63697529e+00  1.30834923e+01  1.19266720e+01  8.13074589e-01
  1.98413467e+01  2.73351479e+01  2.41732903e+01  3.02685404e+00
  1.41655931e+01  1.41967144e+01  4.24453239e+01  1.76876869e+01
  8.32344627e+00  6.78278160e+00  7.18052626e+00  1.90310516e+01
  4.41602945e+00  8.38314247e+00  4.07557535e+00  1.37928257e+01
  1.97734051e+01  4.00297117e+00  2.39048648e+00  2.14599113e+01
 -5.64138126e+00  7.62229776e+00  9.69402599e+00  1.88460732e+01
  9.10827732e+00  1.34516430e+01  8.21388531e+00  5.08779907e+00
  1.82575531e+01  1.66725712e+01  2.00931454e+01  7.46921349e+00
  6.60932112e+00  1.04877701e+01  2.06675701e+01  1.85592079e+01
  4.49988222e+00  1.12285261e+01  1.99663448e+01  1.55044308e+01
  1.68609314e+01  1.11490421e+01  2.54330516e+00  1.22674284e+01
  5.79829407e+00  1.33537846e+01  1.70302620e+01  3.35400057e+00
  1.16710606e+01  5.88385057e+00  7.06360865e+00  5.81927681e+00
  1.27275667e+01  9.84258413e-01  8.31171894e+00  2.78085670e+01
  2.14080286e+00 -2.92270756e+00  4.00544882e+00  1.62050228e+01
  7.37907839e+00  1.58798075e+01  6.65474701e+00  1.96967449e+01
  1.05019445e+01  9.45618820e+00  1.02281103e+01  1.24711037e+01
  1.68940639e+01  2.58952866e+01 -4.74379182e-01  1.22942991e+01
  6.92760897e+00  1.86677017e+01  9.51800251e+00  8.71770096e+00
  1.70911827e+01  3.58616567e+00  1.00331411e+01  1.09075499e+01
  2.44115505e+01  7.38489103e+00  1.04606543e+01  5.97919178e+00
  2.52598739e+00  1.43656740e+01 -3.02861989e-01  7.20417213e+00
  9.99001920e-01  9.21367550e+00 -6.20680046e+00  1.28725395e+01
  1.17889919e+01  4.28662109e+00  1.10018148e+01  1.47644787e+01
  5.53092194e+00  1.05336361e+01  8.32065487e+00  3.54943871e+00
  1.01691170e+01  3.88090825e+00  1.59739599e+01  1.62559357e+01
 -4.84164238e+00  1.70388889e+01  1.18573322e+01  8.63430595e+00
  7.35467863e+00  1.38514042e+01  2.52064514e+01  6.42146063e+00
  1.21976500e+01  1.31807575e+01  4.62064409e+00  4.91059017e+00
  1.62492447e+01  3.04500256e+01  6.15897083e+00  1.86204739e+01
  4.87368298e+00  5.65838337e-01  2.52962351e+00  1.18273849e+01
  6.38081026e+00  1.80718651e+01  6.14734316e+00  1.39257402e+01
  2.69084835e+00  1.15862503e+01  1.86951160e+01  2.26129227e+01
  3.02044606e+00  9.11576557e+00  1.06690989e+01  9.76940155e+00
  1.16776247e+01  4.53097677e+00  1.17763557e+01  1.26112728e+01
  4.69743109e+00  3.65970373e+00  1.58325224e+01  2.69131708e+00
  6.78785372e+00  5.59955359e+00  6.94782257e+00  6.56451225e+00
  1.38809071e+01  2.57428646e+01  1.01081266e+01  1.27877302e+01
  6.39492464e+00  1.72507343e+01  1.00708284e+01  1.06829939e+01
  3.35510302e+00  8.64565754e+00  1.09945560e+00  7.82018089e+00
  6.71990204e+00  3.57910085e+00  7.78732586e+00  1.53545189e+00
  7.38453674e+00  1.11204109e+01  9.31154060e+00  8.22112274e+00
  4.02301884e+00  6.74992132e+00  1.34612398e+01  1.21766338e+01
  1.77456417e+01  1.84440212e+01  1.32788744e+01 -1.19862020e+00
  2.98276019e+00  2.18664474e+01  1.24017353e+01  1.45030804e+01
  2.01843166e+01  2.39582520e+01  1.54745712e+01  3.94374132e+00
  8.54772282e+00  9.06589890e+00  1.43942442e+01  1.59093447e+01
  8.17659855e+00  6.67604399e+00  1.08027363e+01 -3.81973934e+00
  1.10973606e+01  1.03783798e+01  1.11664696e+01  1.06898088e+01
  8.85099792e+00  1.13745775e+01  4.67482138e+00  1.78463440e+01
  7.59507179e+00  1.20050964e+01  6.39891982e-01 -1.72388482e+00
  4.54907370e+00  1.97492638e+01  4.95504665e+00  1.13399038e+01
  1.55113916e+01  9.36508369e+00 -5.47005832e-01  3.53856850e+00
  1.28701420e+01  9.63587093e+00  7.00552702e+00  1.11439028e+01
  8.35211086e+00  5.97812033e+00  1.13831387e+01  8.36798477e+00
  3.71992159e+00  2.83421726e+01  2.71218777e+01  3.16942501e+00
  2.41982388e+00  8.01894283e+00  1.40105162e+01  1.49390564e+01
  2.53464813e+01  1.03031206e+01  1.33998585e+01  5.94028234e-01
  1.89686356e+01  2.15118046e+01  1.04408436e+01  1.94281673e+00
  8.09524155e+00  1.33940792e+01 -4.02140808e+00  2.60466790e+00
  1.44877315e+00  1.97464237e+01  1.17762432e+01  1.22936544e+01
  8.55042553e+00  5.46853113e+00  1.44980822e+01  8.29129601e+00
  9.38005733e+00  9.43509293e+00  4.82622957e+00  1.52008429e+01
  1.83058796e+01  8.19421387e+00  2.92792153e+00  2.21344757e+01
  2.52909327e+00  2.14818096e+00  6.25630856e+00  7.65611315e+00
  1.40261364e+01  7.06054544e+00  1.67342205e+01  1.92090683e+01
  1.26200476e+01  5.82777929e+00  7.39773464e+00  7.08465481e+00
  6.63194466e+00  7.07973242e+00  3.44829464e+00  2.04614353e+01
  1.97558403e+01  3.82382226e+00  2.94701653e+01  1.04946556e+01
  1.03867989e+01  2.51309700e+01  6.21898031e+00  9.77536201e+00
  7.86103344e+00  4.49415684e+00  1.09298086e+01  1.43799620e+01
  8.84016323e+00  1.52317696e+01  1.41846838e+01  1.59922857e+01
  1.30695362e+01  2.96889381e+01 -6.97104812e-01  2.15778923e+01
  8.67047882e+00  1.25232029e+01  7.09540033e+00  4.49622297e+00
  1.15962620e+01  1.58593311e+01  1.27743883e+01  1.36233644e+01
  2.94561501e+01  2.53917942e+01  3.96853542e+00  2.70583496e+01
  8.39838982e+00  9.23046112e+00  9.11182499e+00  8.50042725e+00
  2.89951191e+01  1.68172474e+01  2.02691784e+01  1.40957994e+01
  1.43662739e+01  8.92099667e+00  4.47668970e-01  2.45663338e+01
  6.89160061e+00  1.42693930e+01  1.23102636e+01  3.14767909e+00
  1.90516996e+00  3.34576082e+00  1.36728640e+01  7.06626701e+00
  1.22321920e+01  8.64764595e+00  2.01778088e+01  1.91010170e+01
  8.93050671e+00  9.71546745e+00  1.14057560e+01  1.51212635e+01
  9.44522667e+00 -2.58380127e+00  5.92417908e+00  2.71123338e+00
  1.34477496e+00  5.80812740e+00  9.91186237e+00  1.26005335e+01
  1.94700356e+01  1.96096268e+01  7.86945391e+00  2.11635437e+01
  1.59414396e+01 -2.64681220e+00  1.37064066e+01  2.18138561e+01
  2.89360600e+01  5.99903536e+00  6.89781380e+00  6.32296705e+00
  7.01991987e+00  1.95520382e+01  4.24426603e+00  1.80873394e+00
  1.91227207e+01  2.02175655e+01  5.54258776e+00  1.27378263e+01
  4.84805012e+00  1.11243572e+01  2.15578728e+01  1.16598196e+01
  5.47368526e+00  5.88280058e+00  1.54521732e+01  6.50346279e+00
  3.38650489e+00  7.58302402e+00  4.11500835e+00  1.63329735e+01
  1.64876823e+01  1.41852055e+01  6.58181572e+00  2.07137470e+01
  4.63754702e+00  1.74461079e+01  1.68652477e+01  2.62075729e+01
 -1.33599591e+00  8.89411628e-01  8.69022560e+00  1.91475563e+01
  4.31510925e+00  1.02744703e+01  7.78620005e-01 -1.29821432e+00
  1.15703659e+01  4.94981003e+00  3.43373179e+00  1.27312012e+01
  1.27494860e+01  1.93664417e+01  7.70505857e+00  1.27932377e+01
  1.32696896e+01  8.21963596e+00  1.92766361e+01  1.52045650e+01
  1.27288952e+01  1.73339882e+01  8.67914009e+00 -2.72312522e+00
  2.65468597e+01  6.98835087e+00 -3.79020357e+00  1.28429451e+01
  8.39004040e+00  9.32556248e+00  2.10676537e+01  8.65621471e+00
  1.02914476e+01  1.56809521e+01  1.67827625e+01 -1.59245956e+00
  6.12188816e+00  2.24001064e+01  9.64502716e+00  3.87030768e+00
  1.39533644e+01  1.50879412e+01  6.29082108e+00  1.00378017e+01
  6.48506975e+00  3.10269594e+00  9.66502571e+00  1.99143162e+01
  6.89684343e+00  1.06727962e+01  2.40526714e+01  1.46803675e+01
  2.32410121e+00  4.13806629e+00  1.18106699e+00  7.09965181e+00
  1.79055710e+01  1.80052013e+01  1.93519363e+01  1.65032272e+01
  1.12534103e+01  2.47091370e+01  5.19644260e+00  4.82614708e+00
  4.48986387e+00  1.71742554e+01  9.15993309e+00  1.70638294e+01
  3.89434743e+00  1.37520275e+01  2.26432533e+01  1.29654093e+01
 -3.29290414e+00  1.08202543e+01  1.69262486e+01  1.18022957e+01
  1.42982244e+01  7.25084257e+00  5.31587219e+00  1.04104137e+00
  8.15925217e+00  9.12288284e+00  5.09538078e+00  4.33955050e+00
  2.42592506e+01  2.61698551e+01  1.56948900e+01  2.53422775e+01
  1.20653601e+01  7.56538963e+00  1.12851896e+01  1.53115215e+01
 -1.14117157e+00  6.29004717e+00  5.61997890e+00  3.50711203e+00
  1.04000959e+01  1.56260757e+01  6.26324797e+00  1.04875059e+01
  1.73449039e+00  1.55283308e+01  2.23957138e+01  4.92680645e+00
  3.43624001e+01  6.82608318e+00  1.64630413e+01  5.91380692e+00
  4.06518984e+00  6.37968421e-01  1.23161259e+01  4.77170706e+00
  9.83447552e+00  1.85255718e+01  5.35588312e+00  6.16557026e+00
  1.30051813e+01  2.25429440e+01  4.02876472e+00  2.40338993e+01
  8.95349789e+00  9.32248688e+00  1.31924820e+01  6.22391033e+00
  2.55415974e+01  9.41695690e+00  8.38809681e+00  1.66040173e+01
  1.26801100e+01  1.59586782e+01  1.35709772e+01  1.16666174e+01
  1.15189409e+01  1.09766483e+01  1.52415199e+01  1.81878452e+01
  1.59989710e+01  1.32533941e+01  9.66392219e-01  1.17187309e+01
  8.40548897e+00 -4.78858328e+00  1.60911407e+01  4.89661741e+00
  1.99328017e+00  1.80108128e+01  1.52410107e+01  1.92475414e+01
  6.37668705e+00  2.19116402e+01  1.07999287e+01  5.81320047e+00
  8.82797813e+00 -4.86744022e+00  1.11995544e+01  1.29849653e+01
  7.39423466e+00  9.30340195e+00  6.23769093e+00  2.47622108e+01
  6.98694324e+00  7.47880507e+00  4.16921949e+00  8.14936256e+00
  2.24044418e+01  2.16275234e+01  7.58029699e+00  9.33946991e+00
  6.36210060e+00  5.84258175e+00  1.54892988e+01  1.29524736e+01
  2.49538155e+01  2.87993450e+01  3.85719681e+00  6.40284634e+00
 -6.52546692e+00  5.05471420e+00  8.46954155e+00  1.89383945e+01
  5.38499403e+00  5.44863367e+00  1.64267330e+01  2.03784771e+01
  1.62622700e+01  1.06290169e+01  1.84426632e+01  1.98514533e+00
  1.10926695e+01  7.29694319e+00  1.58083801e+01  7.58158064e+00
  2.11469822e+01  4.41576385e+00  7.89339304e+00 -1.84721661e+00
  1.45501213e+01 -6.82273746e-01  1.11095057e+01  4.65433359e+00
  1.59014082e+01  1.04679241e+01  8.15279484e+00 -5.66776276e-01
  1.17694836e+01  1.38593235e+01  1.19248524e+01  1.57177525e+01
  3.35846710e+00  6.97418642e+00  2.22681122e+01  2.56193662e+00
  2.57172680e+01  4.26426268e+00  1.55549040e+01  8.42238140e+00
  1.57477140e+01 -6.01503754e+00  1.48908234e+00  6.98797989e+00
 -3.03515887e+00  2.09534407e+00  4.35174227e+00  2.88080549e+00
  1.41299295e+01  1.12230577e+01  1.11102943e+01  1.41258421e+01
  1.11106968e+00  1.03569145e+01  8.57187557e+00  1.07850332e+01
 -5.76751590e-01  9.55079269e+00  9.83054543e+00 -5.05292368e+00
  2.12386475e+01  7.28850412e+00  1.75084400e+01  1.99748383e+01
  1.94748135e+01  9.18155384e+00  8.26056671e+00  3.49482727e+00
  8.40265274e+00  5.89036560e+00  1.13491402e+01  2.35325279e+01
  5.57953978e+00  1.49365540e+01  1.36256371e+01  1.08343267e+01
  3.06016475e-01  4.40263599e-01  6.63300943e+00  2.53432446e+01
  5.09456587e+00  4.25247669e+00  4.50521374e+00  2.09544010e+01
  1.76501522e+01  1.08734999e+01  1.15773344e+01  3.36483788e+00
  9.45279980e+00  4.44204569e+00  1.16836052e+01  1.03281450e+01
  5.38219738e+00  6.24925756e+00 -1.19654226e+00  1.29842510e+01
  1.98987732e+01  5.23609257e+00  1.73771229e+01  6.50528860e+00
  1.09229422e+01  2.59123158e+00  3.06588573e+01  5.08802605e+00
  1.59161005e+01  2.26244307e+00 -3.02939355e-01  1.04583721e+01
  9.10419178e+00  1.38063812e+01  8.19545937e+00  2.17529182e+01
  9.21210861e+00  1.04866209e+01  1.10194311e+01  7.65820885e+00
  6.40202856e+00  1.94504051e+01  2.81640759e+01  8.64625573e-02
  2.37573490e+01  2.75201178e+00 -4.10231686e+00  1.04666538e+01
  7.48655176e+00  1.05229883e+01  1.20661478e+01  1.04964695e+01
  1.13213081e+01 -2.76663017e+00  3.74432445e+00  1.10109396e+01
  1.16544037e+01  1.17759857e+01  8.27254117e-01  5.88182878e+00
  9.16083908e+00  8.81670475e+00  1.23324232e+01  3.86830444e+01
  3.15712523e+00  9.13638401e+00  1.33782568e+01 -3.73365462e-01
  6.58624268e+00  2.01214485e+01  1.54682093e+01  4.34949398e+00
  7.98783350e+00  9.15134239e+00 -2.75564492e-01  7.17001152e+00
  1.94716434e+01  9.02181149e+00  1.81251354e+01  5.18563271e+00
  1.29585781e+01  2.02992287e+01  7.23552990e+00  1.48000298e+01
  1.02882605e+01  1.02224140e+01  2.87131262e+00  3.69377947e+00
  1.84903193e+00 -7.19197318e-02  5.19404840e+00  8.90445042e+00
  1.33541250e+01  4.74454546e+00  1.23322144e+01  7.44431448e+00
  1.01209793e+01  1.36560416e+00 -7.52610028e-01  2.25548325e+01
  5.35315418e+00  8.24484444e+00 -1.40704942e+00  2.39116268e+01
  1.28370314e+01  1.91343288e+01  5.61846638e+00  6.34974527e+00
  1.96763039e+01  1.02556877e+01  1.73193989e+01  6.92681551e+00
  3.82212663e+00  1.19425478e+01  3.40618253e+00  4.52272177e+00
  1.46016884e+01  8.03091621e+00  5.96475744e+00  1.85033054e+01
  1.35693550e+01  7.65334606e+00  7.57275200e+00  3.35017052e+01
  2.19164467e+01  2.32190018e+01  1.95390301e+01  1.85377064e+01
  1.10724611e+01  2.68709717e+01  7.50862718e-01  4.47970104e+00
  8.17418861e+00  3.40310574e+00  7.45570481e-01  5.18498421e+00
  1.09448042e+01  1.04433842e+01  2.39484817e-01 -3.41681695e+00
  9.42073059e+00  2.12537498e+01  6.27067184e+00 -5.63775897e-02
  2.21194382e+01  2.44550724e+01  2.07984676e+01  6.01871395e+00
  1.64006996e+01  1.46720505e+01  8.94849300e+00  1.03400726e+01
  1.04857492e+01  5.05478716e+00  1.52410927e+01  1.63066845e+01
  6.90155172e+00  1.49630985e+01  6.24637461e+00  6.98519421e+00
  1.23356714e+01  1.05581427e+01  1.57057190e+01  4.39818048e+00
  5.26193476e+00  8.05650711e-01  1.03568182e+01  1.11249825e+02
  6.09218025e+00  1.65611954e+01  6.99389982e+00  1.09515839e+01
  1.49090500e+01  8.40038490e+00  2.11501713e+01  1.60956192e+01
  7.41133642e+00  2.21540146e+01  1.27190323e+01  8.16236305e+00
  1.23149490e+01  1.18062143e+01  2.10534973e+01  5.90430737e+00
  2.26831036e+01  1.55751476e+01  7.46305799e+00  1.21128435e+01
  1.59968338e+01  5.81540251e+00  8.15525723e+00  1.62312088e+01
  5.39596701e+00  1.74493675e+01  1.33659334e+01  1.11212120e+01
  3.05383778e+00  1.21071119e+01  1.11776409e+01  1.02873030e+01
  1.73682652e+01  9.18175983e+00  1.14804134e+01  4.99221802e+00
  4.18683767e+00  1.85933647e+01  3.94912934e+00  5.75904369e+00
 -2.97378778e+00 -8.36338639e-01  2.09948444e+01  1.15144825e+01
  3.33125544e+00  1.00947437e+01  1.48450403e+01  5.82141447e+00
  2.04494953e+01  1.55831695e+00  1.33978243e+01  8.45896530e+00
  5.68398666e+00  4.06633806e+00  6.50153494e+00  1.73218975e+01
  8.30521679e+00  8.56989956e+00  1.71721053e+00  1.32083712e+01
  1.91458225e+01  5.35911608e+00  1.39985619e+01  1.40203171e+01
  3.40611458e+00 -2.94615805e-01  1.12094021e+01  1.27987242e+01
  8.80613899e+00  3.79577255e+01  4.20408154e+00  1.05449476e+01
  1.45106735e+01  1.01737919e+01  1.47591839e+01  7.02557564e+00
  7.22379494e+00  4.20526075e+00  4.25499773e+00  4.12906933e+00
  5.09958935e+00  6.87381697e+00  1.60049992e+01  1.67601395e+01
  1.74925251e+01  6.86305189e+00  3.14653454e+01  1.30683641e+01
  3.33616352e+00  9.98124886e+00  1.38457470e+01 -9.58951771e-01
  1.72583218e+01  1.55191908e+01  2.98858891e+01  3.98824081e+01
  8.40230942e+00  1.88169212e+01  1.24005079e+01  3.66030693e+00
  1.03024015e+01  5.25212622e+00  8.98535156e+00  8.92555904e+00
  1.28655691e+01  9.90845776e+00  1.40459194e+01  7.43769503e+00
  6.80246067e+00  3.23855829e+00  1.80845032e+01  2.38956451e+01
  1.59842148e+01  1.14114647e+01  7.47457027e+00  1.02253437e+01
 -9.11178231e-01  4.76490593e+00  1.83018169e+01  2.06593299e+00
  1.44295206e+01  2.45313797e+01  3.15546093e+01  8.74169731e+00
  3.66055679e+00 -3.26881021e-01  2.96791172e+00 -8.35167527e-01
  1.20691270e-01 -4.24734068e+00  3.21127777e+01  1.08640718e+01
  2.18193746e+00  1.28295126e+01  1.52783737e+01  9.26408195e+00
  1.59019060e+01  2.51988525e+01  1.20096083e+01  6.32645321e+00
  2.85762138e+01 -6.13731575e+00 -7.12691903e-01  2.24295616e+01
  1.46320972e+01  4.57607269e+00  4.81147194e+00  1.01154985e+01
  6.10233927e+00  1.78049011e+01  1.67913570e+01  2.31710815e+01
  1.52961788e+01  2.60145664e+01  2.60726719e+01  1.43867121e+01
  1.26201982e+01  1.22611160e+01  3.74609160e+00 -3.06336761e+00
  1.14390755e+01  1.68716621e+01  5.86999321e+00  6.50323009e+00
  5.98798847e+00  5.27343702e+00  3.25767612e+00  1.33083878e+01
  2.51680660e+00  6.53674984e+00  9.84905624e+00  1.47618876e+01
  2.07202148e+01  6.57914019e+00  1.18015890e+01  1.56924286e+01
  1.02370958e+01 -1.13980460e+00 -2.52698851e+00  1.31423960e+01
  2.02572041e+01  7.37717676e+00  1.19367123e+01  1.22738514e+01
  8.45767879e+00  4.88386726e+00  1.32193441e+01  2.19420090e+01
  3.49632335e+00  5.75348377e+00  4.68648338e+00  1.35273476e+01
  1.97455859e+00  1.49632368e+01  3.07072330e+00  1.50012283e+01
  4.74284792e+00  1.80577240e+01  1.60165386e+01  4.08119965e+00
  7.40561128e-01  1.37709532e+01  2.03526764e+01  9.74172497e+00
  1.25038843e+01  1.15285559e+01  1.12602930e+01  4.11111786e+02
 -1.71188295e+00  6.63657284e+00  1.00874453e+01  1.01026373e+01
  2.13111553e+01  1.66158733e+01  4.84844923e+00  1.92170448e+01
 -1.41186118e-01  7.45654345e+00  1.54508696e+01  1.81840191e+01
  1.14331903e+01  5.15442753e+00 -3.97067833e+00  1.03487453e+01
  1.15702610e+01  7.70925665e+00  1.07655392e+01  9.76116753e+00
  2.04455833e+01  1.24964404e+00  2.11518784e+01  8.35972500e+00
  9.64155102e+00  1.01598291e+01  2.19476166e+01  3.64334512e+00
  1.15745134e+01  1.49463902e+01  1.92159824e+01  8.18843269e+00
 -1.17352736e+00  2.95693111e+00  1.75175800e+01  3.93154120e+00
  2.88849330e+00  1.10848122e+01  1.04572659e+01  1.29140739e+01
  1.49727316e+01  9.35834026e+00  1.79085140e+01  6.40737355e-01
  1.55922012e+01  1.28706121e+01  1.59479856e+01  9.45089722e+00
  2.00737019e+01  5.65092516e+00  4.59223175e+00  2.02030582e+01
  1.49558325e+01  3.39251208e+00  1.50518627e+01  1.13433380e+01
  2.07888470e+01  9.59849930e+00  1.43815546e+01  2.28298321e+01
  2.01137199e+01  1.33168344e+01  1.63903561e+01  1.87662010e+01
  3.53231468e+01  1.63345566e+01  1.80439587e+01  4.19684982e+00
  1.33629436e+01  1.17197428e+01  2.17876983e+00  1.55257072e+01
  6.61809587e+00  5.41859293e+00  5.79841757e+00  6.80464458e+00
  1.77679596e+01  1.65000191e+01  2.01631584e+01  2.04714355e+01
  1.18567963e+01  2.83442783e+01  1.99959259e+01  1.24160213e+01
  1.92531109e+01  1.02593040e+01  2.36176357e+01  1.15668430e+01
  9.65689087e+00  2.65811176e+01  1.41360569e+01  8.34395981e+00
  1.00380936e+01  8.25346184e+00  1.10953493e+01  7.80045891e+00
  6.38049698e+00  6.76845121e+00  1.40682831e+01  2.52101111e+00
  2.80148811e+01  2.25929661e+01  6.78554106e+00  1.12995968e+01
  8.00567818e+00  9.49835396e+00  2.80150986e+00  9.31677628e+00
  1.81438789e+01  1.35026560e+01  9.12957764e+00  5.98689413e+00
 -6.64581919e+00  1.48327484e+01  1.36344233e+01  1.82018795e+01
  7.70223951e+00  1.71776543e+01  1.12417593e+01  1.28809137e+01
 -2.78033853e+00  8.11890602e+00  3.10147429e+00  9.03053570e+00
  8.50081348e+00  6.64842081e+00  4.88814259e+00  1.53255482e+01
  7.61835527e+00  1.77974644e+01  3.07650757e+01  8.04519176e+00
  1.00630245e+01  1.54971924e+01  4.04969788e+00  5.68362188e+00
  2.41531467e+01  8.30962563e+00  8.93312836e+00  6.63347673e+00
  1.45299368e+01  1.42102814e+01  8.50169659e+00  1.51450050e+00
  1.20975304e+01  1.29228802e+01  7.17071819e+00  4.62871218e+00
  9.37813473e+00  3.03179717e+00  1.63064480e+01  7.71981812e+00
  1.59705234e+00  1.51972446e+01  1.33684492e+01  5.88503504e+00
  3.07602429e+00  6.15651369e+00  6.13556814e+00  2.04349556e+01
 -3.88685167e-02  6.81557226e+00  1.66312695e+01  5.80338669e+00
  2.38918743e+01  5.05882311e+00  9.76844215e+00  7.59238529e+00
  1.03734903e+01  2.63673134e+01  8.61796379e+00  1.22414942e+01
  1.49495196e+00  9.48257828e+00  1.42388020e+01  8.28711510e+00
  1.59961491e+01  1.62863007e+01  1.07978134e+01  5.44153547e+00
  1.91632462e+01  1.54515963e+01  2.39069157e+01  1.41024218e+01
  4.62624216e+00  1.27954798e+01  7.58772516e+00 -1.65689027e+00
  7.43390989e+00 -1.71308428e-01  1.62522346e-01  1.49058666e+01
  1.01607952e+01  1.31535454e+01  3.95683336e+00  7.52850485e+00
  1.62693195e+01  1.77114182e+01 -1.77312112e+00 -5.42129135e+00
  1.95649414e+01  1.12449799e+01  1.24301167e+01  1.10263996e+01
  8.64416027e+00 -7.76103258e-01  4.01611376e+00  1.42712030e+01
  1.69837666e+01  2.10299549e+01  4.74778986e+00  1.38035595e+00
  1.68086967e+01 -4.91335201e+00  2.08684273e+01  1.77159576e+01
  8.30552483e+00  1.46926565e+01  9.12185287e+00 -1.03832054e+00
  3.90999484e+00 -2.96581721e+00  1.03433418e+01  1.18910828e+01
  1.81985474e+01  8.53407764e+00  1.85742378e+01  1.28976688e+01
  6.01546860e+00  1.69094734e+01  1.49877872e+01  4.64526463e+00
  6.73757982e+00  1.72856655e+01  1.98797054e+01  6.11894321e+00
  1.55259552e+01  9.48108292e+00  1.56673021e+01  5.50965738e+00
  9.62956524e+00 -3.96912360e+00  4.49584335e-01  9.29320145e+00
  1.80843010e+01  1.35344028e+01  7.88655090e+00  6.74347401e+00
  2.87759819e+01  1.76734276e+01  2.01444511e+01  1.92572422e+01
  1.36083040e+01  1.50719929e+01  2.44642792e+01  4.52407360e+00
  9.57339764e+00  7.35393953e+00 -7.20413774e-02  1.51173706e+01
  1.24720964e+01  5.98420668e+00  2.99818954e+01  6.67549133e+00
  1.39071207e+01 -4.96363580e-01  1.58776283e+00  1.45099964e+01
  2.24669209e+01  4.05635738e+00  1.78838596e+01 -3.04171753e+00
  2.57692776e+01  8.56871700e+00  2.18164673e+01  2.32543230e+00
  8.11046314e+00 -2.53178883e+00  1.96312428e+01  5.46473932e+00
  4.05876541e+00  1.05327606e+01  4.73134518e+00  4.20325518e+00
  5.35017061e+00  3.31193237e+01  1.36696596e+01  3.15147171e+01
  4.70245600e+00  3.00623250e+00  3.17135906e+01  7.28575611e+00
  7.45144796e+00  9.94440019e-01  7.56734467e+00  1.39877253e+01
  7.42116022e+00  2.63101273e+01  8.38688374e+00  8.29749107e+00
  1.91016273e+01  2.46262856e+01  8.01807976e+00  7.79650640e+00
  1.63076172e+01 -2.94325852e+00  2.10749397e+01  7.48267078e+00
  6.54898119e+00  1.35463727e+00 -2.95454383e+00  2.43801632e+01
  1.62712612e+01  7.37178278e+00  6.80004406e+00  1.56130733e+01
  1.81033096e+01  2.62491245e+01  1.53588276e+01  6.46336985e+00
  2.16346121e+00 -2.71343422e+00  1.52451792e+01  2.32763863e+00
  1.76553917e+01  7.07921934e+00  2.72918010e+00  1.82054245e+00
  7.45678473e+00  8.90376377e+00  2.41106750e+02  3.40717459e+00
  1.64699535e+01  2.11268349e+01  1.51913490e+01  8.14496422e+00
  1.17460632e+01  2.55523739e+01  5.15259647e+00  1.52388697e+01
  1.39496565e+01  3.00132694e+01  1.27716284e+01 -2.06728053e+00
  3.59557128e+00  8.51653767e+00  1.25419350e+01  1.57732544e+01
  2.24922295e+01  9.25292969e+00  5.29524899e+00  2.57538376e+01
  9.90476227e+00  7.21772242e+00  2.69057417e+00  2.47853470e+00
  1.09561710e+01  2.62101078e+01  2.67434978e+00  8.36960125e+00
  9.69057846e+00  6.04911709e+00  1.15903845e+01  2.02764397e+01
  1.01591129e+01  5.91569138e+00  1.08164215e+01  1.56453667e+01
  1.81473064e+01  1.40667601e+01  7.36266565e+00  1.62243881e+01
  2.19022141e+01  4.97240448e+00  8.06005192e+00  1.21617413e+01
  1.38165560e+01  1.54177637e+01  1.06173000e+01  1.00349960e+01
  2.01746368e+00  2.31181240e+00  1.46547165e+01  6.12218571e+00
  1.30475473e+01  1.23663006e+01  3.58453202e+00  1.78545074e+01
  5.35403347e+00  5.08745480e+00  7.16214132e+00  1.87828884e+01
  2.28648720e+01 -4.23338461e+00  1.21049805e+01  1.90501060e+01
  2.89545193e+01  1.38805475e+01  1.37579241e+01  1.28464336e+01
  6.73069239e+00  1.24108896e+01  5.44967461e+00  1.07089758e+01
  2.01220207e+01  1.51144266e+01  7.20749760e+00  1.31191874e+01
  5.47075272e+00  1.53323660e+01  4.28999901e+00  3.77068062e+01
  9.57136154e+00  1.05459671e+01 -2.58904243e+00 -1.59395576e+00
  1.30359745e+01  1.06172171e+01  1.85450292e+00  9.83571720e+00
  1.05648909e+01  6.56075382e+00  9.68690777e+00  1.14043093e+01
  3.21702528e+00  1.04609051e+01  1.36514502e+01  1.92009068e+01
  1.75361176e+01  1.00386667e+01  2.57177792e+01  6.19926596e+00
  1.30004683e+01  5.80639410e+00  1.39835663e+01  1.53634844e+01
  1.13450871e+01  7.60439587e+00  1.17944651e+01  1.74990833e+00
  1.88495579e+01  6.15344381e+00  2.75678310e+01  1.22203655e+01
  2.28300343e+01  7.15228224e+00  1.23273125e+01  1.23297739e+01
  3.11437740e+01  1.78344574e+01  1.39191704e+01  4.08652163e+00
  2.09742203e+01  1.26449919e+01  8.01366806e+00  1.07002926e+01
  5.26094675e+00  1.73578205e+01  2.55454159e+01  1.33329945e+01
  1.22473297e+01  6.68126011e+00 -3.23279619e+00  1.18161001e+01
  2.26661034e+01 -5.55194974e-01  1.01200314e+01  2.95560188e+01
  6.39122903e-01  8.02942753e+00  2.55311537e+00  1.27115211e+01
  2.13880711e+01  1.05163336e+01  4.77088356e+00  2.92446613e+01
  1.20437126e+01  2.60132999e+01  4.59035921e+00  1.05970678e+01
  2.09629860e+01  4.12266254e+00  1.22015648e+01  1.16575975e+01
  1.39850779e+01  1.84721832e+01 -3.97537738e-01  3.53713608e+00
  9.60516548e+00  9.12667656e+00  1.21083946e+01  1.40089035e+00
  2.61520443e+01  8.37178612e+00  1.56279240e+01  1.01533403e+01
  7.72636652e+00  1.08205805e+01  2.23748569e+01  1.52937298e+01
  8.72933292e+00  1.01910601e+01  1.25868053e+01  1.48411789e+01
  1.77910366e+01  9.80394745e+00  6.84997702e+00 -2.42148995e+00
  4.87028694e+00  7.25432539e+00  2.94988108e+00 -3.98166323e+00
  1.61093369e+01  3.12626338e+00  2.47063026e+01  2.21019840e+01
  2.53290310e+01  1.77127228e+01  2.72481704e+00 -3.35627317e+00
  6.35166264e+00  1.96318302e+01  1.19021969e+01  9.20674801e+00
  4.11253738e+00  9.93292141e+00  1.10129681e+01  4.51447535e+00
  1.85570164e+01  2.65349655e+01  2.26886482e+01  2.10499316e-01
  1.51394053e+01  1.52295036e+01  3.67755623e+01  1.61449776e+01
  5.40357494e+00  9.93313980e+00  6.33682537e+00  1.78098240e+01
  3.17749810e+00  6.05496979e+00  2.79223180e+00  1.29208260e+01
  1.98652992e+01  3.14196372e+00  3.03732300e+00  2.20879974e+01
 -6.44397974e+00  8.18902779e+00  8.02968788e+00  1.73456554e+01
  9.10827732e+00  1.49949837e+01  8.01886177e+00  4.94020033e+00
  2.08201389e+01  1.65162716e+01  2.03723526e+01  7.75257111e+00
  5.84025717e+00  8.77433205e+00  1.90621872e+01  1.90120335e+01
  1.59598804e+00  8.61281204e+00  1.89236755e+01  1.50563126e+01
  1.82326794e+01  1.13042974e+01  2.85940266e+00  1.24122105e+01
  7.76770878e+00  9.96470165e+00  1.73034668e+01  4.18982077e+00
  1.15477514e+01  9.22310162e+00  6.83912563e+00  5.81927824e+00
  1.31421738e+01  6.49142861e-02  5.98563147e+00  2.53705807e+01
  6.28703833e+00 -2.88324928e+00  6.03067255e+00  1.59187431e+01
  9.02798367e+00  1.48952875e+01  4.29996586e+00  1.88217335e+01
  9.65472317e+00  8.57304096e+00  9.57460976e+00  9.97443104e+00
  1.71051579e+01  2.62285480e+01  3.08380818e+00  1.13418064e+01
  6.92760897e+00  1.97948380e+01  1.01756344e+01  7.17451859e+00
  1.63606281e+01  4.14264202e+00  1.06641941e+01  8.81386089e+00
  2.36221066e+01  7.02636814e+00  1.04997444e+01  5.35879707e+00
  4.16291046e+00  1.40260649e+01  9.30812120e-01  8.19104385e+00
  6.71674490e-01  9.00232697e+00 -6.72525406e+00  1.26346474e+01
  1.36530151e+01 -6.67738914e-02  1.18322163e+01  1.51613979e+01
  5.12519789e+00  1.16387386e+01  7.87294054e+00  7.61878443e+00
  1.09403000e+01  1.19691467e+00  1.60979538e+01  1.54276752e+01
 -3.47515345e+00  1.62092285e+01  1.17938290e+01  9.48828697e+00
  7.98132753e+00  1.47087069e+01  2.31308060e+01  6.66664314e+00
  1.31254740e+01  1.31400423e+01  3.73396826e+00  4.86119092e-01
  1.51836853e+01  3.01378269e+01  3.39682913e+00  1.64899330e+01
  4.60576820e+00  1.89130783e-01  2.05781794e+00  1.12293367e+01
  4.44612741e+00  1.82273617e+01  9.54742241e+00  1.62940273e+01
  1.81786823e+00  9.32388783e+00  1.83199921e+01  2.20919437e+01
  2.92494750e+00  7.13107681e+00  1.35364304e+01  7.38306427e+00
  1.08449621e+01  2.91377139e+00  9.51875496e+00  1.08705263e+01
  3.00298905e+00  2.80343843e+00  1.48129282e+01  5.96275902e+00
  5.05922174e+00  5.90772820e+00  8.89651775e+00  5.92966270e+00
  1.43532839e+01  2.58628044e+01  1.05228195e+01  1.24728403e+01
  5.17465639e+00  1.71454849e+01  1.03644857e+01  1.00744467e+01
  2.61140633e+00  8.16693211e+00  6.93358719e-01  3.93888092e+00
  4.15134335e+00  5.42030668e+00  1.05227556e+01  2.39516392e-01
  6.75842571e+00  1.28784037e+01  1.00684538e+01  8.09883404e+00
  5.27473211e+00  4.44003391e+00  1.14202061e+01  1.21148739e+01
  1.81353245e+01  1.82902718e+01  1.32819910e+01 -7.54576588e+00
  5.84101439e+00  2.00454845e+01  1.22532330e+01  1.52221346e+01
  2.09013119e+01  2.02705326e+01  1.35508251e+01  3.94374347e+00
  4.15226603e+00  1.04757805e+01  1.42704487e+01  1.73176403e+01
  7.20417309e+00  5.77188206e+00  1.12491922e+01 -1.71964717e+00
  1.14566946e+01  9.26289654e+00  1.19024448e+01  1.07267914e+01
  8.11602306e+00  1.22096691e+01  2.57693815e+00  1.81431866e+01
  8.87291908e+00  1.33226900e+01 -3.32098961e+00 -4.68630171e+00
  4.02119827e+00  1.78713379e+01  4.89125681e+00  1.18074999e+01
  1.73842030e+01  6.88760185e+00 -2.26565093e-01  2.32793999e+00
  1.08285618e+01  1.10218220e+01  5.58116817e+00  1.11216097e+01
  1.10352001e+01  2.06646115e-01  1.13784571e+01  8.19660950e+00
  6.37617683e+00  2.72644558e+01  2.60884342e+01  6.54440045e-01
  2.83288860e+00  9.11835575e+00  1.37625141e+01  1.71343307e+01
  2.87310944e+01  7.03827286e+00  1.18064194e+01 -1.27498031e-01
  1.38713608e+01  1.82773266e+01  1.01927118e+01  3.75338405e-01
  8.72172642e+00  1.64858627e+01 -7.02500439e+00  3.44959450e+00
  3.93692589e+00  1.77881889e+01  1.17851286e+01  1.32189026e+01
  1.00128965e+01  6.29748344e+00  1.34800053e+01  8.30315304e+00
  9.04992199e+00  1.21399651e+01  5.38819504e+00  1.58477249e+01
  1.30782042e+01  6.09053278e+00  4.75664282e+00  2.08825817e+01
  7.46051967e-01 -1.04010820e+00  5.54033899e+00  7.22711277e+00
  1.53825045e+01  7.24566364e+00  1.79719677e+01  1.86634274e+01
  9.77033901e+00  4.30841017e+00  8.54327106e+00  6.48127937e+00
  9.41750431e+00  1.11026802e+01  1.84407055e+00  2.07601280e+01
  1.82544403e+01  4.83591127e+00  2.93385925e+01  1.39157276e+01
  9.14783573e+00  2.44178791e+01  6.66937160e+00  1.07643642e+01
  8.17093754e+00  3.97641206e+00  7.07268238e+00  1.53027945e+01
  6.16152668e+00  1.50651693e+01  1.39574966e+01  1.58605509e+01
  1.08892708e+01  2.88127460e+01 -3.61598909e-01  2.17435455e+01
  7.38203955e+00  1.51662598e+01  4.89708996e+00  4.25953007e+00
  1.58139849e+01  1.68940010e+01  1.30928335e+01  1.60187416e+01
  2.74017353e+01  2.56940994e+01  7.71299744e+00  2.42069569e+01
  1.02839346e+01  5.83711767e+00  1.11358604e+01  9.74122238e+00
  2.92550392e+01  2.18762932e+01  1.93840141e+01  1.44607191e+01
  1.16477575e+01  1.01125679e+01  3.16612244e+00  2.45663338e+01
  6.92835522e+00  1.24401512e+01  1.00316000e+01  2.67960000e+00
  1.38878167e+00  2.99775505e+00  1.44007673e+01  6.48063660e+00
  1.37913742e+01  8.14494705e+00  2.05666199e+01  1.63316860e+01
  7.72049236e+00  1.02985830e+01  1.24610949e+01  1.54692917e+01
  5.51012087e+00 -3.19368029e+00  6.78046989e+00  6.80888414e-01
  6.16569757e-01  6.72581625e+00  9.12954235e+00  1.26016340e+01
  1.67870617e+01  1.94749966e+01  8.77233601e+00  2.22594414e+01
  1.65304890e+01 -5.25357723e+00  1.33127699e+01  2.27334423e+01
  3.07822723e+01  5.32668304e+00  7.02696466e+00  7.88451815e+00
  7.33121204e+00  1.98818111e+01  4.73532295e+00  3.03113294e+00
  1.85602264e+01  1.81288433e+01  8.49937379e-01  1.47455168e+01
  4.88848114e+00  1.43083897e+01  2.26979885e+01  9.02836037e+00
  6.09755278e+00  4.77614737e+00  1.55341034e+01  7.31296015e+00
  2.22520328e+00  7.91807938e+00  5.17823696e+00  1.84378719e+01
  1.64972897e+01  1.48255558e+01  5.14372921e+00  1.79152737e+01
  3.28174329e+00  1.73425446e+01  1.57836943e+01  2.41699219e+01
 -2.61573219e+00 -4.67360318e-01  1.17757320e+01  1.90731220e+01
  1.87999463e+00  9.07690144e+00  2.46597886e+00 -1.93715334e+00
  1.31316891e+01  4.71887970e+00  3.93365550e+00  1.45432491e+01
  1.31412954e+01  1.91555157e+01  7.77619886e+00  1.16423349e+01
  1.30834894e+01  6.55983734e+00  1.60955505e+01  1.52724199e+01
  1.31055117e+01  1.50116425e+01  7.73377419e+00 -9.81091738e-01
  2.41605549e+01  8.35618973e+00 -3.33012271e+00  1.25850620e+01
  1.04931755e+01  1.15874557e+01  2.25779972e+01  9.12219429e+00
  1.03431997e+01  1.71256599e+01  1.68440952e+01  4.42518950e-01
  7.55853462e+00  2.17443333e+01  9.44525051e+00  6.41754580e+00
  1.18422279e+01  1.56756849e+01  6.27055454e+00  8.00530910e+00
  6.51180029e+00  1.89326119e+00  8.77396107e+00  1.99590397e+01
  7.63747978e+00  1.08762503e+01  2.28945751e+01  1.60652714e+01
  3.05930257e+00  1.68934453e+00  1.40483499e+00  5.53196430e+00
  1.82216454e+01  1.68816566e+01  1.89139919e+01  1.60316238e+01
  1.03453217e+01  2.47091370e+01  8.95641708e+00  2.35754514e+00
  3.77353764e+00  1.54920006e+01  7.74062681e+00  1.47339468e+01
  2.57891083e+00  1.34342670e+01  2.18889904e+01  1.39832163e+01
 -4.41919947e+00  1.06827612e+01  1.50232315e+01  1.08334436e+01
  1.51107483e+01  7.35139084e+00  6.07451248e+00  9.60636795e-01
  8.22934532e+00  8.81873131e+00 -1.93755412e+00  4.30314159e+00
  2.26134415e+01  2.37426872e+01  1.70570183e+01  2.54817295e+01
  1.19555912e+01  8.23094559e+00  1.23069849e+01  1.34228821e+01
 -3.27293038e+00  4.80387068e+00  5.70218515e+00  4.82261181e-01
  1.14880095e+01  9.84299278e+00  7.33405399e+00  1.05378494e+01
  1.59685445e+00  1.19474030e+01  2.54909229e+01  6.38958788e+00
  3.05204792e+01  7.48855066e+00  1.50031385e+01  6.58331776e+00
  2.29380560e+00  5.24320304e-02  1.52870302e+01  7.81665373e+00
  9.42688656e+00  1.91356697e+01  4.24058008e+00  5.56414080e+00
  1.38015299e+01  2.26216431e+01  7.64230061e+00  2.37854404e+01
  1.02087059e+01  8.69457054e+00  1.22157564e+01  6.73854780e+00
  2.42579765e+01  8.21659374e+00  6.99475431e+00  1.45496197e+01
  1.14589262e+01  1.60788879e+01  1.40777178e+01  1.13384914e+01
  1.01088161e+01  1.07281408e+01  1.39493265e+01  1.83213158e+01
  2.03792286e+01  1.36972580e+01  1.66752398e+00  1.27588940e+01
  2.69075298e+00 -3.56517243e+00  1.63303261e+01  3.32038689e+00
 -8.39623213e-02  1.94049397e+01  1.55708561e+01  1.73485699e+01
  2.42054224e+00  1.96995525e+01  8.89305782e+00  1.11580610e+01
  6.55982447e+00 -6.99442482e+00  1.08290634e+01  1.29224997e+01
  9.95048141e+00  5.59926033e+00  9.00088310e+00  2.57352657e+01
  7.00451088e+00  5.48353243e+00  4.94169092e+00  9.23363209e+00
  2.06975040e+01  2.15345650e+01  8.07140923e+00  1.07672443e+01
  5.65559292e+00  5.81926250e+00  1.65802288e+01  1.32015610e+01
  2.37165508e+01  2.81336651e+01  3.64497042e+00  8.54284859e+00
 -6.12985563e+00  5.62269068e+00  9.60381603e+00  2.14852543e+01
  5.56818008e+00  5.44863224e+00  1.84751129e+01  1.96354637e+01
  1.57680445e+01  1.43220091e+01  2.09698105e+01 -7.82278657e-01
  9.25393677e+00  6.58025408e+00  1.67935104e+01  6.89973211e+00
  2.33599968e+01  5.85355473e+00  8.59989452e+00 -9.35853481e-01
  1.44121313e+01 -1.13708568e+00  1.13309412e+01  4.67122316e+00
  1.24072552e+01  1.32272930e+01  8.73591614e+00 -1.88046324e+00
  1.10663500e+01  1.58528233e+01  1.43550816e+01  1.49125690e+01
  3.23420763e+00  6.74549246e+00  2.18495102e+01  1.83365691e+00
  2.49034195e+01  4.94399452e+00  1.24048252e+01  7.70188236e+00
  1.45662079e+01 -3.13131046e+00 -8.24373484e-01  5.73963594e+00
 -2.82479572e+00  3.11074829e+00  3.78122878e+00  4.12612319e-01
  1.54051914e+01  8.54172039e+00  1.13957615e+01  1.31023455e+01
  1.11106968e+00  1.01515160e+01  8.42163849e+00  8.52989674e+00
 -3.53932929e+00  1.00725145e+01  1.20003166e+01 -4.43833542e+00
  2.12557564e+01  6.11148977e+00  1.48602695e+01  1.65252857e+01
  1.76818619e+01  1.00845137e+01  7.15782928e+00  6.71517754e+00
  7.97486210e+00  4.24958515e+00  1.27127485e+01  2.25450478e+01
  7.96917725e+00  1.74424324e+01  1.31310329e+01  1.01675196e+01
 -1.05474389e+00  1.08226109e+00  7.30742168e+00  2.65785255e+01
  2.24796200e+00  4.54549170e+00  4.21116114e+00  2.11827717e+01
  1.62651997e+01  1.19618359e+01  9.30204105e+00  6.19139957e+00
  8.95071411e+00  3.25338507e+00  1.07845173e+01  9.10890675e+00
  6.99721527e+00  4.79157257e+00 -2.30112076e+00  1.30339422e+01
  1.97333145e+01  7.41913271e+00  1.73221512e+01  6.49468613e+00
  1.47788229e+01  3.71520591e+00  2.96998444e+01  3.35398245e+00
  1.83585186e+01  4.88135815e+00  9.98431921e-01  9.97565365e+00
  8.72554398e+00  1.19124050e+01  6.81112289e+00  2.57511654e+01
  9.44215870e+00  8.86787701e+00  1.10386009e+01  1.37752151e+01
  6.01285648e+00  1.75607815e+01  2.88371162e+01  5.91317356e-01
  2.50566654e+01  2.11848998e+00 -3.31859350e+00  1.03076553e+01
  7.23909092e+00  1.24548531e+01  1.10932379e+01  1.03848114e+01
  1.05237293e+01 -2.24096966e+00  2.56479406e+00  1.10109396e+01
  1.23676834e+01  1.22668419e+01  1.58955321e-01  5.55757999e+00
  3.47206020e+00  7.73649693e+00  1.29373274e+01  3.88949966e+01
  2.32676649e+00  9.42134953e+00  1.43956518e+01  1.79201245e-01
  6.69266605e+00  2.09016933e+01  1.83029137e+01  3.09987760e+00
  6.49577045e+00  8.62096214e+00 -1.62372613e+00  7.75257492e+00
  1.88569241e+01  7.92411852e+00  1.75968285e+01  5.47169924e+00
  1.53132334e+01  1.96415882e+01  5.31069565e+00  1.59332457e+01
  1.11624146e+01  1.08561163e+01  3.48587704e+00  2.46799350e+00
  2.92972684e-01 -4.26458836e+00  3.12846184e+00  7.18116474e+00
  1.40423965e+01  4.91931725e+00  1.41539946e+01  5.92203808e+00
  1.12637024e+01 -9.36829865e-01 -4.19396591e+00  2.20194454e+01
  3.96430469e+00  7.27435160e+00 -1.34432745e+00  2.21570625e+01
  1.24824295e+01  1.84503593e+01  4.21622849e+00  7.08627272e+00
  2.03299732e+01  8.68673706e+00  1.45190277e+01  1.12265368e+01
  7.75451517e+00  8.53648853e+00  4.20557880e+00  3.19409561e+00
  1.45028591e+01  7.71274853e+00  4.24880695e+00  1.86496410e+01
  1.38459558e+01  4.94765234e+00  8.01487541e+00  3.20979614e+01
  1.91811829e+01  2.36837654e+01  2.00237827e+01  2.11933155e+01
  1.10182352e+01  2.79316730e+01  6.54425383e-01  6.79140520e+00
  6.37571430e+00  2.58326912e+00  2.18166694e-01  4.42017174e+00
  9.21936226e+00  8.37393570e+00 -1.48973668e+00 -3.10439873e+00
  1.00672588e+01  1.82449226e+01  6.78179693e+00  2.31740046e+00
  2.12783356e+01  2.34823475e+01  2.16136837e+01  5.31339788e+00
  1.64531269e+01  1.50825090e+01  7.71193123e+00  3.34493136e+00
  9.68572235e+00  5.13890123e+00  1.54467421e+01  1.70196991e+01
  6.03963184e+00  1.50908670e+01  6.72908688e+00  5.83554411e+00
  1.19442358e+01  7.81322622e+00  1.70802307e+01  5.99142504e+00
  6.46501017e+00  2.05697203e+00  1.04476337e+01  1.12929443e+02
  7.58196020e+00  1.24178247e+01  8.28158855e+00  1.27307835e+01
  1.48192081e+01  5.02104521e+00  2.18978500e+01  1.88185863e+01
  9.28841972e+00  2.46626091e+01  1.14323635e+01  5.47341204e+00
  1.01093607e+01  1.35214815e+01  1.79479942e+01  6.35346889e+00
  2.32786560e+01  1.50639753e+01  6.58379793e+00  1.25302172e+01
  1.43201666e+01  4.05969000e+00  6.67804432e+00  1.49289608e+01
  4.92394733e+00  2.05868416e+01  1.36078491e+01  1.35475702e+01
  2.85233521e+00  1.31046028e+01  1.01223583e+01  7.15241718e+00
  1.50447712e+01  7.79211521e+00  1.18506374e+01  4.47760820e+00
  6.29970074e+00  1.50145617e+01  3.47332335e+00  3.99601269e+00
 -5.74012470e+00 -1.12763846e+00  2.23825798e+01  1.16844692e+01
  1.56325734e+00  1.04903173e+01  1.58307972e+01  5.87324476e+00
  2.15587654e+01  1.57914615e+00  1.38137808e+01  6.62572050e+00
  4.30207682e+00  6.65220070e+00  5.28553152e+00  1.74971066e+01
  1.00903502e+01  5.62960672e+00  1.71325338e+00  1.30703869e+01
  1.68742046e+01  4.88841438e+00  1.44097357e+01  1.49303322e+01
  2.78569603e+00 -1.26635170e+00  1.15334930e+01  1.21377344e+01
  7.73151875e+00  3.58189735e+01  1.39481974e+00  1.28280096e+01
  1.26951952e+01  1.40488682e+01  1.47870331e+01  7.02557564e+00
  7.13174248e+00  5.06625795e+00  2.67208815e+00  2.94320774e+00
  6.50798082e+00  5.77102280e+00  1.83464298e+01  1.74152279e+01
  1.69697609e+01  3.85134315e+00  2.63022442e+01  1.10307665e+01
  2.61644959e+00  9.42307091e+00  9.87169933e+00 -9.64100361e-01
  1.64622955e+01  1.38667307e+01  2.78964653e+01  4.24812431e+01
  7.04595280e+00  1.83634071e+01  8.10260963e+00  2.27544117e+00
  1.11083412e+01  3.17667913e+00  8.21787071e+00  8.55244064e+00
  1.07024202e+01  9.90845776e+00  1.46607790e+01  7.35026312e+00
  7.14326954e+00  5.18472719e+00  1.63721313e+01  2.29510174e+01
  1.69941120e+01  1.11399412e+01  6.48007011e+00  9.76572704e+00
 -2.02423072e+00  1.00343275e+00  1.82448521e+01  9.11338925e-01
  1.63015862e+01  2.44998550e+01  3.06273251e+01  1.08545504e+01
  3.47303963e+00 -1.16723204e+00  4.55264568e+00 -3.42851925e+00
 -1.36267424e+00 -4.08737230e+00  3.23868523e+01  9.29885387e+00
  1.10329568e+00  1.44595470e+01  1.41250200e+01  9.75118160e+00
  1.77911930e+01  2.62862740e+01  1.33547039e+01  5.07165575e+00
  2.35728073e+01 -8.61355305e+00 -3.30260873e+00  2.21085415e+01
  1.52543097e+01  7.13602877e+00  2.40987039e+00  8.26737404e+00
  6.40843487e+00  1.85866222e+01  1.82675953e+01  1.89201984e+01
  1.75652981e+01  2.91907978e+01  2.66700554e+01  1.43114452e+01
  9.56000000e-01]
